gps_start,window_index,event_name
1167556608,0,GW170104
1167556608,1,GW170104
1167556608,2,GW170104
1167556608,3,GW170104
1167556608,4,GW170104
1167556608,5,GW170104
1167556608,6,GW170104
1167556608,7,GW170104
1167556608,8,GW170104
1167556608,9,GW170104
1167556608,10,GW170104
1167556608,11,GW170104
1167556608,12,GW170104
1167556608,13,GW170104
1167556608,14,GW170104
1167556608,15,GW170104
1167556608,16,GW170104
1167556608,17,GW170104
1167556608,18,GW170104
1167556608,19,GW170104
1167556608,20,GW170104
1167556608,21,GW170104
1167556608,22,GW170104
1167556608,23,GW170104
1167556608,24,GW170104
1167556608,25,GW170104
1167556608,26,GW170104
1167556608,27,GW170104
1167556608,28,GW170104
1167556608,29,GW170104
1167556608,30,GW170104
1167556608,31,GW170104
1167556608,32,GW170104
1167556608,33,GW170104
1167556608,34,GW170104
1167556608,35,GW170104
1167556608,36,GW170104
1167556608,37,GW170104
1167556608,38,GW170104
1167556608,39,GW170104
1167556608,40,GW170104
1167556608,41,GW170104
1167556608,42,GW170104
1167556608,43,GW170104
1167556608,44,GW170104
1167556608,45,GW170104
1167556608,46,GW170104
1167556608,47,GW170104
1167556608,48,GW170104
1167556608,49,GW170104
1167556608,50,GW170104
1167556608,51,GW170104
1167556608,52,GW170104
1167556608,53,GW170104
1167556608,54,GW170104
1167556608,55,GW170104
1167556608,56,GW170104
1167556608,57,GW170104
1167556608,58,GW170104
1167556608,59,GW170104
1167556608,60,GW170104
1167556608,61,GW170104
1167556608,62,GW170104
1167556608,63,GW170104
1167556608,64,GW170104
1167556608,65,GW170104
1167556608,66,GW170104
1167556608,67,GW170104
1167556608,68,GW170104
1167556608,69,GW170104
1167556608,70,GW170104
1167556608,71,GW170104
1167556608,72,GW170104
1167556608,73,GW170104
1167556608,74,GW170104
1167556608,75,GW170104
1167556608,76,GW170104
1167556608,77,GW170104
1167556608,78,GW170104
1167556608,79,GW170104
1167556608,80,GW170104
1167556608,81,GW170104
1167556608,82,GW170104
1167556608,83,GW170104
1167556608,84,GW170104
1167556608,85,GW170104
1167556608,86,GW170104
1167556608,87,GW170104
1167556608,88,GW170104
1167556608,89,GW170104
1167556608,90,GW170104
1167556608,91,GW170104
1167556608,92,GW170104
1167556608,93,GW170104
1167556608,94,GW170104
1167556608,95,GW170104
1167556608,96,GW170104
1167556608,97,GW170104
1167556608,98,GW170104
1167556608,99,GW170104
1167556608,100,GW170104
1167556608,101,GW170104
1167556608,102,GW170104
1167556608,103,GW170104
1167556608,104,GW170104
1167556608,105,GW170104
1167556608,106,GW170104
1167556608,107,GW170104
1167556608,108,GW170104
1167556608,109,GW170104
1167556608,110,GW170104
1167556608,111,GW170104
1167556608,112,GW170104
1167556608,113,GW170104
1167556608,114,GW170104
1167556608,115,GW170104
1167556608,116,GW170104
1167556608,117,GW170104
1167556608,118,GW170104
1167556608,119,GW170104
1167556608,120,GW170104
1167556608,121,GW170104
1167556608,122,GW170104
1167556608,123,GW170104
1167556608,124,GW170104
1167556608,125,GW170104
1167556608,126,GW170104
1167556608,127,GW170104
1167556608,128,GW170104
1167556608,129,GW170104
1167556608,130,GW170104
1167556608,131,GW170104
1167556608,132,GW170104
1167556608,133,GW170104
1167556608,134,GW170104
1167556608,135,GW170104
1167556608,136,GW170104
1167556608,137,GW170104
1167556608,138,GW170104
1167556608,139,GW170104
1167556608,140,GW170104
1167556608,141,GW170104
1167556608,142,GW170104
1167556608,143,GW170104
1167556608,144,GW170104
1167556608,145,GW170104
1167556608,146,GW170104
1167556608,147,GW170104
1167556608,148,GW170104
1167556608,149,GW170104
1167556608,150,GW170104
1167556608,151,GW170104
1167556608,152,GW170104
1167556608,153,GW170104
1167556608,154,GW170104
1167556608,155,GW170104
1167556608,156,GW170104
1167556608,157,GW170104
1167556608,158,GW170104
1167556608,159,GW170104
1167556608,160,GW170104
1167556608,161,GW170104
1167556608,162,GW170104
1167556608,163,GW170104
1167556608,164,GW170104
1167556608,165,GW170104
1167556608,166,GW170104
1167556608,167,GW170104
1167556608,168,GW170104
1167556608,169,GW170104
1167556608,170,GW170104
1167556608,171,GW170104
1167556608,172,GW170104
1167556608,173,GW170104
1167556608,174,GW170104
1167556608,175,GW170104
1167556608,176,GW170104
1167556608,177,GW170104
1167556608,178,GW170104
1167556608,179,GW170104
1167556608,180,GW170104
1167556608,181,GW170104
1167556608,182,GW170104
1167556608,183,GW170104
1167556608,184,GW170104
1167556608,185,GW170104
1167556608,186,GW170104
1167556608,187,GW170104
1167556608,188,GW170104
1167556608,189,GW170104
1167556608,190,GW170104
1167556608,191,GW170104
1167556608,192,GW170104
1167556608,193,GW170104
1167556608,194,GW170104
1167556608,195,GW170104
1167556608,196,GW170104
1167556608,197,GW170104
1167556608,198,GW170104
1167556608,199,GW170104
1167556608,200,GW170104
1167556608,201,GW170104
1167556608,202,GW170104
1167556608,203,GW170104
1167556608,204,GW170104
1167556608,205,GW170104
1167556608,206,GW170104
1167556608,207,GW170104
1167556608,208,GW170104
1167556608,209,GW170104
1167556608,210,GW170104
1167556608,211,GW170104
1167556608,212,GW170104
1167556608,213,GW170104
1167556608,214,GW170104
1167556608,215,GW170104
1167556608,216,GW170104
1167556608,217,GW170104
1167556608,218,GW170104
1167556608,219,GW170104
1167556608,220,GW170104
1167556608,221,GW170104
1167556608,222,GW170104
1167556608,223,GW170104
1167556608,224,GW170104
1167556608,225,GW170104
1167556608,226,GW170104
1167556608,227,GW170104
1167556608,228,GW170104
1167556608,229,GW170104
1167556608,230,GW170104
1167556608,231,GW170104
1167556608,232,GW170104
1167556608,233,GW170104
1167556608,234,GW170104
1167556608,235,GW170104
1167556608,236,GW170104
1167556608,237,GW170104
1167556608,238,GW170104
1167556608,239,GW170104
1167556608,240,GW170104
1167556608,241,GW170104
1167556608,242,GW170104
1167556608,243,GW170104
1167556608,244,GW170104
1167556608,245,GW170104
1167556608,246,GW170104
1167556608,247,GW170104
1167556608,248,GW170104
1167556608,249,GW170104
1167556608,250,GW170104
1167556608,251,GW170104
1167556608,252,GW170104
1167556608,253,GW170104
1167556608,254,GW170104
1167556608,255,GW170104
1167556608,256,GW170104
1167556608,257,GW170104
1167556608,258,GW170104
1167556608,259,GW170104
1167556608,260,GW170104
1167556608,261,GW170104
1167556608,262,GW170104
1167556608,263,GW170104
1167556608,264,GW170104
1167556608,265,GW170104
1167556608,266,GW170104
1167556608,267,GW170104
1167556608,268,GW170104
1167556608,269,GW170104
1167556608,270,GW170104
1167556608,271,GW170104
1167556608,272,GW170104
1167556608,273,GW170104
1167556608,274,GW170104
1167556608,275,GW170104
1167556608,276,GW170104
1167556608,277,GW170104
1167556608,278,GW170104
1167556608,279,GW170104
1167556608,280,GW170104
1167556608,281,GW170104
1167556608,282,GW170104
1167556608,283,GW170104
1167556608,284,GW170104
1167556608,285,GW170104
1167556608,286,GW170104
1167556608,287,GW170104
1167556608,288,GW170104
1167556608,289,GW170104
1167556608,290,GW170104
1167556608,291,GW170104
1167556608,292,GW170104
1167556608,293,GW170104
1167556608,294,GW170104
1167556608,295,GW170104
1167556608,296,GW170104
1167556608,297,GW170104
1167556608,298,GW170104
1167556608,299,GW170104
1167556608,300,GW170104
1167556608,301,GW170104
1167556608,302,GW170104
1167556608,303,GW170104
1167556608,304,GW170104
1167556608,305,GW170104
1167556608,306,GW170104
1167556608,307,GW170104
1167556608,308,GW170104
1167556608,309,GW170104
1167556608,310,GW170104
1167556608,311,GW170104
1167556608,312,GW170104
1167556608,313,GW170104
1167556608,314,GW170104
1167556608,315,GW170104
1167556608,316,GW170104
1167556608,317,GW170104
1167556608,318,GW170104
1167556608,319,GW170104
1167556608,320,GW170104
1167556608,321,GW170104
1167556608,322,GW170104
1167556608,323,GW170104
1167556608,324,GW170104
1167556608,325,GW170104
1167556608,326,GW170104
1167556608,327,GW170104
1167556608,328,GW170104
1167556608,329,GW170104
1167556608,330,GW170104
1167556608,331,GW170104
1167556608,332,GW170104
1167556608,333,GW170104
1167556608,334,GW170104
1167556608,335,GW170104
1167556608,336,GW170104
1167556608,337,GW170104
1167556608,338,GW170104
1167556608,339,GW170104
1167556608,340,GW170104
1167556608,341,GW170104
1167556608,342,GW170104
1167556608,343,GW170104
1167556608,344,GW170104
1167556608,345,GW170104
1167556608,346,GW170104
1167556608,347,GW170104
1167556608,348,GW170104
1167556608,349,GW170104
1167556608,350,GW170104
1167556608,351,GW170104
1167556608,352,GW170104
1167556608,353,GW170104
1167556608,354,GW170104
1167556608,355,GW170104
1167556608,356,GW170104
1167556608,357,GW170104
1167556608,358,GW170104
1167556608,359,GW170104
1167556608,360,GW170104
1167556608,361,GW170104
1167556608,362,GW170104
1167556608,363,GW170104
1167556608,364,GW170104
1167556608,365,GW170104
1167556608,366,GW170104
1167556608,367,GW170104
1167556608,368,GW170104
1167556608,369,GW170104
1167556608,370,GW170104
1167556608,371,GW170104
1167556608,372,GW170104
1167556608,373,GW170104
1167556608,374,GW170104
1167556608,375,GW170104
1167556608,376,GW170104
1167556608,377,GW170104
1167556608,378,GW170104
1167556608,379,GW170104
1167556608,380,GW170104
1167556608,381,GW170104
1167556608,382,GW170104
1167556608,383,GW170104
1167556608,384,GW170104
1167556608,385,GW170104
1167556608,386,GW170104
1167556608,387,GW170104
1167556608,388,GW170104
1167556608,389,GW170104
1167556608,390,GW170104
1167556608,391,GW170104
1167556608,392,GW170104
1167556608,393,GW170104
1167556608,394,GW170104
1167556608,395,GW170104
1167556608,396,GW170104
1167556608,397,GW170104
1167556608,398,GW170104
1167556608,399,GW170104
1167556608,400,GW170104
1167556608,401,GW170104
1167556608,402,GW170104
1167556608,403,GW170104
1167556608,404,GW170104
1167556608,405,GW170104
1167556608,406,GW170104
1167556608,407,GW170104
1167556608,408,GW170104
1167556608,409,GW170104
1167556608,410,GW170104
1167556608,411,GW170104
1167556608,412,GW170104
1167556608,413,GW170104
1167556608,414,GW170104
1167556608,415,GW170104
1167556608,416,GW170104
1167556608,417,GW170104
1167556608,418,GW170104
1167556608,419,GW170104
1167556608,420,GW170104
1167556608,421,GW170104
1167556608,422,GW170104
1167556608,423,GW170104
1167556608,424,GW170104
1167556608,425,GW170104
1167556608,426,GW170104
1167556608,427,GW170104
1167556608,428,GW170104
1167556608,429,GW170104
1167556608,430,GW170104
1167556608,431,GW170104
1167556608,432,GW170104
1167556608,433,GW170104
1167556608,434,GW170104
1167556608,435,GW170104
1167556608,436,GW170104
1167556608,437,GW170104
1167556608,438,GW170104
1167556608,439,GW170104
1167556608,440,GW170104
1167556608,441,GW170104
1167556608,442,GW170104
1167556608,443,GW170104
1167556608,444,GW170104
1167556608,445,GW170104
1167556608,446,GW170104
1167556608,447,GW170104
1167556608,448,GW170104
1167556608,449,GW170104
1167556608,450,GW170104
1167556608,451,GW170104
1167556608,452,GW170104
1167556608,453,GW170104
1167556608,454,GW170104
1167556608,455,GW170104
1167556608,456,GW170104
1167556608,457,GW170104
1167556608,458,GW170104
1167556608,459,GW170104
1167556608,460,GW170104
1167556608,461,GW170104
1167556608,462,GW170104
1167556608,463,GW170104
1167556608,464,GW170104
1167556608,465,GW170104
1167556608,466,GW170104
1167556608,467,GW170104
1167556608,468,GW170104
1167556608,469,GW170104
1167556608,470,GW170104
1167556608,471,GW170104
1167556608,472,GW170104
1167556608,473,GW170104
1167556608,474,GW170104
1167556608,475,GW170104
1167556608,476,GW170104
1167556608,477,GW170104
1167556608,478,GW170104
1167556608,479,GW170104
1167556608,480,GW170104
1167556608,481,GW170104
1167556608,482,GW170104
1167556608,483,GW170104
1167556608,484,GW170104
1167556608,485,GW170104
1167556608,486,GW170104
1167556608,487,GW170104
1167556608,488,GW170104
1167556608,489,GW170104
1167556608,490,GW170104
1167556608,491,GW170104
1167556608,492,GW170104
1167556608,493,GW170104
1167556608,494,GW170104
1167556608,495,GW170104
1167556608,496,GW170104
1167556608,497,GW170104
1167556608,498,GW170104
1167556608,499,GW170104
1167556608,500,GW170104
1167556608,501,GW170104
1167556608,502,GW170104
1167556608,503,GW170104
1167556608,504,GW170104
1167556608,505,GW170104
1167556608,506,GW170104
1167556608,507,GW170104
1167556608,508,GW170104
1167556608,509,GW170104
1167556608,510,GW170104
1167556608,511,GW170104
1167556608,512,GW170104
1167556608,513,GW170104
1167556608,514,GW170104
1167556608,515,GW170104
1167556608,516,GW170104
1167556608,517,GW170104
1167556608,518,GW170104
1167556608,519,GW170104
1167556608,520,GW170104
1167556608,521,GW170104
1167556608,522,GW170104
1167556608,523,GW170104
1167556608,524,GW170104
1167556608,525,GW170104
1167556608,526,GW170104
1167556608,527,GW170104
1167556608,528,GW170104
1167556608,529,GW170104
1167556608,530,GW170104
1167556608,531,GW170104
1167556608,532,GW170104
1167556608,533,GW170104
1167556608,534,GW170104
1167556608,535,GW170104
1167556608,536,GW170104
1167556608,537,GW170104
1167556608,538,GW170104
1167556608,539,GW170104
1167556608,540,GW170104
1167556608,541,GW170104
1167556608,542,GW170104
1167556608,543,GW170104
1167556608,544,GW170104
1167556608,545,GW170104
1167556608,546,GW170104
1167556608,547,GW170104
1167556608,548,GW170104
1167556608,549,GW170104
1167556608,550,GW170104
1167556608,551,GW170104
1167556608,552,GW170104
1167556608,553,GW170104
1167556608,554,GW170104
1167556608,555,GW170104
1167556608,556,GW170104
1167556608,557,GW170104
1167556608,558,GW170104
1167556608,559,GW170104
1167556608,560,GW170104
1167556608,561,GW170104
1167556608,562,GW170104
1167556608,563,GW170104
1167556608,564,GW170104
1167556608,565,GW170104
1167556608,566,GW170104
1167556608,567,GW170104
1167556608,568,GW170104
1167556608,569,GW170104
1167556608,570,GW170104
1167556608,571,GW170104
1167556608,572,GW170104
1167556608,573,GW170104
1167556608,574,GW170104
1167556608,575,GW170104
1167556608,576,GW170104
1167556608,577,GW170104
1167556608,578,GW170104
1167556608,579,GW170104
1167556608,580,GW170104
1167556608,581,GW170104
1167556608,582,GW170104
1167556608,583,GW170104
1167556608,584,GW170104
1167556608,585,GW170104
1167556608,586,GW170104
1167556608,587,GW170104
1167556608,588,GW170104
1167556608,589,GW170104
1167556608,590,GW170104
1167556608,591,GW170104
1167556608,592,GW170104
1167556608,593,GW170104
1167556608,594,GW170104
1167556608,595,GW170104
1167556608,596,GW170104
1167556608,597,GW170104
1167556608,598,GW170104
1167556608,599,GW170104
1167556608,600,GW170104
1167556608,601,GW170104
1167556608,602,GW170104
1167556608,603,GW170104
1167556608,604,GW170104
1167556608,605,GW170104
1167556608,606,GW170104
1167556608,607,GW170104
1167556608,608,GW170104
1167556608,609,GW170104
1167556608,610,GW170104
1167556608,611,GW170104
1167556608,612,GW170104
1167556608,613,GW170104
1167556608,614,GW170104
1167556608,615,GW170104
1167556608,616,GW170104
1167556608,617,GW170104
1167556608,618,GW170104
1167556608,619,GW170104
1167556608,620,GW170104
1167556608,621,GW170104
1167556608,622,GW170104
1167556608,623,GW170104
1167556608,624,GW170104
1167556608,625,GW170104
1167556608,626,GW170104
1167556608,627,GW170104
1167556608,628,GW170104
1167556608,629,GW170104
1167556608,630,GW170104
1167556608,631,GW170104
1167556608,632,GW170104
1167556608,633,GW170104
1167556608,634,GW170104
1167556608,635,GW170104
1167556608,636,GW170104
1167556608,637,GW170104
1167556608,638,GW170104
1167556608,639,GW170104
1167556608,640,GW170104
1167556608,641,GW170104
1167556608,642,GW170104
1167556608,643,GW170104
1167556608,644,GW170104
1167556608,645,GW170104
1167556608,646,GW170104
1167556608,647,GW170104
1167556608,648,GW170104
1167556608,649,GW170104
1167556608,650,GW170104
1167556608,651,GW170104
1167556608,652,GW170104
1167556608,653,GW170104
1167556608,654,GW170104
1167556608,655,GW170104
1167556608,656,GW170104
1167556608,657,GW170104
1167556608,658,GW170104
1167556608,659,GW170104
1167556608,660,GW170104
1167556608,661,GW170104
1167556608,662,GW170104
1167556608,663,GW170104
1167556608,664,GW170104
1167556608,665,GW170104
1167556608,666,GW170104
1167556608,667,GW170104
1167556608,668,GW170104
1167556608,669,GW170104
1167556608,670,GW170104
1167556608,671,GW170104
1167556608,672,GW170104
1167556608,673,GW170104
1167556608,674,GW170104
1167556608,675,GW170104
1167556608,676,GW170104
1167556608,677,GW170104
1167556608,678,GW170104
1167556608,679,GW170104
1167556608,680,GW170104
1167556608,681,GW170104
1167556608,682,GW170104
1167556608,683,GW170104
1167556608,684,GW170104
1167556608,685,GW170104
1167556608,686,GW170104
1167556608,687,GW170104
1167556608,688,GW170104
1167556608,689,GW170104
1167556608,690,GW170104
1167556608,691,GW170104
1167556608,692,GW170104
1167556608,693,GW170104
1167556608,694,GW170104
1167556608,695,GW170104
1167556608,696,GW170104
1167556608,697,GW170104
1167556608,698,GW170104
1167556608,699,GW170104
1167556608,700,GW170104
1167556608,701,GW170104
1167556608,702,GW170104
1167556608,703,GW170104
1167556608,704,GW170104
1167556608,705,GW170104
1167556608,706,GW170104
1167556608,707,GW170104
1167556608,708,GW170104
1167556608,709,GW170104
1167556608,710,GW170104
1167556608,711,GW170104
1167556608,712,GW170104
1167556608,713,GW170104
1167556608,714,GW170104
1167556608,715,GW170104
1167556608,716,GW170104
1167556608,717,GW170104
1167556608,718,GW170104
1167556608,719,GW170104
1167556608,720,GW170104
1167556608,721,GW170104
1167556608,722,GW170104
1167556608,723,GW170104
1167556608,724,GW170104
1167556608,725,GW170104
1167556608,726,GW170104
1167556608,727,GW170104
1167556608,728,GW170104
1167556608,729,GW170104
1167556608,730,GW170104
1167556608,731,GW170104
1167556608,732,GW170104
1167556608,733,GW170104
1167556608,734,GW170104
1167556608,735,GW170104
1167556608,736,GW170104
1167556608,737,GW170104
1167556608,738,GW170104
1167556608,739,GW170104
1167556608,740,GW170104
1167556608,741,GW170104
1167556608,742,GW170104
1167556608,743,GW170104
1167556608,744,GW170104
1167556608,745,GW170104
1167556608,746,GW170104
1167556608,747,GW170104
1167556608,748,GW170104
1167556608,749,GW170104
1167556608,750,GW170104
1167556608,751,GW170104
1167556608,752,GW170104
1167556608,753,GW170104
1167556608,754,GW170104
1167556608,755,GW170104
1167556608,756,GW170104
1167556608,757,GW170104
1167556608,758,GW170104
1167556608,759,GW170104
1167556608,760,GW170104
1167556608,761,GW170104
1167556608,762,GW170104
1167556608,763,GW170104
1167556608,764,GW170104
1167556608,765,GW170104
1167556608,766,GW170104
1167556608,767,GW170104
1167556608,768,GW170104
1167556608,769,GW170104
1167556608,770,GW170104
1167556608,771,GW170104
1167556608,772,GW170104
1167556608,773,GW170104
1167556608,774,GW170104
1167556608,775,GW170104
1167556608,776,GW170104
1167556608,777,GW170104
1167556608,778,GW170104
1167556608,779,GW170104
1167556608,780,GW170104
1167556608,781,GW170104
1167556608,782,GW170104
1167556608,783,GW170104
1167556608,784,GW170104
1167556608,785,GW170104
1167556608,786,GW170104
1167556608,787,GW170104
1167556608,788,GW170104
1167556608,789,GW170104
1167556608,790,GW170104
1167556608,791,GW170104
1167556608,792,GW170104
1167556608,793,GW170104
1167556608,794,GW170104
1167556608,795,GW170104
1167556608,796,GW170104
1167556608,797,GW170104
1167556608,798,GW170104
1167556608,799,GW170104
1167556608,800,GW170104
1167556608,801,GW170104
1167556608,802,GW170104
1167556608,803,GW170104
1167556608,804,GW170104
1167556608,805,GW170104
1167556608,806,GW170104
1167556608,807,GW170104
1167556608,808,GW170104
1167556608,809,GW170104
1167556608,810,GW170104
1167556608,811,GW170104
1167556608,812,GW170104
1167556608,813,GW170104
1167556608,814,GW170104
1167556608,815,GW170104
1167556608,816,GW170104
1167556608,817,GW170104
1167556608,818,GW170104
1167556608,819,GW170104
1167556608,820,GW170104
1167556608,821,GW170104
1167556608,822,GW170104
1167556608,823,GW170104
1167556608,824,GW170104
1167556608,825,GW170104
1167556608,826,GW170104
1167556608,827,GW170104
1167556608,828,GW170104
1167556608,829,GW170104
1167556608,830,GW170104
1167556608,831,GW170104
1167556608,832,GW170104
1167556608,833,GW170104
1167556608,834,GW170104
1167556608,835,GW170104
1167556608,836,GW170104
1167556608,837,GW170104
1167556608,838,GW170104
1167556608,839,GW170104
1167556608,840,GW170104
1167556608,841,GW170104
1167556608,842,GW170104
1167556608,843,GW170104
1167556608,844,GW170104
1167556608,845,GW170104
1167556608,846,GW170104
1167556608,847,GW170104
1167556608,848,GW170104
1167556608,849,GW170104
1167556608,850,GW170104
1167556608,851,GW170104
1167556608,852,GW170104
1167556608,853,GW170104
1167556608,854,GW170104
1167556608,855,GW170104
1167556608,856,GW170104
1167556608,857,GW170104
1167556608,858,GW170104
1167556608,859,GW170104
1167556608,860,GW170104
1167556608,861,GW170104
1167556608,862,GW170104
1167556608,863,GW170104
1167556608,864,GW170104
1167556608,865,GW170104
1167556608,866,GW170104
1167556608,867,GW170104
1167556608,868,GW170104
1167556608,869,GW170104
1167556608,870,GW170104
1167556608,871,GW170104
1167556608,872,GW170104
1167556608,873,GW170104
1167556608,874,GW170104
1167556608,875,GW170104
1167556608,876,GW170104
1167556608,877,GW170104
1167556608,878,GW170104
1167556608,879,GW170104
1167556608,880,GW170104
1167556608,881,GW170104
1167556608,882,GW170104
1167556608,883,GW170104
1167556608,884,GW170104
1167556608,885,GW170104
1167556608,886,GW170104
1167556608,887,GW170104
1167556608,888,GW170104
1167556608,889,GW170104
1167556608,890,GW170104
1167556608,891,GW170104
1167556608,892,GW170104
1167556608,893,GW170104
1167556608,894,GW170104
1167556608,895,GW170104
1167556608,896,GW170104
1167556608,897,GW170104
1167556608,898,GW170104
1167556608,899,GW170104
1167556608,900,GW170104
1167556608,901,GW170104
1167556608,902,GW170104
1167556608,903,GW170104
1167556608,904,GW170104
1167556608,905,GW170104
1167556608,906,GW170104
1167556608,907,GW170104
1167556608,908,GW170104
1167556608,909,GW170104
1167556608,910,GW170104
1167556608,911,GW170104
1167556608,912,GW170104
1167556608,913,GW170104
1167556608,914,GW170104
1167556608,915,GW170104
1167556608,916,GW170104
1167556608,917,GW170104
1167556608,918,GW170104
1167556608,919,GW170104
1167556608,920,GW170104
1167556608,921,GW170104
1167556608,922,GW170104
1167556608,923,GW170104
1167556608,924,GW170104
1167556608,925,GW170104
1167556608,926,GW170104
1167556608,927,GW170104
1167556608,928,GW170104
1167556608,929,GW170104
1167556608,930,GW170104
1167556608,931,GW170104
1167556608,932,GW170104
1167556608,933,GW170104
1167556608,934,GW170104
1167556608,935,GW170104
1167556608,936,GW170104
1167556608,937,GW170104
1167556608,938,GW170104
1167556608,939,GW170104
1167556608,940,GW170104
1167556608,941,GW170104
1167556608,942,GW170104
1167556608,943,GW170104
1167556608,944,GW170104
1167556608,945,GW170104
1167556608,946,GW170104
1167556608,947,GW170104
1167556608,948,GW170104
1167556608,949,GW170104
1167556608,950,GW170104
1167556608,951,GW170104
1167556608,952,GW170104
1167556608,953,GW170104
1167556608,954,GW170104
1167556608,955,GW170104
1167556608,956,GW170104
1167556608,957,GW170104
1167556608,958,GW170104
1167556608,959,GW170104
1167556608,960,GW170104
1167556608,961,GW170104
1167556608,962,GW170104
1167556608,963,GW170104
1167556608,964,GW170104
1167556608,965,GW170104
1167556608,966,GW170104
1167556608,967,GW170104
1167556608,968,GW170104
1167556608,969,GW170104
1167556608,970,GW170104
1167556608,971,GW170104
1167556608,972,GW170104
1167556608,973,GW170104
1167556608,974,GW170104
1167556608,975,GW170104
1167556608,976,GW170104
1167556608,977,GW170104
1167556608,978,GW170104
1167556608,979,GW170104
1167556608,980,GW170104
1167556608,981,GW170104
1167556608,982,GW170104
1167556608,983,GW170104
1167556608,984,GW170104
1167556608,985,GW170104
1167556608,986,GW170104
1167556608,987,GW170104
1167556608,988,GW170104
1167556608,989,GW170104
1167556608,990,GW170104
1167556608,991,GW170104
1167556608,992,GW170104
1167556608,993,GW170104
1167556608,994,GW170104
1167556608,995,GW170104
1167556608,996,GW170104
1167556608,997,GW170104
1167556608,998,GW170104
1167556608,999,GW170104
1167556608,1000,GW170104
1167556608,1001,GW170104
1167556608,1002,GW170104
1167556608,1003,GW170104
1167556608,1004,GW170104
1167556608,1005,GW170104
1167556608,1006,GW170104
1167556608,1007,GW170104
1167556608,1008,GW170104
1167556608,1009,GW170104
1167556608,1010,GW170104
1167556608,1011,GW170104
1167556608,1012,GW170104
1167556608,1013,GW170104
1167556608,1014,GW170104
1167556608,1015,GW170104
1167556608,1016,GW170104
1167556608,1017,GW170104
1167556608,1018,GW170104
1167556608,1019,GW170104
1167556608,1020,GW170104
1167556608,1021,GW170104
1167556608,1022,GW170104
1167556608,1023,GW170104
1167556608,1024,GW170104
1167556608,1025,GW170104
1167556608,1026,GW170104
1167556608,1027,GW170104
1167556608,1028,GW170104
1167556608,1029,GW170104
1167556608,1030,GW170104
1167556608,1031,GW170104
1167556608,1032,GW170104
1167556608,1033,GW170104
1167556608,1034,GW170104
1167556608,1035,GW170104
1167556608,1036,GW170104
1167556608,1037,GW170104
1167556608,1038,GW170104
1167556608,1039,GW170104
1167556608,1040,GW170104
1167556608,1041,GW170104
1167556608,1042,GW170104
1167556608,1043,GW170104
1167556608,1044,GW170104
1167556608,1045,GW170104
1167556608,1046,GW170104
1167556608,1047,GW170104
1167556608,1048,GW170104
1167556608,1049,GW170104
1167556608,1050,GW170104
1167556608,1051,GW170104
1167556608,1052,GW170104
1167556608,1053,GW170104
1167556608,1054,GW170104
1167556608,1055,GW170104
1167556608,1056,GW170104
1167556608,1057,GW170104
1167556608,1058,GW170104
1167556608,1059,GW170104
1167556608,1060,GW170104
1167556608,1061,GW170104
1167556608,1062,GW170104
1167556608,1063,GW170104
1167556608,1064,GW170104
1167556608,1065,GW170104
1167556608,1066,GW170104
1167556608,1067,GW170104
1167556608,1068,GW170104
1167556608,1069,GW170104
1167556608,1070,GW170104
1167556608,1071,GW170104
1167556608,1072,GW170104
1167556608,1073,GW170104
1167556608,1074,GW170104
1167556608,1075,GW170104
1167556608,1076,GW170104
1167556608,1077,GW170104
1167556608,1078,GW170104
1167556608,1079,GW170104
1167556608,1080,GW170104
1167556608,1081,GW170104
1167556608,1082,GW170104
1167556608,1083,GW170104
1167556608,1084,GW170104
1167556608,1085,GW170104
1167556608,1086,GW170104
1167556608,1087,GW170104
1167556608,1088,GW170104
1167556608,1089,GW170104
1167556608,1090,GW170104
1167556608,1091,GW170104
1167556608,1092,GW170104
1167556608,1093,GW170104
1167556608,1094,GW170104
1167556608,1095,GW170104
1167556608,1096,GW170104
1167556608,1097,GW170104
1167556608,1098,GW170104
1167556608,1099,GW170104
1167556608,1100,GW170104
1167556608,1101,GW170104
1167556608,1102,GW170104
1167556608,1103,GW170104
1167556608,1104,GW170104
1167556608,1105,GW170104
1167556608,1106,GW170104
1167556608,1107,GW170104
1167556608,1108,GW170104
1167556608,1109,GW170104
1167556608,1110,GW170104
1167556608,1111,GW170104
1167556608,1112,GW170104
1167556608,1113,GW170104
1167556608,1114,GW170104
1167556608,1115,GW170104
1167556608,1116,GW170104
1167556608,1117,GW170104
1167556608,1118,GW170104
1167556608,1119,GW170104
1167556608,1120,GW170104
1167556608,1121,GW170104
1167556608,1122,GW170104
1167556608,1123,GW170104
1167556608,1124,GW170104
1167556608,1125,GW170104
1167556608,1126,GW170104
1167556608,1127,GW170104
1167556608,1128,GW170104
1167556608,1129,GW170104
1167556608,1130,GW170104
1167556608,1131,GW170104
1167556608,1132,GW170104
1167556608,1133,GW170104
1167556608,1134,GW170104
1167556608,1135,GW170104
1167556608,1136,GW170104
1167556608,1137,GW170104
1167556608,1138,GW170104
1167556608,1139,GW170104
1167556608,1140,GW170104
1167556608,1141,GW170104
1167556608,1142,GW170104
1167556608,1143,GW170104
1167556608,1144,GW170104
1167556608,1145,GW170104
1167556608,1146,GW170104
1167556608,1147,GW170104
1167556608,1148,GW170104
1167556608,1149,GW170104
1167556608,1150,GW170104
1167556608,1151,GW170104
1167556608,1152,GW170104
1167556608,1153,GW170104
1167556608,1154,GW170104
1167556608,1155,GW170104
1167556608,1156,GW170104
1167556608,1157,GW170104
1167556608,1158,GW170104
1167556608,1159,GW170104
1167556608,1160,GW170104
1167556608,1161,GW170104
1167556608,1162,GW170104
1167556608,1163,GW170104
1167556608,1164,GW170104
1167556608,1165,GW170104
1167556608,1166,GW170104
1167556608,1167,GW170104
1167556608,1168,GW170104
1167556608,1169,GW170104
1167556608,1170,GW170104
1167556608,1171,GW170104
1167556608,1172,GW170104
1167556608,1173,GW170104
1167556608,1174,GW170104
1167556608,1175,GW170104
1167556608,1176,GW170104
1167556608,1177,GW170104
1167556608,1178,GW170104
1167556608,1179,GW170104
1167556608,1180,GW170104
1167556608,1181,GW170104
1167556608,1182,GW170104
1167556608,1183,GW170104
1167556608,1184,GW170104
1167556608,1185,GW170104
1167556608,1186,GW170104
1167556608,1187,GW170104
1167556608,1188,GW170104
1167556608,1189,GW170104
1167556608,1190,GW170104
1167556608,1191,GW170104
1167556608,1192,GW170104
1167556608,1193,GW170104
1167556608,1194,GW170104
1167556608,1195,GW170104
1167556608,1196,GW170104
1167556608,1197,GW170104
1167556608,1198,GW170104
1167556608,1199,GW170104
1167556608,1200,GW170104
1167556608,1201,GW170104
1167556608,1202,GW170104
1167556608,1203,GW170104
1167556608,1204,GW170104
1167556608,1205,GW170104
1167556608,1206,GW170104
1167556608,1207,GW170104
1167556608,1208,GW170104
1167556608,1209,GW170104
1167556608,1210,GW170104
1167556608,1211,GW170104
1167556608,1212,GW170104
1167556608,1213,GW170104
1167556608,1214,GW170104
1167556608,1215,GW170104
1167556608,1216,GW170104
1167556608,1217,GW170104
1167556608,1218,GW170104
1167556608,1219,GW170104
1167556608,1220,GW170104
1167556608,1221,GW170104
1167556608,1222,GW170104
1167556608,1223,GW170104
1167556608,1224,GW170104
1167556608,1225,GW170104
1167556608,1226,GW170104
1167556608,1227,GW170104
1167556608,1228,GW170104
1167556608,1229,GW170104
1167556608,1230,GW170104
1167556608,1231,GW170104
1167556608,1232,GW170104
1167556608,1233,GW170104
1167556608,1234,GW170104
1167556608,1235,GW170104
1167556608,1236,GW170104
1167556608,1237,GW170104
1167556608,1238,GW170104
1167556608,1239,GW170104
1167556608,1240,GW170104
1167556608,1241,GW170104
1167556608,1242,GW170104
1167556608,1243,GW170104
1167556608,1244,GW170104
1167556608,1245,GW170104
1167556608,1246,GW170104
1167556608,1247,GW170104
1167556608,1248,GW170104
1167556608,1249,GW170104
1167556608,1250,GW170104
1167556608,1251,GW170104
1167556608,1252,GW170104
1167556608,1253,GW170104
1167556608,1254,GW170104
1167556608,1255,GW170104
1167556608,1256,GW170104
1167556608,1257,GW170104
1167556608,1258,GW170104
1167556608,1259,GW170104
1167556608,1260,GW170104
1167556608,1261,GW170104
1167556608,1262,GW170104
1167556608,1263,GW170104
1167556608,1264,GW170104
1167556608,1265,GW170104
1167556608,1266,GW170104
1167556608,1267,GW170104
1167556608,1268,GW170104
1167556608,1269,GW170104
1167556608,1270,GW170104
1167556608,1271,GW170104
1167556608,1272,GW170104
1167556608,1273,GW170104
1167556608,1274,GW170104
1167556608,1275,GW170104
1167556608,1276,GW170104
1167556608,1277,GW170104
1167556608,1278,GW170104
1167556608,1279,GW170104
1167556608,1280,GW170104
1167556608,1281,GW170104
1167556608,1282,GW170104
1167556608,1283,GW170104
1167556608,1284,GW170104
1167556608,1285,GW170104
1167556608,1286,GW170104
1167556608,1287,GW170104
1167556608,1288,GW170104
1167556608,1289,GW170104
1167556608,1290,GW170104
1167556608,1291,GW170104
1167556608,1292,GW170104
1167556608,1293,GW170104
1167556608,1294,GW170104
1167556608,1295,GW170104
1167556608,1296,GW170104
1167556608,1297,GW170104
1167556608,1298,GW170104
1167556608,1299,GW170104
1167556608,1300,GW170104
1167556608,1301,GW170104
1167556608,1302,GW170104
1167556608,1303,GW170104
1167556608,1304,GW170104
1167556608,1305,GW170104
1167556608,1306,GW170104
1167556608,1307,GW170104
1167556608,1308,GW170104
1167556608,1309,GW170104
1167556608,1310,GW170104
1167556608,1311,GW170104
1167556608,1312,GW170104
1167556608,1313,GW170104
1167556608,1314,GW170104
1167556608,1315,GW170104
1167556608,1316,GW170104
1167556608,1317,GW170104
1167556608,1318,GW170104
1167556608,1319,GW170104
1167556608,1320,GW170104
1167556608,1321,GW170104
1167556608,1322,GW170104
1167556608,1323,GW170104
1167556608,1324,GW170104
1167556608,1325,GW170104
1167556608,1326,GW170104
1167556608,1327,GW170104
1167556608,1328,GW170104
1167556608,1329,GW170104
1167556608,1330,GW170104
1167556608,1331,GW170104
1167556608,1332,GW170104
1167556608,1333,GW170104
1167556608,1334,GW170104
1167556608,1335,GW170104
1167556608,1336,GW170104
1167556608,1337,GW170104
1167556608,1338,GW170104
1167556608,1339,GW170104
1167556608,1340,GW170104
1167556608,1341,GW170104
1167556608,1342,GW170104
1167556608,1343,GW170104
1167556608,1344,GW170104
1167556608,1345,GW170104
1167556608,1346,GW170104
1167556608,1347,GW170104
1167556608,1348,GW170104
1167556608,1349,GW170104
1167556608,1350,GW170104
1167556608,1351,GW170104
1167556608,1352,GW170104
1167556608,1353,GW170104
1167556608,1354,GW170104
1167556608,1355,GW170104
1167556608,1356,GW170104
1167556608,1357,GW170104
1167556608,1358,GW170104
1167556608,1359,GW170104
1167556608,1360,GW170104
1167556608,1361,GW170104
1167556608,1362,GW170104
1167556608,1363,GW170104
1167556608,1364,GW170104
1167556608,1365,GW170104
1167556608,1366,GW170104
1167556608,1367,GW170104
1167556608,1368,GW170104
1167556608,1369,GW170104
1167556608,1370,GW170104
1167556608,1371,GW170104
1167556608,1372,GW170104
1167556608,1373,GW170104
1167556608,1374,GW170104
1167556608,1375,GW170104
1167556608,1376,GW170104
1167556608,1377,GW170104
1167556608,1378,GW170104
1167556608,1379,GW170104
1167556608,1380,GW170104
1167556608,1381,GW170104
1167556608,1382,GW170104
1167556608,1383,GW170104
1167556608,1384,GW170104
1167556608,1385,GW170104
1167556608,1386,GW170104
1167556608,1387,GW170104
1167556608,1388,GW170104
1167556608,1389,GW170104
1167556608,1390,GW170104
1167556608,1391,GW170104
1167556608,1392,GW170104
1167556608,1393,GW170104
1167556608,1394,GW170104
1167556608,1395,GW170104
1167556608,1396,GW170104
1167556608,1397,GW170104
1167556608,1398,GW170104
1167556608,1399,GW170104
1167556608,1400,GW170104
1167556608,1401,GW170104
1167556608,1402,GW170104
1167556608,1403,GW170104
1167556608,1404,GW170104
1167556608,1405,GW170104
1167556608,1406,GW170104
1167556608,1407,GW170104
1167556608,1408,GW170104
1167556608,1409,GW170104
1167556608,1410,GW170104
1167556608,1411,GW170104
1167556608,1412,GW170104
1167556608,1413,GW170104
1167556608,1414,GW170104
1167556608,1415,GW170104
1167556608,1416,GW170104
1167556608,1417,GW170104
1167556608,1418,GW170104
1167556608,1419,GW170104
1167556608,1420,GW170104
1167556608,1421,GW170104
1167556608,1422,GW170104
1167556608,1423,GW170104
1167556608,1424,GW170104
1167556608,1425,GW170104
1167556608,1426,GW170104
1167556608,1427,GW170104
1167556608,1428,GW170104
1167556608,1429,GW170104
1167556608,1430,GW170104
1167556608,1431,GW170104
1167556608,1432,GW170104
1167556608,1433,GW170104
1167556608,1434,GW170104
1167556608,1435,GW170104
1167556608,1436,GW170104
1167556608,1437,GW170104
1167556608,1438,GW170104
1167556608,1439,GW170104
1167556608,1440,GW170104
1167556608,1441,GW170104
1167556608,1442,GW170104
1167556608,1443,GW170104
1167556608,1444,GW170104
1167556608,1445,GW170104
1167556608,1446,GW170104
1167556608,1447,GW170104
1167556608,1448,GW170104
1167556608,1449,GW170104
1167556608,1450,GW170104
1167556608,1451,GW170104
1167556608,1452,GW170104
1167556608,1453,GW170104
1167556608,1454,GW170104
1167556608,1455,GW170104
1167556608,1456,GW170104
1167556608,1457,GW170104
1167556608,1458,GW170104
1167556608,1459,GW170104
1167556608,1460,GW170104
1167556608,1461,GW170104
1167556608,1462,GW170104
1167556608,1463,GW170104
1167556608,1464,GW170104
1167556608,1465,GW170104
1167556608,1466,GW170104
1167556608,1467,GW170104
1167556608,1468,GW170104
1167556608,1469,GW170104
1167556608,1470,GW170104
1167556608,1471,GW170104
1167556608,1472,GW170104
1167556608,1473,GW170104
1167556608,1474,GW170104
1167556608,1475,GW170104
1167556608,1476,GW170104
1167556608,1477,GW170104
1167556608,1478,GW170104
1167556608,1479,GW170104
1167556608,1480,GW170104
1167556608,1481,GW170104
1167556608,1482,GW170104
1167556608,1483,GW170104
1167556608,1484,GW170104
1167556608,1485,GW170104
1167556608,1486,GW170104
1167556608,1487,GW170104
1167556608,1488,GW170104
1167556608,1489,GW170104
1167556608,1490,GW170104
1167556608,1491,GW170104
1167556608,1492,GW170104
1167556608,1493,GW170104
1167556608,1494,GW170104
1167556608,1495,GW170104
1167556608,1496,GW170104
1167556608,1497,GW170104
1167556608,1498,GW170104
1167556608,1499,GW170104
1167556608,1500,GW170104
1167556608,1501,GW170104
1167556608,1502,GW170104
1167556608,1503,GW170104
1167556608,1504,GW170104
1167556608,1505,GW170104
1167556608,1506,GW170104
1167556608,1507,GW170104
1167556608,1508,GW170104
1167556608,1509,GW170104
1167556608,1510,GW170104
1167556608,1511,GW170104
1167556608,1512,GW170104
1167556608,1513,GW170104
1167556608,1514,GW170104
1167556608,1515,GW170104
1167556608,1516,GW170104
1167556608,1517,GW170104
1167556608,1518,GW170104
1167556608,1519,GW170104
1167556608,1520,GW170104
1167556608,1521,GW170104
1167556608,1522,GW170104
1167556608,1523,GW170104
1167556608,1524,GW170104
1167556608,1525,GW170104
1167556608,1526,GW170104
1167556608,1527,GW170104
1167556608,1528,GW170104
1167556608,1529,GW170104
1167556608,1530,GW170104
1167556608,1531,GW170104
1167556608,1532,GW170104
1167556608,1533,GW170104
1167556608,1534,GW170104
1167556608,1535,GW170104
1167556608,1536,GW170104
1167556608,1537,GW170104
1167556608,1538,GW170104
1167556608,1539,GW170104
1167556608,1540,GW170104
1167556608,1541,GW170104
1167556608,1542,GW170104
1167556608,1543,GW170104
1167556608,1544,GW170104
1167556608,1545,GW170104
1167556608,1546,GW170104
1167556608,1547,GW170104
1167556608,1548,GW170104
1167556608,1549,GW170104
1167556608,1550,GW170104
1167556608,1551,GW170104
1167556608,1552,GW170104
1167556608,1553,GW170104
1167556608,1554,GW170104
1167556608,1555,GW170104
1167556608,1556,GW170104
1167556608,1557,GW170104
1167556608,1558,GW170104
1167556608,1559,GW170104
1167556608,1560,GW170104
1167556608,1561,GW170104
1167556608,1562,GW170104
1167556608,1563,GW170104
1167556608,1564,GW170104
1167556608,1565,GW170104
1167556608,1566,GW170104
1167556608,1567,GW170104
1167556608,1568,GW170104
1167556608,1569,GW170104
1167556608,1570,GW170104
1167556608,1571,GW170104
1167556608,1572,GW170104
1167556608,1573,GW170104
1167556608,1574,GW170104
1167556608,1575,GW170104
1167556608,1576,GW170104
1167556608,1577,GW170104
1167556608,1578,GW170104
1167556608,1579,GW170104
1167556608,1580,GW170104
1167556608,1581,GW170104
1167556608,1582,GW170104
1167556608,1583,GW170104
1167556608,1584,GW170104
1167556608,1585,GW170104
1167556608,1586,GW170104
1167556608,1587,GW170104
1167556608,1588,GW170104
1167556608,1589,GW170104
1167556608,1590,GW170104
1167556608,1591,GW170104
1167556608,1592,GW170104
1167556608,1593,GW170104
1167556608,1594,GW170104
1167556608,1595,GW170104
1167556608,1596,GW170104
1167556608,1597,GW170104
1167556608,1598,GW170104
1167556608,1599,GW170104
1167556608,1600,GW170104
1167556608,1601,GW170104
1167556608,1602,GW170104
1167556608,1603,GW170104
1167556608,1604,GW170104
1167556608,1605,GW170104
1167556608,1606,GW170104
1167556608,1607,GW170104
1167556608,1608,GW170104
1167556608,1609,GW170104
1167556608,1610,GW170104
1167556608,1611,GW170104
1167556608,1612,GW170104
1167556608,1613,GW170104
1167556608,1614,GW170104
1167556608,1615,GW170104
1167556608,1616,GW170104
1167556608,1617,GW170104
1167556608,1618,GW170104
1167556608,1619,GW170104
1167556608,1620,GW170104
1167556608,1621,GW170104
1167556608,1622,GW170104
1167556608,1623,GW170104
1167556608,1624,GW170104
1167556608,1625,GW170104
1167556608,1626,GW170104
1167556608,1627,GW170104
1167556608,1628,GW170104
1167556608,1629,GW170104
1167556608,1630,GW170104
1167556608,1631,GW170104
1167556608,1632,GW170104
1167556608,1633,GW170104
1167556608,1634,GW170104
1167556608,1635,GW170104
1167556608,1636,GW170104
1167556608,1637,GW170104
1167556608,1638,GW170104
1167556608,1639,GW170104
1167556608,1640,GW170104
1167556608,1641,GW170104
1167556608,1642,GW170104
1167556608,1643,GW170104
1167556608,1644,GW170104
1167556608,1645,GW170104
1167556608,1646,GW170104
1167556608,1647,GW170104
1167556608,1648,GW170104
1167556608,1649,GW170104
1167556608,1650,GW170104
1167556608,1651,GW170104
1167556608,1652,GW170104
1167556608,1653,GW170104
1167556608,1654,GW170104
1167556608,1655,GW170104
1167556608,1656,GW170104
1167556608,1657,GW170104
1167556608,1658,GW170104
1167556608,1659,GW170104
1167556608,1660,GW170104
1167556608,1661,GW170104
1167556608,1662,GW170104
1167556608,1663,GW170104
1167556608,1664,GW170104
1167556608,1665,GW170104
1167556608,1666,GW170104
1167556608,1667,GW170104
1167556608,1668,GW170104
1167556608,1669,GW170104
1167556608,1670,GW170104
1167556608,1671,GW170104
1167556608,1672,GW170104
1167556608,1673,GW170104
1167556608,1674,GW170104
1167556608,1675,GW170104
1167556608,1676,GW170104
1167556608,1677,GW170104
1167556608,1678,GW170104
1167556608,1679,GW170104
1167556608,1680,GW170104
1167556608,1681,GW170104
1167556608,1682,GW170104
1167556608,1683,GW170104
1167556608,1684,GW170104
1167556608,1685,GW170104
1167556608,1686,GW170104
1167556608,1687,GW170104
1167556608,1688,GW170104
1167556608,1689,GW170104
1167556608,1690,GW170104
1167556608,1691,GW170104
1167556608,1692,GW170104
1167556608,1693,GW170104
1167556608,1694,GW170104
1167556608,1695,GW170104
1167556608,1696,GW170104
1167556608,1697,GW170104
1167556608,1698,GW170104
1167556608,1699,GW170104
1167556608,1700,GW170104
1167556608,1701,GW170104
1167556608,1702,GW170104
1167556608,1703,GW170104
1167556608,1704,GW170104
1167556608,1705,GW170104
1167556608,1706,GW170104
1167556608,1707,GW170104
1167556608,1708,GW170104
1167556608,1709,GW170104
1167556608,1710,GW170104
1167556608,1711,GW170104
1167556608,1712,GW170104
1167556608,1713,GW170104
1167556608,1714,GW170104
1167556608,1715,GW170104
1167556608,1716,GW170104
1167556608,1717,GW170104
1167556608,1718,GW170104
1167556608,1719,GW170104
1167556608,1720,GW170104
1167556608,1721,GW170104
1167556608,1722,GW170104
1167556608,1723,GW170104
1167556608,1724,GW170104
1167556608,1725,GW170104
1167556608,1726,GW170104
1167556608,1727,GW170104
1167556608,1728,GW170104
1167556608,1729,GW170104
1167556608,1730,GW170104
1167556608,1731,GW170104
1167556608,1732,GW170104
1167556608,1733,GW170104
1167556608,1734,GW170104
1167556608,1735,GW170104
1167556608,1736,GW170104
1167556608,1737,GW170104
1167556608,1738,GW170104
1167556608,1739,GW170104
1167556608,1740,GW170104
1167556608,1741,GW170104
1167556608,1742,GW170104
1167556608,1743,GW170104
1167556608,1744,GW170104
1167556608,1745,GW170104
1167556608,1746,GW170104
1167556608,1747,GW170104
1167556608,1748,GW170104
1167556608,1749,GW170104
1167556608,1750,GW170104
1167556608,1751,GW170104
1167556608,1752,GW170104
1167556608,1753,GW170104
1167556608,1754,GW170104
1167556608,1755,GW170104
1167556608,1756,GW170104
1167556608,1757,GW170104
1167556608,1758,GW170104
1167556608,1759,GW170104
1167556608,1760,GW170104
1167556608,1761,GW170104
1167556608,1762,GW170104
1167556608,1763,GW170104
1167556608,1764,GW170104
1167556608,1765,GW170104
1167556608,1766,GW170104
1167556608,1767,GW170104
1167556608,1768,GW170104
1167556608,1769,GW170104
1167556608,1770,GW170104
1167556608,1771,GW170104
1167556608,1772,GW170104
1167556608,1773,GW170104
1167556608,1774,GW170104
1167556608,1775,GW170104
1167556608,1776,GW170104
1167556608,1777,GW170104
1167556608,1778,GW170104
1167556608,1779,GW170104
1167556608,1780,GW170104
1167556608,1781,GW170104
1167556608,1782,GW170104
1167556608,1783,GW170104
1167556608,1784,GW170104
1167556608,1785,GW170104
1167556608,1786,GW170104
1167556608,1787,GW170104
1167556608,1788,GW170104
1167556608,1789,GW170104
1167556608,1790,GW170104
1167556608,1791,GW170104
1167556608,1792,GW170104
1167556608,1793,GW170104
1167556608,1794,GW170104
1167556608,1795,GW170104
1167556608,1796,GW170104
1167556608,1797,GW170104
1167556608,1798,GW170104
1167556608,1799,GW170104
1167556608,1800,GW170104
1167556608,1801,GW170104
1167556608,1802,GW170104
1167556608,1803,GW170104
1167556608,1804,GW170104
1167556608,1805,GW170104
1167556608,1806,GW170104
1167556608,1807,GW170104
1167556608,1808,GW170104
1167556608,1809,GW170104
1167556608,1810,GW170104
1167556608,1811,GW170104
1167556608,1812,GW170104
1167556608,1813,GW170104
1167556608,1814,GW170104
1167556608,1815,GW170104
1167556608,1816,GW170104
1167556608,1817,GW170104
1167556608,1818,GW170104
1167556608,1819,GW170104
1167556608,1820,GW170104
1167556608,1821,GW170104
1167556608,1822,GW170104
1167556608,1823,GW170104
1167556608,1824,GW170104
1167556608,1825,GW170104
1167556608,1826,GW170104
1167556608,1827,GW170104
1167556608,1828,GW170104
1167556608,1829,GW170104
1167556608,1830,GW170104
1167556608,1831,GW170104
1167556608,1832,GW170104
1167556608,1833,GW170104
1167556608,1834,GW170104
1167556608,1835,GW170104
1167556608,1836,GW170104
1167556608,1837,GW170104
1167556608,1838,GW170104
1167556608,1839,GW170104
1167556608,1840,GW170104
1167556608,1841,GW170104
1167556608,1842,GW170104
1167556608,1843,GW170104
1167556608,1844,GW170104
1167556608,1845,GW170104
1167556608,1846,GW170104
1167556608,1847,GW170104
1167556608,1848,GW170104
1167556608,1849,GW170104
1167556608,1850,GW170104
1167556608,1851,GW170104
1167556608,1852,GW170104
1167556608,1853,GW170104
1167556608,1854,GW170104
1167556608,1855,GW170104
1167556608,1856,GW170104
1167556608,1857,GW170104
1167556608,1858,GW170104
1167556608,1859,GW170104
1167556608,1860,GW170104
1167556608,1861,GW170104
1167556608,1862,GW170104
1167556608,1863,GW170104
1167556608,1864,GW170104
1167556608,1865,GW170104
1167556608,1866,GW170104
1167556608,1867,GW170104
1167556608,1868,GW170104
1167556608,1869,GW170104
1167556608,1870,GW170104
1167556608,1871,GW170104
1167556608,1872,GW170104
1167556608,1873,GW170104
1167556608,1874,GW170104
1167556608,1875,GW170104
1167556608,1876,GW170104
1167556608,1877,GW170104
1167556608,1878,GW170104
1167556608,1879,GW170104
1167556608,1880,GW170104
1167556608,1881,GW170104
1167556608,1882,GW170104
1167556608,1883,GW170104
1167556608,1884,GW170104
1167556608,1885,GW170104
1167556608,1886,GW170104
1167556608,1887,GW170104
1167556608,1888,GW170104
1167556608,1889,GW170104
1167556608,1890,GW170104
1167556608,1891,GW170104
1167556608,1892,GW170104
1167556608,1893,GW170104
1167556608,1894,GW170104
1167556608,1895,GW170104
1167556608,1896,GW170104
1167556608,1897,GW170104
1167556608,1898,GW170104
1167556608,1899,GW170104
1167556608,1900,GW170104
1167556608,1901,GW170104
1167556608,1902,GW170104
1167556608,1903,GW170104
1167556608,1904,GW170104
1167556608,1905,GW170104
1167556608,1906,GW170104
1167556608,1907,GW170104
1167556608,1908,GW170104
1167556608,1909,GW170104
1167556608,1910,GW170104
1167556608,1911,GW170104
1167556608,1912,GW170104
1167556608,1913,GW170104
1167556608,1914,GW170104
1167556608,1915,GW170104
1167556608,1916,GW170104
1167556608,1917,GW170104
1167556608,1918,GW170104
1167556608,1919,GW170104
1167556608,1920,GW170104
1167556608,1921,GW170104
1167556608,1922,GW170104
1167556608,1923,GW170104
1167556608,1924,GW170104
1167556608,1925,GW170104
1167556608,1926,GW170104
1167556608,1927,GW170104
1167556608,1928,GW170104
1167556608,1929,GW170104
1167556608,1930,GW170104
1167556608,1931,GW170104
1167556608,1932,GW170104
1167556608,1933,GW170104
1167556608,1934,GW170104
1167556608,1935,GW170104
1167556608,1936,GW170104
1167556608,1937,GW170104
1167556608,1938,GW170104
1167556608,1939,GW170104
1167556608,1940,GW170104
1167556608,1941,GW170104
1167556608,1942,GW170104
1167556608,1943,GW170104
1167556608,1944,GW170104
1167556608,1945,GW170104
1167556608,1946,GW170104
1167556608,1947,GW170104
1167556608,1948,GW170104
1167556608,1949,GW170104
1167556608,1950,GW170104
1167556608,1951,GW170104
1167556608,1952,GW170104
1167556608,1953,GW170104
1167556608,1954,GW170104
1167556608,1955,GW170104
1167556608,1956,GW170104
1167556608,1957,GW170104
1167556608,1958,GW170104
1167556608,1959,GW170104
1167556608,1960,GW170104
1167556608,1961,GW170104
1167556608,1962,GW170104
1167556608,1963,GW170104
1167556608,1964,GW170104
1167556608,1965,GW170104
1167556608,1966,GW170104
1167556608,1967,GW170104
1167556608,1968,GW170104
1167556608,1969,GW170104
1167556608,1970,GW170104
1167556608,1971,GW170104
1167556608,1972,GW170104
1167556608,1973,GW170104
1167556608,1974,GW170104
1167556608,1975,GW170104
1167556608,1976,GW170104
1167556608,1977,GW170104
1167556608,1978,GW170104
1167556608,1979,GW170104
1167556608,1980,GW170104
1167556608,1981,GW170104
1167556608,1982,GW170104
1167556608,1983,GW170104
1167556608,1984,GW170104
1167556608,1985,GW170104
1167556608,1986,GW170104
1167556608,1987,GW170104
1167556608,1988,GW170104
1167556608,1989,GW170104
1167556608,1990,GW170104
1167556608,1991,GW170104
1167556608,1992,GW170104
1167556608,1993,GW170104
1167556608,1994,GW170104
1167556608,1995,GW170104
1167556608,1996,GW170104
1167556608,1997,GW170104
1167556608,1998,GW170104
1167556608,1999,GW170104
1167556608,2000,GW170104
1167556608,2001,GW170104
1167556608,2002,GW170104
1167556608,2003,GW170104
1167556608,2004,GW170104
1167556608,2005,GW170104
1167556608,2006,GW170104
1167556608,2007,GW170104
1167556608,2008,GW170104
1167556608,2009,GW170104
1167556608,2010,GW170104
1167556608,2011,GW170104
1167556608,2012,GW170104
1167556608,2013,GW170104
1167556608,2014,GW170104
1167556608,2015,GW170104
1167556608,2016,GW170104
1167556608,2017,GW170104
1167556608,2018,GW170104
1167556608,2019,GW170104
1167556608,2020,GW170104
1167556608,2021,GW170104
1167556608,2022,GW170104
1167556608,2023,GW170104
1167556608,2024,GW170104
1167556608,2025,GW170104
1167556608,2026,GW170104
1167556608,2027,GW170104
1167556608,2028,GW170104
1167556608,2029,GW170104
1167556608,2030,GW170104
1167556608,2031,GW170104
1167556608,2032,GW170104
1167556608,2033,GW170104
1167556608,2034,GW170104
1167556608,2035,GW170104
1167556608,2036,GW170104
1167556608,2037,GW170104
1167556608,2038,GW170104
1167556608,2039,GW170104
1167556608,2040,GW170104
1167556608,2041,GW170104
1167556608,2042,GW170104
1167556608,2043,GW170104
1167556608,2044,GW170104
1167556608,2045,GW170104
1167556608,2046,GW170104
1167556608,2047,GW170104
1167556608,2048,GW170104
1167556608,2049,GW170104
1167556608,2050,GW170104
1167556608,2051,GW170104
1167556608,2052,GW170104
1167556608,2053,GW170104
1167556608,2054,GW170104
1167556608,2055,GW170104
1167556608,2056,GW170104
1167556608,2057,GW170104
1167556608,2058,GW170104
1167556608,2059,GW170104
1167556608,2060,GW170104
1167556608,2061,GW170104
1167556608,2062,GW170104
1167556608,2063,GW170104
1167556608,2064,GW170104
1167556608,2065,GW170104
1167556608,2066,GW170104
1167556608,2067,GW170104
1167556608,2068,GW170104
1167556608,2069,GW170104
1167556608,2070,GW170104
1167556608,2071,GW170104
1167556608,2072,GW170104
1167556608,2073,GW170104
1167556608,2074,GW170104
1167556608,2075,GW170104
1167556608,2076,GW170104
1167556608,2077,GW170104
1167556608,2078,GW170104
1167556608,2079,GW170104
1167556608,2080,GW170104
1167556608,2081,GW170104
1167556608,2082,GW170104
1167556608,2083,GW170104
1167556608,2084,GW170104
1167556608,2085,GW170104
1167556608,2086,GW170104
1167556608,2087,GW170104
1167556608,2088,GW170104
1167556608,2089,GW170104
1167556608,2090,GW170104
1167556608,2091,GW170104
1167556608,2092,GW170104
1167556608,2093,GW170104
1167556608,2094,GW170104
1167556608,2095,GW170104
1167556608,2096,GW170104
1167556608,2097,GW170104
1167556608,2098,GW170104
1167556608,2099,GW170104
1167556608,2100,GW170104
1167556608,2101,GW170104
1167556608,2102,GW170104
1167556608,2103,GW170104
1167556608,2104,GW170104
1167556608,2105,GW170104
1167556608,2106,GW170104
1167556608,2107,GW170104
1167556608,2108,GW170104
1167556608,2109,GW170104
1167556608,2110,GW170104
1167556608,2111,GW170104
1167556608,2112,GW170104
1167556608,2113,GW170104
1167556608,2114,GW170104
1167556608,2115,GW170104
1167556608,2116,GW170104
1167556608,2117,GW170104
1167556608,2118,GW170104
1167556608,2119,GW170104
1167556608,2120,GW170104
1167556608,2121,GW170104
1167556608,2122,GW170104
1167556608,2123,GW170104
1167556608,2124,GW170104
1167556608,2125,GW170104
1167556608,2126,GW170104
1167556608,2127,GW170104
1167556608,2128,GW170104
1167556608,2129,GW170104
1167556608,2130,GW170104
1167556608,2131,GW170104
1167556608,2132,GW170104
1167556608,2133,GW170104
1167556608,2134,GW170104
1167556608,2135,GW170104
1167556608,2136,GW170104
1167556608,2137,GW170104
1167556608,2138,GW170104
1167556608,2139,GW170104
1167556608,2140,GW170104
1167556608,2141,GW170104
1167556608,2142,GW170104
1167556608,2143,GW170104
1167556608,2144,GW170104
1167556608,2145,GW170104
1167556608,2146,GW170104
1167556608,2147,GW170104
1167556608,2148,GW170104
1167556608,2149,GW170104
1167556608,2150,GW170104
1167556608,2151,GW170104
1167556608,2152,GW170104
1167556608,2153,GW170104
1167556608,2154,GW170104
1167556608,2155,GW170104
1167556608,2156,GW170104
1167556608,2157,GW170104
1167556608,2158,GW170104
1167556608,2159,GW170104
1167556608,2160,GW170104
1167556608,2161,GW170104
1167556608,2162,GW170104
1167556608,2163,GW170104
1167556608,2164,GW170104
1167556608,2165,GW170104
1167556608,2166,GW170104
1167556608,2167,GW170104
1167556608,2168,GW170104
1167556608,2169,GW170104
1167556608,2170,GW170104
1167556608,2171,GW170104
1167556608,2172,GW170104
1167556608,2173,GW170104
1167556608,2174,GW170104
1167556608,2175,GW170104
1167556608,2176,GW170104
1167556608,2177,GW170104
1167556608,2178,GW170104
1167556608,2179,GW170104
1167556608,2180,GW170104
1167556608,2181,GW170104
1167556608,2182,GW170104
1167556608,2183,GW170104
1167556608,2184,GW170104
1167556608,2185,GW170104
1167556608,2186,GW170104
1167556608,2187,GW170104
1167556608,2188,GW170104
1167556608,2189,GW170104
1167556608,2190,GW170104
1167556608,2191,GW170104
1167556608,2192,GW170104
1167556608,2193,GW170104
1167556608,2194,GW170104
1167556608,2195,GW170104
1167556608,2196,GW170104
1167556608,2197,GW170104
1167556608,2198,GW170104
1167556608,2199,GW170104
1167556608,2200,GW170104
1167556608,2201,GW170104
1167556608,2202,GW170104
1167556608,2203,GW170104
1167556608,2204,GW170104
1167556608,2205,GW170104
1167556608,2206,GW170104
1167556608,2207,GW170104
1167556608,2208,GW170104
1167556608,2209,GW170104
1167556608,2210,GW170104
1167556608,2211,GW170104
1167556608,2212,GW170104
1167556608,2213,GW170104
1167556608,2214,GW170104
1167556608,2215,GW170104
1167556608,2216,GW170104
1167556608,2217,GW170104
1167556608,2218,GW170104
1167556608,2219,GW170104
1167556608,2220,GW170104
1167556608,2221,GW170104
1167556608,2222,GW170104
1167556608,2223,GW170104
1167556608,2224,GW170104
1167556608,2225,GW170104
1167556608,2226,GW170104
1167556608,2227,GW170104
1167556608,2228,GW170104
1167556608,2229,GW170104
1167556608,2230,GW170104
1167556608,2231,GW170104
1167556608,2232,GW170104
1167556608,2233,GW170104
1167556608,2234,GW170104
1167556608,2235,GW170104
1167556608,2236,GW170104
1167556608,2237,GW170104
1167556608,2238,GW170104
1167556608,2239,GW170104
1167556608,2240,GW170104
1167556608,2241,GW170104
1167556608,2242,GW170104
1167556608,2243,GW170104
1167556608,2244,GW170104
1167556608,2245,GW170104
1167556608,2246,GW170104
1167556608,2247,GW170104
1167556608,2248,GW170104
1167556608,2249,GW170104
1167556608,2250,GW170104
1167556608,2251,GW170104
1167556608,2252,GW170104
1167556608,2253,GW170104
1167556608,2254,GW170104
1167556608,2255,GW170104
1167556608,2256,GW170104
1167556608,2257,GW170104
1167556608,2258,GW170104
1167556608,2259,GW170104
1167556608,2260,GW170104
1167556608,2261,GW170104
1167556608,2262,GW170104
1167556608,2263,GW170104
1167556608,2264,GW170104
1167556608,2265,GW170104
1167556608,2266,GW170104
1167556608,2267,GW170104
1167556608,2268,GW170104
1167556608,2269,GW170104
1167556608,2270,GW170104
1167556608,2271,GW170104
1167556608,2272,GW170104
1167556608,2273,GW170104
1167556608,2274,GW170104
1167556608,2275,GW170104
1167556608,2276,GW170104
1167556608,2277,GW170104
1167556608,2278,GW170104
1167556608,2279,GW170104
1167556608,2280,GW170104
1167556608,2281,GW170104
1167556608,2282,GW170104
1167556608,2283,GW170104
1167556608,2284,GW170104
1167556608,2285,GW170104
1167556608,2286,GW170104
1167556608,2287,GW170104
1167556608,2288,GW170104
1167556608,2289,GW170104
1167556608,2290,GW170104
1167556608,2291,GW170104
1167556608,2292,GW170104
1167556608,2293,GW170104
1167556608,2294,GW170104
1167556608,2295,GW170104
1167556608,2296,GW170104
1167556608,2297,GW170104
1167556608,2298,GW170104
1167556608,2299,GW170104
1167556608,2300,GW170104
1167556608,2301,GW170104
1167556608,2302,GW170104
1167556608,2303,GW170104
1167556608,2304,GW170104
1167556608,2305,GW170104
1167556608,2306,GW170104
1167556608,2307,GW170104
1167556608,2308,GW170104
1167556608,2309,GW170104
1167556608,2310,GW170104
1167556608,2311,GW170104
1167556608,2312,GW170104
1167556608,2313,GW170104
1167556608,2314,GW170104
1167556608,2315,GW170104
1167556608,2316,GW170104
1167556608,2317,GW170104
1167556608,2318,GW170104
1167556608,2319,GW170104
1167556608,2320,GW170104
1167556608,2321,GW170104
1167556608,2322,GW170104
1167556608,2323,GW170104
1167556608,2324,GW170104
1167556608,2325,GW170104
1167556608,2326,GW170104
1167556608,2327,GW170104
1167556608,2328,GW170104
1167556608,2329,GW170104
1167556608,2330,GW170104
1167556608,2331,GW170104
1167556608,2332,GW170104
1167556608,2333,GW170104
1167556608,2334,GW170104
1167556608,2335,GW170104
1167556608,2336,GW170104
1167556608,2337,GW170104
1167556608,2338,GW170104
1167556608,2339,GW170104
1167556608,2340,GW170104
1167556608,2341,GW170104
1167556608,2342,GW170104
1167556608,2343,GW170104
1167556608,2344,GW170104
1167556608,2345,GW170104
1167556608,2346,GW170104
1167556608,2347,GW170104
1167556608,2348,GW170104
1167556608,2349,GW170104
1167556608,2350,GW170104
1167556608,2351,GW170104
1167556608,2352,GW170104
1167556608,2353,GW170104
1167556608,2354,GW170104
1167556608,2355,GW170104
1167556608,2356,GW170104
1167556608,2357,GW170104
1167556608,2358,GW170104
1167556608,2359,GW170104
1167556608,2360,GW170104
1167556608,2361,GW170104
1167556608,2362,GW170104
1167556608,2363,GW170104
1167556608,2364,GW170104
1167556608,2365,GW170104
1167556608,2366,GW170104
1167556608,2367,GW170104
1167556608,2368,GW170104
1167556608,2369,GW170104
1167556608,2370,GW170104
1167556608,2371,GW170104
1167556608,2372,GW170104
1167556608,2373,GW170104
1167556608,2374,GW170104
1167556608,2375,GW170104
1167556608,2376,GW170104
1167556608,2377,GW170104
1167556608,2378,GW170104
1167556608,2379,GW170104
1167556608,2380,GW170104
1167556608,2381,GW170104
1167556608,2382,GW170104
1167556608,2383,GW170104
1167556608,2384,GW170104
1167556608,2385,GW170104
1167556608,2386,GW170104
1167556608,2387,GW170104
1167556608,2388,GW170104
1167556608,2389,GW170104
1167556608,2390,GW170104
1167556608,2391,GW170104
1167556608,2392,GW170104
1167556608,2393,GW170104
1167556608,2394,GW170104
1167556608,2395,GW170104
1167556608,2396,GW170104
1167556608,2397,GW170104
1167556608,2398,GW170104
1167556608,2399,GW170104
1167556608,2400,GW170104
1167556608,2401,GW170104
1167556608,2402,GW170104
1167556608,2403,GW170104
1167556608,2404,GW170104
1167556608,2405,GW170104
1167556608,2406,GW170104
1167556608,2407,GW170104
1167556608,2408,GW170104
1167556608,2409,GW170104
1167556608,2410,GW170104
1167556608,2411,GW170104
1167556608,2412,GW170104
1167556608,2413,GW170104
1167556608,2414,GW170104
1167556608,2415,GW170104
1167556608,2416,GW170104
1167556608,2417,GW170104
1167556608,2418,GW170104
1167556608,2419,GW170104
1167556608,2420,GW170104
1167556608,2421,GW170104
1167556608,2422,GW170104
1167556608,2423,GW170104
1167556608,2424,GW170104
1167556608,2425,GW170104
1167556608,2426,GW170104
1167556608,2427,GW170104
1167556608,2428,GW170104
1167556608,2429,GW170104
1167556608,2430,GW170104
1167556608,2431,GW170104
1167556608,2432,GW170104
1167556608,2433,GW170104
1167556608,2434,GW170104
1167556608,2435,GW170104
1167556608,2436,GW170104
1167556608,2437,GW170104
1167556608,2438,GW170104
1167556608,2439,GW170104
1167556608,2440,GW170104
1167556608,2441,GW170104
1167556608,2442,GW170104
1167556608,2443,GW170104
1167556608,2444,GW170104
1167556608,2445,GW170104
1167556608,2446,GW170104
1167556608,2447,GW170104
1167556608,2448,GW170104
1167556608,2449,GW170104
1167556608,2450,GW170104
1167556608,2451,GW170104
1167556608,2452,GW170104
1167556608,2453,GW170104
1167556608,2454,GW170104
1167556608,2455,GW170104
1167556608,2456,GW170104
1167556608,2457,GW170104
1167556608,2458,GW170104
1167556608,2459,GW170104
1167556608,2460,GW170104
1167556608,2461,GW170104
1167556608,2462,GW170104
1167556608,2463,GW170104
1167556608,2464,GW170104
1167556608,2465,GW170104
1167556608,2466,GW170104
1167556608,2467,GW170104
1167556608,2468,GW170104
1167556608,2469,GW170104
1167556608,2470,GW170104
1167556608,2471,GW170104
1167556608,2472,GW170104
1167556608,2473,GW170104
1167556608,2474,GW170104
1167556608,2475,GW170104
1167556608,2476,GW170104
1167556608,2477,GW170104
1167556608,2478,GW170104
1167556608,2479,GW170104
1167556608,2480,GW170104
1167556608,2481,GW170104
1167556608,2482,GW170104
1167556608,2483,GW170104
1167556608,2484,GW170104
1167556608,2485,GW170104
1167556608,2486,GW170104
1167556608,2487,GW170104
1167556608,2488,GW170104
1167556608,2489,GW170104
1167556608,2490,GW170104
1167556608,2491,GW170104
1167556608,2492,GW170104
1167556608,2493,GW170104
1167556608,2494,GW170104
1167556608,2495,GW170104
1167556608,2496,GW170104
1167556608,2497,GW170104
1167556608,2498,GW170104
1167556608,2499,GW170104
1167556608,2500,GW170104
1167556608,2501,GW170104
1167556608,2502,GW170104
1167556608,2503,GW170104
1167556608,2504,GW170104
1167556608,2505,GW170104
1167556608,2506,GW170104
1167556608,2507,GW170104
1167556608,2508,GW170104
1167556608,2509,GW170104
1167556608,2510,GW170104
1167556608,2511,GW170104
1167556608,2512,GW170104
1167556608,2513,GW170104
1167556608,2514,GW170104
1167556608,2515,GW170104
1167556608,2516,GW170104
1167556608,2517,GW170104
1167556608,2518,GW170104
1167556608,2519,GW170104
1167556608,2520,GW170104
1167556608,2521,GW170104
1167556608,2522,GW170104
1167556608,2523,GW170104
1167556608,2524,GW170104
1167556608,2525,GW170104
1167556608,2526,GW170104
1167556608,2527,GW170104
1167556608,2528,GW170104
1167556608,2529,GW170104
1167556608,2530,GW170104
1167556608,2531,GW170104
1167556608,2532,GW170104
1167556608,2533,GW170104
1167556608,2534,GW170104
1167556608,2535,GW170104
1167556608,2536,GW170104
1167556608,2537,GW170104
1167556608,2538,GW170104
1167556608,2539,GW170104
1167556608,2540,GW170104
1167556608,2541,GW170104
1167556608,2542,GW170104
1167556608,2543,GW170104
1167556608,2544,GW170104
1167556608,2545,GW170104
1167556608,2546,GW170104
1167556608,2547,GW170104
1167556608,2548,GW170104
1167556608,2549,GW170104
1167556608,2550,GW170104
1167556608,2551,GW170104
1167556608,2552,GW170104
1167556608,2553,GW170104
1167556608,2554,GW170104
1167556608,2555,GW170104
1167556608,2556,GW170104
1167556608,2557,GW170104
1167556608,2558,GW170104
1167556608,2559,GW170104
1167556608,2560,GW170104
1167556608,2561,GW170104
1167556608,2562,GW170104
1167556608,2563,GW170104
1167556608,2564,GW170104
1167556608,2565,GW170104
1167556608,2566,GW170104
1167556608,2567,GW170104
1167556608,2568,GW170104
1167556608,2569,GW170104
1167556608,2570,GW170104
1167556608,2571,GW170104
1167556608,2572,GW170104
1167556608,2573,GW170104
1167556608,2574,GW170104
1167556608,2575,GW170104
1167556608,2576,GW170104
1167556608,2577,GW170104
1167556608,2578,GW170104
1167556608,2579,GW170104
1167556608,2580,GW170104
1167556608,2581,GW170104
1167556608,2582,GW170104
1167556608,2583,GW170104
1167556608,2584,GW170104
1167556608,2585,GW170104
1167556608,2586,GW170104
1167556608,2587,GW170104
1167556608,2588,GW170104
1167556608,2589,GW170104
1167556608,2590,GW170104
1167556608,2591,GW170104
1167556608,2592,GW170104
1167556608,2593,GW170104
1167556608,2594,GW170104
1167556608,2595,GW170104
1167556608,2596,GW170104
1167556608,2597,GW170104
1167556608,2598,GW170104
1167556608,2599,GW170104
1167556608,2600,GW170104
1167556608,2601,GW170104
1167556608,2602,GW170104
1167556608,2603,GW170104
1167556608,2604,GW170104
1167556608,2605,GW170104
1167556608,2606,GW170104
1167556608,2607,GW170104
1167556608,2608,GW170104
1167556608,2609,GW170104
1167556608,2610,GW170104
1167556608,2611,GW170104
1167556608,2612,GW170104
1167556608,2613,GW170104
1167556608,2614,GW170104
1167556608,2615,GW170104
1167556608,2616,GW170104
1167556608,2617,GW170104
1167556608,2618,GW170104
1167556608,2619,GW170104
1167556608,2620,GW170104
1167556608,2621,GW170104
1167556608,2622,GW170104
1167556608,2623,GW170104
1167556608,2624,GW170104
1167556608,2625,GW170104
1167556608,2626,GW170104
1167556608,2627,GW170104
1167556608,2628,GW170104
1167556608,2629,GW170104
1167556608,2630,GW170104
1167556608,2631,GW170104
1167556608,2632,GW170104
1167556608,2633,GW170104
1167556608,2634,GW170104
1167556608,2635,GW170104
1167556608,2636,GW170104
1167556608,2637,GW170104
1167556608,2638,GW170104
1167556608,2639,GW170104
1167556608,2640,GW170104
1167556608,2641,GW170104
1167556608,2642,GW170104
1167556608,2643,GW170104
1167556608,2644,GW170104
1167556608,2645,GW170104
1167556608,2646,GW170104
1167556608,2647,GW170104
1167556608,2648,GW170104
1167556608,2649,GW170104
1167556608,2650,GW170104
1167556608,2651,GW170104
1167556608,2652,GW170104
1167556608,2653,GW170104
1167556608,2654,GW170104
1167556608,2655,GW170104
1167556608,2656,GW170104
1167556608,2657,GW170104
1167556608,2658,GW170104
1167556608,2659,GW170104
1167556608,2660,GW170104
1167556608,2661,GW170104
1167556608,2662,GW170104
1167556608,2663,GW170104
1167556608,2664,GW170104
1167556608,2665,GW170104
1167556608,2666,GW170104
1167556608,2667,GW170104
1167556608,2668,GW170104
1167556608,2669,GW170104
1167556608,2670,GW170104
1167556608,2671,GW170104
1167556608,2672,GW170104
1167556608,2673,GW170104
1167556608,2674,GW170104
1167556608,2675,GW170104
1167556608,2676,GW170104
1167556608,2677,GW170104
1167556608,2678,GW170104
1167556608,2679,GW170104
1167556608,2680,GW170104
1167556608,2681,GW170104
1167556608,2682,GW170104
1167556608,2683,GW170104
1167556608,2684,GW170104
1167556608,2685,GW170104
1167556608,2686,GW170104
1167556608,2687,GW170104
1167556608,2688,GW170104
1167556608,2689,GW170104
1167556608,2690,GW170104
1167556608,2691,GW170104
1167556608,2692,GW170104
1167556608,2693,GW170104
1167556608,2694,GW170104
1167556608,2695,GW170104
1167556608,2696,GW170104
1167556608,2697,GW170104
1167556608,2698,GW170104
1167556608,2699,GW170104
1167556608,2700,GW170104
1167556608,2701,GW170104
1167556608,2702,GW170104
1167556608,2703,GW170104
1167556608,2704,GW170104
1167556608,2705,GW170104
1167556608,2706,GW170104
1167556608,2707,GW170104
1167556608,2708,GW170104
1167556608,2709,GW170104
1167556608,2710,GW170104
1167556608,2711,GW170104
1167556608,2712,GW170104
1167556608,2713,GW170104
1167556608,2714,GW170104
1167556608,2715,GW170104
1167556608,2716,GW170104
1167556608,2717,GW170104
1167556608,2718,GW170104
1167556608,2719,GW170104
1167556608,2720,GW170104
1167556608,2721,GW170104
1167556608,2722,GW170104
1167556608,2723,GW170104
1167556608,2724,GW170104
1167556608,2725,GW170104
1167556608,2726,GW170104
1167556608,2727,GW170104
1167556608,2728,GW170104
1167556608,2729,GW170104
1167556608,2730,GW170104
1167556608,2731,GW170104
1167556608,2732,GW170104
1167556608,2733,GW170104
1167556608,2734,GW170104
1167556608,2735,GW170104
1167556608,2736,GW170104
1167556608,2737,GW170104
1167556608,2738,GW170104
1167556608,2739,GW170104
1167556608,2740,GW170104
1167556608,2741,GW170104
1167556608,2742,GW170104
1167556608,2743,GW170104
1167556608,2744,GW170104
1167556608,2745,GW170104
1167556608,2746,GW170104
1167556608,2747,GW170104
1167556608,2748,GW170104
1167556608,2749,GW170104
1167556608,2750,GW170104
1167556608,2751,GW170104
1167556608,2752,GW170104
1167556608,2753,GW170104
1167556608,2754,GW170104
1167556608,2755,GW170104
1167556608,2756,GW170104
1167556608,2757,GW170104
1167556608,2758,GW170104
1167556608,2759,GW170104
1167556608,2760,GW170104
1167556608,2761,GW170104
1167556608,2762,GW170104
1167556608,2763,GW170104
1167556608,2764,GW170104
1167556608,2765,GW170104
1167556608,2766,GW170104
1167556608,2767,GW170104
1167556608,2768,GW170104
1167556608,2769,GW170104
1167556608,2770,GW170104
1167556608,2771,GW170104
1167556608,2772,GW170104
1167556608,2773,GW170104
1167556608,2774,GW170104
1167556608,2775,GW170104
1167556608,2776,GW170104
1167556608,2777,GW170104
1167556608,2778,GW170104
1167556608,2779,GW170104
1167556608,2780,GW170104
1167556608,2781,GW170104
1167556608,2782,GW170104
1167556608,2783,GW170104
1167556608,2784,GW170104
1167556608,2785,GW170104
1167556608,2786,GW170104
1167556608,2787,GW170104
1167556608,2788,GW170104
1167556608,2789,GW170104
1167556608,2790,GW170104
1167556608,2791,GW170104
1167556608,2792,GW170104
1167556608,2793,GW170104
1167556608,2794,GW170104
1167556608,2795,GW170104
1167556608,2796,GW170104
1167556608,2797,GW170104
1167556608,2798,GW170104
1167556608,2799,GW170104
1167556608,2800,GW170104
1167556608,2801,GW170104
1167556608,2802,GW170104
1167556608,2803,GW170104
1167556608,2804,GW170104
1167556608,2805,GW170104
1167556608,2806,GW170104
1167556608,2807,GW170104
1167556608,2808,GW170104
1167556608,2809,GW170104
1167556608,2810,GW170104
1167556608,2811,GW170104
1167556608,2812,GW170104
1167556608,2813,GW170104
1167556608,2814,GW170104
1167556608,2815,GW170104
1167556608,2816,GW170104
1167556608,2817,GW170104
1167556608,2818,GW170104
1167556608,2819,GW170104
1167556608,2820,GW170104
1167556608,2821,GW170104
1167556608,2822,GW170104
1167556608,2823,GW170104
1167556608,2824,GW170104
1167556608,2825,GW170104
1167556608,2826,GW170104
1167556608,2827,GW170104
1167556608,2828,GW170104
1167556608,2829,GW170104
1167556608,2830,GW170104
1167556608,2831,GW170104
1167556608,2832,GW170104
1167556608,2833,GW170104
1167556608,2834,GW170104
1167556608,2835,GW170104
1167556608,2836,GW170104
1167556608,2837,GW170104
1167556608,2838,GW170104
1167556608,2839,GW170104
1167556608,2840,GW170104
1167556608,2841,GW170104
1167556608,2842,GW170104
1167556608,2843,GW170104
1167556608,2844,GW170104
1167556608,2845,GW170104
1167556608,2846,GW170104
1167556608,2847,GW170104
1167556608,2848,GW170104
1167556608,2849,GW170104
1167556608,2850,GW170104
1167556608,2851,GW170104
1167556608,2852,GW170104
1167556608,2853,GW170104
1167556608,2854,GW170104
1167556608,2855,GW170104
1167556608,2856,GW170104
1167556608,2857,GW170104
1167556608,2858,GW170104
1167556608,2859,GW170104
1167556608,2860,GW170104
1167556608,2861,GW170104
1167556608,2862,GW170104
1167556608,2863,GW170104
1167556608,2864,GW170104
1167556608,2865,GW170104
1167556608,2866,GW170104
1167556608,2867,GW170104
1167556608,2868,GW170104
1167556608,2869,GW170104
1167556608,2870,GW170104
1167556608,2871,GW170104
1167556608,2872,GW170104
1167556608,2873,GW170104
1167556608,2874,GW170104
1167556608,2875,GW170104
1167556608,2876,GW170104
1167556608,2877,GW170104
1167556608,2878,GW170104
1167556608,2879,GW170104
1167556608,2880,GW170104
1167556608,2881,GW170104
1167556608,2882,GW170104
1167556608,2883,GW170104
1167556608,2884,GW170104
1167556608,2885,GW170104
1167556608,2886,GW170104
1167556608,2887,GW170104
1167556608,2888,GW170104
1167556608,2889,GW170104
1167556608,2890,GW170104
1167556608,2891,GW170104
1167556608,2892,GW170104
1167556608,2893,GW170104
1167556608,2894,GW170104
1167556608,2895,GW170104
1167556608,2896,GW170104
1167556608,2897,GW170104
1167556608,2898,GW170104
1167556608,2899,GW170104
1167556608,2900,GW170104
1167556608,2901,GW170104
1167556608,2902,GW170104
1167556608,2903,GW170104
1167556608,2904,GW170104
1167556608,2905,GW170104
1167556608,2906,GW170104
1167556608,2907,GW170104
1167556608,2908,GW170104
1167556608,2909,GW170104
1167556608,2910,GW170104
1167556608,2911,GW170104
1167556608,2912,GW170104
1167556608,2913,GW170104
1167556608,2914,GW170104
1167556608,2915,GW170104
1167556608,2916,GW170104
1167556608,2917,GW170104
1167556608,2918,GW170104
1167556608,2919,GW170104
1167556608,2920,GW170104
1167556608,2921,GW170104
1167556608,2922,GW170104
1167556608,2923,GW170104
1167556608,2924,GW170104
1167556608,2925,GW170104
1167556608,2926,GW170104
1167556608,2927,GW170104
1167556608,2928,GW170104
1167556608,2929,GW170104
1167556608,2930,GW170104
1167556608,2931,GW170104
1167556608,2932,GW170104
1167556608,2933,GW170104
1167556608,2934,GW170104
1167556608,2935,GW170104
1167556608,2936,GW170104
1167556608,2937,GW170104
1167556608,2938,GW170104
1167556608,2939,GW170104
1167556608,2940,GW170104
1167556608,2941,GW170104
1167556608,2942,GW170104
1167556608,2943,GW170104
1167556608,2944,GW170104
1167556608,2945,GW170104
1167556608,2946,GW170104
1167556608,2947,GW170104
1167556608,2948,GW170104
1167556608,2949,GW170104
1167556608,2950,GW170104
1167556608,2951,GW170104
1167556608,2952,GW170104
1167556608,2953,GW170104
1167556608,2954,GW170104
1167556608,2955,GW170104
1167556608,2956,GW170104
1167556608,2957,GW170104
1167556608,2958,GW170104
1167556608,2959,GW170104
1167556608,2960,GW170104
1167556608,2961,GW170104
1167556608,2962,GW170104
1167556608,2963,GW170104
1167556608,2964,GW170104
1167556608,2965,GW170104
1167556608,2966,GW170104
1167556608,2967,GW170104
1167556608,2968,GW170104
1167556608,2969,GW170104
1167556608,2970,GW170104
1167556608,2971,GW170104
1167556608,2972,GW170104
1167556608,2973,GW170104
1167556608,2974,GW170104
1167556608,2975,GW170104
1167556608,2976,GW170104
1167556608,2977,GW170104
1167556608,2978,GW170104
1167556608,2979,GW170104
1167556608,2980,GW170104
1167556608,2981,GW170104
1167556608,2982,GW170104
1167556608,2983,GW170104
1167556608,2984,GW170104
1167556608,2985,GW170104
1167556608,2986,GW170104
1167556608,2987,GW170104
1167556608,2988,GW170104
1167556608,2989,GW170104
1167556608,2990,GW170104
1167556608,2991,GW170104
1167556608,2992,GW170104
1167556608,2993,GW170104
1167556608,2994,GW170104
1167556608,2995,GW170104
1167556608,2996,GW170104
1167556608,2997,GW170104
1167556608,2998,GW170104
1167556608,2999,GW170104
1167556608,3000,GW170104
1167556608,3001,GW170104
1167556608,3002,GW170104
1167556608,3003,GW170104
1167556608,3004,GW170104
1167556608,3005,GW170104
1167556608,3006,GW170104
1167556608,3007,GW170104
1167556608,3008,GW170104
1167556608,3009,GW170104
1167556608,3010,GW170104
1167556608,3011,GW170104
1167556608,3012,GW170104
1167556608,3013,GW170104
1167556608,3014,GW170104
1167556608,3015,GW170104
1167556608,3016,GW170104
1167556608,3017,GW170104
1167556608,3018,GW170104
1167556608,3019,GW170104
1167556608,3020,GW170104
1167556608,3021,GW170104
1167556608,3022,GW170104
1167556608,3023,GW170104
1167556608,3024,GW170104
1167556608,3025,GW170104
1167556608,3026,GW170104
1167556608,3027,GW170104
1167556608,3028,GW170104
1167556608,3029,GW170104
1167556608,3030,GW170104
1167556608,3031,GW170104
1167556608,3032,GW170104
1167556608,3033,GW170104
1167556608,3034,GW170104
1167556608,3035,GW170104
1167556608,3036,GW170104
1167556608,3037,GW170104
1167556608,3038,GW170104
1167556608,3039,GW170104
1167556608,3040,GW170104
1167556608,3041,GW170104
1167556608,3042,GW170104
1167556608,3043,GW170104
1167556608,3044,GW170104
1167556608,3045,GW170104
1167556608,3046,GW170104
1167556608,3047,GW170104
1167556608,3048,GW170104
1167556608,3049,GW170104
1167556608,3050,GW170104
1167556608,3051,GW170104
1167556608,3052,GW170104
1167556608,3053,GW170104
1167556608,3054,GW170104
1167556608,3055,GW170104
1167556608,3056,GW170104
1167556608,3057,GW170104
1167556608,3058,GW170104
1167556608,3059,GW170104
1167556608,3060,GW170104
1167556608,3061,GW170104
1167556608,3062,GW170104
1167556608,3063,GW170104
1167556608,3064,GW170104
1167556608,3065,GW170104
1167556608,3066,GW170104
1167556608,3067,GW170104
1167556608,3068,GW170104
1167556608,3069,GW170104
1167556608,3070,GW170104
1167556608,3071,GW170104
1167556608,3072,GW170104
1167556608,3073,GW170104
1167556608,3074,GW170104
1167556608,3075,GW170104
1167556608,3076,GW170104
1167556608,3077,GW170104
1167556608,3078,GW170104
1167556608,3079,GW170104
1167556608,3080,GW170104
1167556608,3081,GW170104
1167556608,3082,GW170104
1167556608,3083,GW170104
1167556608,3084,GW170104
1167556608,3085,GW170104
1167556608,3086,GW170104
1167556608,3087,GW170104
1167556608,3088,GW170104
1167556608,3089,GW170104
1167556608,3090,GW170104
1167556608,3091,GW170104
1167556608,3092,GW170104
1167556608,3093,GW170104
1167556608,3094,GW170104
1167556608,3095,GW170104
1167556608,3096,GW170104
1167556608,3097,GW170104
1167556608,3098,GW170104
1167556608,3099,GW170104
1167556608,3100,GW170104
1167556608,3101,GW170104
1167556608,3102,GW170104
1167556608,3103,GW170104
1167556608,3104,GW170104
1167556608,3105,GW170104
1167556608,3106,GW170104
1167556608,3107,GW170104
1167556608,3108,GW170104
1167556608,3109,GW170104
1167556608,3110,GW170104
1167556608,3111,GW170104
1167556608,3112,GW170104
1167556608,3113,GW170104
1167556608,3114,GW170104
1167556608,3115,GW170104
1167556608,3116,GW170104
1167556608,3117,GW170104
1167556608,3118,GW170104
1167556608,3119,GW170104
1167556608,3120,GW170104
1167556608,3121,GW170104
1167556608,3122,GW170104
1167556608,3123,GW170104
1167556608,3124,GW170104
1167556608,3125,GW170104
1167556608,3126,GW170104
1167556608,3127,GW170104
1167556608,3128,GW170104
1167556608,3129,GW170104
1167556608,3130,GW170104
1167556608,3131,GW170104
1167556608,3132,GW170104
1167556608,3133,GW170104
1167556608,3134,GW170104
1167556608,3135,GW170104
1167556608,3136,GW170104
1167556608,3137,GW170104
1167556608,3138,GW170104
1167556608,3139,GW170104
1167556608,3140,GW170104
1167556608,3141,GW170104
1167556608,3142,GW170104
1167556608,3143,GW170104
1167556608,3144,GW170104
1167556608,3145,GW170104
1167556608,3146,GW170104
1167556608,3147,GW170104
1167556608,3148,GW170104
1167556608,3149,GW170104
1167556608,3150,GW170104
1167556608,3151,GW170104
1167556608,3152,GW170104
1167556608,3153,GW170104
1167556608,3154,GW170104
1167556608,3155,GW170104
1167556608,3156,GW170104
1167556608,3157,GW170104
1167556608,3158,GW170104
1167556608,3159,GW170104
1167556608,3160,GW170104
1167556608,3161,GW170104
1167556608,3162,GW170104
1167556608,3163,GW170104
1167556608,3164,GW170104
1167556608,3165,GW170104
1167556608,3166,GW170104
1167556608,3167,GW170104
1167556608,3168,GW170104
1167556608,3169,GW170104
1167556608,3170,GW170104
1167556608,3171,GW170104
1167556608,3172,GW170104
1167556608,3173,GW170104
1167556608,3174,GW170104
1167556608,3175,GW170104
1167556608,3176,GW170104
1167556608,3177,GW170104
1167556608,3178,GW170104
1167556608,3179,GW170104
1167556608,3180,GW170104
1167556608,3181,GW170104
1167556608,3182,GW170104
1167556608,3183,GW170104
1167556608,3184,GW170104
1167556608,3185,GW170104
1167556608,3186,GW170104
1167556608,3187,GW170104
1167556608,3188,GW170104
1167556608,3189,GW170104
1167556608,3190,GW170104
1167556608,3191,GW170104
1167556608,3192,GW170104
1167556608,3193,GW170104
1167556608,3194,GW170104
1167556608,3195,GW170104
1167556608,3196,GW170104
1167556608,3197,GW170104
1167556608,3198,GW170104
1167556608,3199,GW170104
1167556608,3200,GW170104
1167556608,3201,GW170104
1167556608,3202,GW170104
1167556608,3203,GW170104
1167556608,3204,GW170104
1167556608,3205,GW170104
1167556608,3206,GW170104
1167556608,3207,GW170104
1167556608,3208,GW170104
1167556608,3209,GW170104
1167556608,3210,GW170104
1167556608,3211,GW170104
1167556608,3212,GW170104
1167556608,3213,GW170104
1167556608,3214,GW170104
1167556608,3215,GW170104
1167556608,3216,GW170104
1167556608,3217,GW170104
1167556608,3218,GW170104
1167556608,3219,GW170104
1167556608,3220,GW170104
1167556608,3221,GW170104
1167556608,3222,GW170104
1167556608,3223,GW170104
1167556608,3224,GW170104
1167556608,3225,GW170104
1167556608,3226,GW170104
1167556608,3227,GW170104
1167556608,3228,GW170104
1167556608,3229,GW170104
1167556608,3230,GW170104
1167556608,3231,GW170104
1167556608,3232,GW170104
1167556608,3233,GW170104
1167556608,3234,GW170104
1167556608,3235,GW170104
1167556608,3236,GW170104
1167556608,3237,GW170104
1167556608,3238,GW170104
1167556608,3239,GW170104
1167556608,3240,GW170104
1167556608,3241,GW170104
1167556608,3242,GW170104
1167556608,3243,GW170104
1167556608,3244,GW170104
1167556608,3245,GW170104
1167556608,3246,GW170104
1167556608,3247,GW170104
1167556608,3248,GW170104
1167556608,3249,GW170104
1167556608,3250,GW170104
1167556608,3251,GW170104
1167556608,3252,GW170104
1167556608,3253,GW170104
1167556608,3254,GW170104
1167556608,3255,GW170104
1167556608,3256,GW170104
1167556608,3257,GW170104
1167556608,3258,GW170104
1167556608,3259,GW170104
1167556608,3260,GW170104
1167556608,3261,GW170104
1167556608,3262,GW170104
1167556608,3263,GW170104
1167556608,3264,GW170104
1167556608,3265,GW170104
1167556608,3266,GW170104
1167556608,3267,GW170104
1167556608,3268,GW170104
1167556608,3269,GW170104
1167556608,3270,GW170104
1167556608,3271,GW170104
1167556608,3272,GW170104
1167556608,3273,GW170104
1167556608,3274,GW170104
1167556608,3275,GW170104
1167556608,3276,GW170104
1167556608,3277,GW170104
1167556608,3278,GW170104
1167556608,3279,GW170104
1167556608,3280,GW170104
1167556608,3281,GW170104
1167556608,3282,GW170104
1167556608,3283,GW170104
1167556608,3284,GW170104
1167556608,3285,GW170104
1167556608,3286,GW170104
1167556608,3287,GW170104
1167556608,3288,GW170104
1167556608,3289,GW170104
1167556608,3290,GW170104
1167556608,3291,GW170104
1167556608,3292,GW170104
1167556608,3293,GW170104
1167556608,3294,GW170104
1167556608,3295,GW170104
1167556608,3296,GW170104
1167556608,3297,GW170104
1167556608,3298,GW170104
1167556608,3299,GW170104
1167556608,3300,GW170104
1167556608,3301,GW170104
1167556608,3302,GW170104
1167556608,3303,GW170104
1167556608,3304,GW170104
1167556608,3305,GW170104
1167556608,3306,GW170104
1167556608,3307,GW170104
1167556608,3308,GW170104
1167556608,3309,GW170104
1167556608,3310,GW170104
1167556608,3311,GW170104
1167556608,3312,GW170104
1167556608,3313,GW170104
1167556608,3314,GW170104
1167556608,3315,GW170104
1167556608,3316,GW170104
1167556608,3317,GW170104
1167556608,3318,GW170104
1167556608,3319,GW170104
1167556608,3320,GW170104
1167556608,3321,GW170104
1167556608,3322,GW170104
1167556608,3323,GW170104
1167556608,3324,GW170104
1167556608,3325,GW170104
1167556608,3326,GW170104
1167556608,3327,GW170104
1167556608,3328,GW170104
1167556608,3329,GW170104
1167556608,3330,GW170104
1167556608,3331,GW170104
1167556608,3332,GW170104
1167556608,3333,GW170104
1167556608,3334,GW170104
1167556608,3335,GW170104
1167556608,3336,GW170104
1167556608,3337,GW170104
1167556608,3338,GW170104
1167556608,3339,GW170104
1167556608,3340,GW170104
1167556608,3341,GW170104
1167556608,3342,GW170104
1167556608,3343,GW170104
1167556608,3344,GW170104
1167556608,3345,GW170104
1167556608,3346,GW170104
1167556608,3347,GW170104
1167556608,3348,GW170104
1167556608,3349,GW170104
1167556608,3350,GW170104
1167556608,3351,GW170104
1167556608,3352,GW170104
1167556608,3353,GW170104
1167556608,3354,GW170104
1167556608,3355,GW170104
1167556608,3356,GW170104
1167556608,3357,GW170104
1167556608,3358,GW170104
1167556608,3359,GW170104
1167556608,3360,GW170104
1167556608,3361,GW170104
1167556608,3362,GW170104
1167556608,3363,GW170104
1167556608,3364,GW170104
1167556608,3365,GW170104
1167556608,3366,GW170104
1167556608,3367,GW170104
1167556608,3368,GW170104
1167556608,3369,GW170104
1167556608,3370,GW170104
1167556608,3371,GW170104
1167556608,3372,GW170104
1167556608,3373,GW170104
1167556608,3374,GW170104
1167556608,3375,GW170104
1167556608,3376,GW170104
1167556608,3377,GW170104
1167556608,3378,GW170104
1167556608,3379,GW170104
1167556608,3380,GW170104
1167556608,3381,GW170104
1167556608,3382,GW170104
1167556608,3383,GW170104
1167556608,3384,GW170104
1167556608,3385,GW170104
1167556608,3386,GW170104
1167556608,3387,GW170104
1167556608,3388,GW170104
1167556608,3389,GW170104
1167556608,3390,GW170104
1167556608,3391,GW170104
1167556608,3392,GW170104
1167556608,3393,GW170104
1167556608,3394,GW170104
1167556608,3395,GW170104
1167556608,3396,GW170104
1167556608,3397,GW170104
1167556608,3398,GW170104
1167556608,3399,GW170104
1167556608,3400,GW170104
1167556608,3401,GW170104
1167556608,3402,GW170104
1167556608,3403,GW170104
1167556608,3404,GW170104
1167556608,3405,GW170104
1167556608,3406,GW170104
1167556608,3407,GW170104
1167556608,3408,GW170104
1167556608,3409,GW170104
1167556608,3410,GW170104
1167556608,3411,GW170104
1167556608,3412,GW170104
1167556608,3413,GW170104
1167556608,3414,GW170104
1167556608,3415,GW170104
1167556608,3416,GW170104
1167556608,3417,GW170104
1167556608,3418,GW170104
1167556608,3419,GW170104
1167556608,3420,GW170104
1167556608,3421,GW170104
1167556608,3422,GW170104
1167556608,3423,GW170104
1167556608,3424,GW170104
1167556608,3425,GW170104
1167556608,3426,GW170104
1167556608,3427,GW170104
1167556608,3428,GW170104
1167556608,3429,GW170104
1167556608,3430,GW170104
1167556608,3431,GW170104
1167556608,3432,GW170104
1167556608,3433,GW170104
1167556608,3434,GW170104
1167556608,3435,GW170104
1167556608,3436,GW170104
1167556608,3437,GW170104
1167556608,3438,GW170104
1167556608,3439,GW170104
1167556608,3440,GW170104
1167556608,3441,GW170104
1167556608,3442,GW170104
1167556608,3443,GW170104
1167556608,3444,GW170104
1167556608,3445,GW170104
1167556608,3446,GW170104
1167556608,3447,GW170104
1167556608,3448,GW170104
1167556608,3449,GW170104
1167556608,3450,GW170104
1167556608,3451,GW170104
1167556608,3452,GW170104
1167556608,3453,GW170104
1167556608,3454,GW170104
1167556608,3455,GW170104
1167556608,3456,GW170104
1167556608,3457,GW170104
1167556608,3458,GW170104
1167556608,3459,GW170104
1167556608,3460,GW170104
1167556608,3461,GW170104
1167556608,3462,GW170104
1167556608,3463,GW170104
1167556608,3464,GW170104
1167556608,3465,GW170104
1167556608,3466,GW170104
1167556608,3467,GW170104
1167556608,3468,GW170104
1167556608,3469,GW170104
1167556608,3470,GW170104
1167556608,3471,GW170104
1167556608,3472,GW170104
1167556608,3473,GW170104
1167556608,3474,GW170104
1167556608,3475,GW170104
1167556608,3476,GW170104
1167556608,3477,GW170104
1167556608,3478,GW170104
1167556608,3479,GW170104
1167556608,3480,GW170104
1167556608,3481,GW170104
1167556608,3482,GW170104
1167556608,3483,GW170104
1167556608,3484,GW170104
1167556608,3485,GW170104
1167556608,3486,GW170104
1167556608,3487,GW170104
1167556608,3488,GW170104
1167556608,3489,GW170104
1167556608,3490,GW170104
1167556608,3491,GW170104
1167556608,3492,GW170104
1167556608,3493,GW170104
1167556608,3494,GW170104
1167556608,3495,GW170104
1167556608,3496,GW170104
1167556608,3497,GW170104
1167556608,3498,GW170104
1167556608,3499,GW170104
1167556608,3500,GW170104
1167556608,3501,GW170104
1167556608,3502,GW170104
1167556608,3503,GW170104
1167556608,3504,GW170104
1167556608,3505,GW170104
1167556608,3506,GW170104
1167556608,3507,GW170104
1167556608,3508,GW170104
1167556608,3509,GW170104
1167556608,3510,GW170104
1167556608,3511,GW170104
1167556608,3512,GW170104
1167556608,3513,GW170104
1167556608,3514,GW170104
1167556608,3515,GW170104
1167556608,3516,GW170104
1167556608,3517,GW170104
1167556608,3518,GW170104
1167556608,3519,GW170104
1167556608,3520,GW170104
1167556608,3521,GW170104
1167556608,3522,GW170104
1167556608,3523,GW170104
1167556608,3524,GW170104
1167556608,3525,GW170104
1167556608,3526,GW170104
1167556608,3527,GW170104
1167556608,3528,GW170104
1167556608,3529,GW170104
1167556608,3530,GW170104
1167556608,3531,GW170104
1167556608,3532,GW170104
1167556608,3533,GW170104
1167556608,3534,GW170104
1167556608,3535,GW170104
1167556608,3536,GW170104
1167556608,3537,GW170104
1167556608,3538,GW170104
1167556608,3539,GW170104
1167556608,3540,GW170104
1167556608,3541,GW170104
1167556608,3542,GW170104
1167556608,3543,GW170104
1167556608,3544,GW170104
1167556608,3545,GW170104
1167556608,3546,GW170104
1167556608,3547,GW170104
1167556608,3548,GW170104
1167556608,3549,GW170104
1167556608,3550,GW170104
1167556608,3551,GW170104
1167556608,3552,GW170104
1167556608,3553,GW170104
1167556608,3554,GW170104
1167556608,3555,GW170104
1167556608,3556,GW170104
1167556608,3557,GW170104
1167556608,3558,GW170104
1167556608,3559,GW170104
1167556608,3560,GW170104
1167556608,3561,GW170104
1167556608,3562,GW170104
1167556608,3563,GW170104
1167556608,3564,GW170104
1167556608,3565,GW170104
1167556608,3566,GW170104
1167556608,3567,GW170104
1167556608,3568,GW170104
1167556608,3569,GW170104
1167556608,3570,GW170104
1167556608,3571,GW170104
1167556608,3572,GW170104
1167556608,3573,GW170104
1167556608,3574,GW170104
1167556608,3575,GW170104
1167556608,3576,GW170104
1167556608,3577,GW170104
1167556608,3578,GW170104
1167556608,3579,GW170104
1167556608,3580,GW170104
1167556608,3581,GW170104
1167556608,3582,GW170104
1167556608,3583,GW170104
1167556608,3584,GW170104
1167556608,3585,GW170104
1167556608,3586,GW170104
1167556608,3587,GW170104
1167556608,3588,GW170104
1167556608,3589,GW170104
1167556608,3590,GW170104
1167556608,3591,GW170104
1167556608,3592,GW170104
1167556608,3593,GW170104
1167556608,3594,GW170104
1167556608,3595,GW170104
1167556608,3596,GW170104
1167556608,3597,GW170104
1167556608,3598,GW170104
1167556608,3599,GW170104
1167556608,3600,GW170104
1167556608,3601,GW170104
1167556608,3602,GW170104
1167556608,3603,GW170104
1167556608,3604,GW170104
1167556608,3605,GW170104
1167556608,3606,GW170104
1167556608,3607,GW170104
1167556608,3608,GW170104
1167556608,3609,GW170104
1167556608,3610,GW170104
1167556608,3611,GW170104
1167556608,3612,GW170104
1167556608,3613,GW170104
1167556608,3614,GW170104
1167556608,3615,GW170104
1167556608,3616,GW170104
1167556608,3617,GW170104
1167556608,3618,GW170104
1167556608,3619,GW170104
1167556608,3620,GW170104
1167556608,3621,GW170104
1167556608,3622,GW170104
1167556608,3623,GW170104
1167556608,3624,GW170104
1167556608,3625,GW170104
1167556608,3626,GW170104
1167556608,3627,GW170104
1167556608,3628,GW170104
1167556608,3629,GW170104
1167556608,3630,GW170104
1167556608,3631,GW170104
1167556608,3632,GW170104
1167556608,3633,GW170104
1167556608,3634,GW170104
1167556608,3635,GW170104
1167556608,3636,GW170104
1167556608,3637,GW170104
1167556608,3638,GW170104
1167556608,3639,GW170104
1167556608,3640,GW170104
1167556608,3641,GW170104
1167556608,3642,GW170104
1167556608,3643,GW170104
1167556608,3644,GW170104
1167556608,3645,GW170104
1167556608,3646,GW170104
1167556608,3647,GW170104
1167556608,3648,GW170104
1167556608,3649,GW170104
1167556608,3650,GW170104
1167556608,3651,GW170104
1167556608,3652,GW170104
1167556608,3653,GW170104
1167556608,3654,GW170104
1167556608,3655,GW170104
1167556608,3656,GW170104
1167556608,3657,GW170104
1167556608,3658,GW170104
1167556608,3659,GW170104
1167556608,3660,GW170104
1167556608,3661,GW170104
1167556608,3662,GW170104
1167556608,3663,GW170104
1167556608,3664,GW170104
1167556608,3665,GW170104
1167556608,3666,GW170104
1167556608,3667,GW170104
1167556608,3668,GW170104
1167556608,3669,GW170104
1167556608,3670,GW170104
1167556608,3671,GW170104
1167556608,3672,GW170104
1167556608,3673,GW170104
1167556608,3674,GW170104
1167556608,3675,GW170104
1167556608,3676,GW170104
1167556608,3677,GW170104
1167556608,3678,GW170104
1167556608,3679,GW170104
1167556608,3680,GW170104
1167556608,3681,GW170104
1167556608,3682,GW170104
1167556608,3683,GW170104
1167556608,3684,GW170104
1167556608,3685,GW170104
1167556608,3686,GW170104
1167556608,3687,GW170104
1167556608,3688,GW170104
1167556608,3689,GW170104
1167556608,3690,GW170104
1167556608,3691,GW170104
1167556608,3692,GW170104
1167556608,3693,GW170104
1167556608,3694,GW170104
1167556608,3695,GW170104
1167556608,3696,GW170104
1167556608,3697,GW170104
1167556608,3698,GW170104
1167556608,3699,GW170104
1167556608,3700,GW170104
1167556608,3701,GW170104
1167556608,3702,GW170104
1167556608,3703,GW170104
1167556608,3704,GW170104
1167556608,3705,GW170104
1167556608,3706,GW170104
1167556608,3707,GW170104
1167556608,3708,GW170104
1167556608,3709,GW170104
1167556608,3710,GW170104
1167556608,3711,GW170104
1167556608,3712,GW170104
1167556608,3713,GW170104
1167556608,3714,GW170104
1167556608,3715,GW170104
1167556608,3716,GW170104
1167556608,3717,GW170104
1167556608,3718,GW170104
1167556608,3719,GW170104
1167556608,3720,GW170104
1167556608,3721,GW170104
1167556608,3722,GW170104
1167556608,3723,GW170104
1167556608,3724,GW170104
1167556608,3725,GW170104
1167556608,3726,GW170104
1167556608,3727,GW170104
1167556608,3728,GW170104
1167556608,3729,GW170104
1167556608,3730,GW170104
1167556608,3731,GW170104
1167556608,3732,GW170104
1167556608,3733,GW170104
1167556608,3734,GW170104
1167556608,3735,GW170104
1167556608,3736,GW170104
1167556608,3737,GW170104
1167556608,3738,GW170104
1167556608,3739,GW170104
1167556608,3740,GW170104
1167556608,3741,GW170104
1167556608,3742,GW170104
1167556608,3743,GW170104
1167556608,3744,GW170104
1167556608,3745,GW170104
1167556608,3746,GW170104
1167556608,3747,GW170104
1167556608,3748,GW170104
1167556608,3749,GW170104
1167556608,3750,GW170104
1167556608,3751,GW170104
1167556608,3752,GW170104
1167556608,3753,GW170104
1167556608,3754,GW170104
1167556608,3755,GW170104
1167556608,3756,GW170104
1167556608,3757,GW170104
1167556608,3758,GW170104
1167556608,3759,GW170104
1167556608,3760,GW170104
1167556608,3761,GW170104
1167556608,3762,GW170104
1167556608,3763,GW170104
1167556608,3764,GW170104
1167556608,3765,GW170104
1167556608,3766,GW170104
1167556608,3767,GW170104
1167556608,3768,GW170104
1167556608,3769,GW170104
1167556608,3770,GW170104
1167556608,3771,GW170104
1167556608,3772,GW170104
1167556608,3773,GW170104
1167556608,3774,GW170104
1167556608,3775,GW170104
1167556608,3776,GW170104
1167556608,3777,GW170104
1167556608,3778,GW170104
1167556608,3779,GW170104
1167556608,3780,GW170104
1167556608,3781,GW170104
1167556608,3782,GW170104
1167556608,3783,GW170104
1167556608,3784,GW170104
1167556608,3785,GW170104
1167556608,3786,GW170104
1167556608,3787,GW170104
1167556608,3788,GW170104
1167556608,3789,GW170104
1167556608,3790,GW170104
1167556608,3791,GW170104
1167556608,3792,GW170104
1167556608,3793,GW170104
1167556608,3794,GW170104
1167556608,3795,GW170104
1167556608,3796,GW170104
1167556608,3797,GW170104
1167556608,3798,GW170104
1167556608,3799,GW170104
1167556608,3800,GW170104
1167556608,3801,GW170104
1167556608,3802,GW170104
1167556608,3803,GW170104
1167556608,3804,GW170104
1167556608,3805,GW170104
1167556608,3806,GW170104
1167556608,3807,GW170104
1167556608,3808,GW170104
1167556608,3809,GW170104
1167556608,3810,GW170104
1167556608,3811,GW170104
1167556608,3812,GW170104
1167556608,3813,GW170104
1167556608,3814,GW170104
1167556608,3815,GW170104
1167556608,3816,GW170104
1167556608,3817,GW170104
1167556608,3818,GW170104
1167556608,3819,GW170104
1167556608,3820,GW170104
1167556608,3821,GW170104
1167556608,3822,GW170104
1167556608,3823,GW170104
1167556608,3824,GW170104
1167556608,3825,GW170104
1167556608,3826,GW170104
1167556608,3827,GW170104
1167556608,3828,GW170104
1167556608,3829,GW170104
1167556608,3830,GW170104
1167556608,3831,GW170104
1167556608,3832,GW170104
1167556608,3833,GW170104
1167556608,3834,GW170104
1167556608,3835,GW170104
1167556608,3836,GW170104
1167556608,3837,GW170104
1167556608,3838,GW170104
1167556608,3839,GW170104
1167556608,3840,GW170104
1167556608,3841,GW170104
1167556608,3842,GW170104
1167556608,3843,GW170104
1167556608,3844,GW170104
1167556608,3845,GW170104
1167556608,3846,GW170104
1167556608,3847,GW170104
1167556608,3848,GW170104
1167556608,3849,GW170104
1167556608,3850,GW170104
1167556608,3851,GW170104
1167556608,3852,GW170104
1167556608,3853,GW170104
1167556608,3854,GW170104
1167556608,3855,GW170104
1167556608,3856,GW170104
1167556608,3857,GW170104
1167556608,3858,GW170104
1167556608,3859,GW170104
1167556608,3860,GW170104
1167556608,3861,GW170104
1167556608,3862,GW170104
1167556608,3863,GW170104
1167556608,3864,GW170104
1167556608,3865,GW170104
1167556608,3866,GW170104
1167556608,3867,GW170104
1167556608,3868,GW170104
1167556608,3869,GW170104
1167556608,3870,GW170104
1167556608,3871,GW170104
1167556608,3872,GW170104
1167556608,3873,GW170104
1167556608,3874,GW170104
1167556608,3875,GW170104
1167556608,3876,GW170104
1167556608,3877,GW170104
1167556608,3878,GW170104
1167556608,3879,GW170104
1167556608,3880,GW170104
1167556608,3881,GW170104
1167556608,3882,GW170104
1167556608,3883,GW170104
1167556608,3884,GW170104
1167556608,3885,GW170104
1167556608,3886,GW170104
1167556608,3887,GW170104
1167556608,3888,GW170104
1167556608,3889,GW170104
1167556608,3890,GW170104
1167556608,3891,GW170104
1167556608,3892,GW170104
1167556608,3893,GW170104
1167556608,3894,GW170104
1167556608,3895,GW170104
1167556608,3896,GW170104
1167556608,3897,GW170104
1167556608,3898,GW170104
1167556608,3899,GW170104
1167556608,3900,GW170104
1167556608,3901,GW170104
1167556608,3902,GW170104
1167556608,3903,GW170104
1167556608,3904,GW170104
1167556608,3905,GW170104
1167556608,3906,GW170104
1167556608,3907,GW170104
1167556608,3908,GW170104
1167556608,3909,GW170104
1167556608,3910,GW170104
1167556608,3911,GW170104
1167556608,3912,GW170104
1167556608,3913,GW170104
1167556608,3914,GW170104
1167556608,3915,GW170104
1167556608,3916,GW170104
1167556608,3917,GW170104
1167556608,3918,GW170104
1167556608,3919,GW170104
1167556608,3920,GW170104
1167556608,3921,GW170104
1167556608,3922,GW170104
1167556608,3923,GW170104
1167556608,3924,GW170104
1167556608,3925,GW170104
1167556608,3926,GW170104
1167556608,3927,GW170104
1167556608,3928,GW170104
1167556608,3929,GW170104
1167556608,3930,GW170104
1167556608,3931,GW170104
1167556608,3932,GW170104
1167556608,3933,GW170104
1167556608,3934,GW170104
1167556608,3935,GW170104
1167556608,3936,GW170104
1167556608,3937,GW170104
1167556608,3938,GW170104
1167556608,3939,GW170104
1167556608,3940,GW170104
1167556608,3941,GW170104
1167556608,3942,GW170104
1167556608,3943,GW170104
1167556608,3944,GW170104
1167556608,3945,GW170104
1167556608,3946,GW170104
1167556608,3947,GW170104
1167556608,3948,GW170104
1167556608,3949,GW170104
1167556608,3950,GW170104
1167556608,3951,GW170104
1167556608,3952,GW170104
1167556608,3953,GW170104
1167556608,3954,GW170104
1167556608,3955,GW170104
1167556608,3956,GW170104
1167556608,3957,GW170104
1167556608,3958,GW170104
1167556608,3959,GW170104
1167556608,3960,GW170104
1167556608,3961,GW170104
1167556608,3962,GW170104
1167556608,3963,GW170104
1167556608,3964,GW170104
1167556608,3965,GW170104
1167556608,3966,GW170104
1167556608,3967,GW170104
1167556608,3968,GW170104
1167556608,3969,GW170104
1167556608,3970,GW170104
1167556608,3971,GW170104
1167556608,3972,GW170104
1167556608,3973,GW170104
1167556608,3974,GW170104
1167556608,3975,GW170104
1167556608,3976,GW170104
1167556608,3977,GW170104
1167556608,3978,GW170104
1167556608,3979,GW170104
1167556608,3980,GW170104
1167556608,3981,GW170104
1167556608,3982,GW170104
1167556608,3983,GW170104
1167556608,3984,GW170104
1167556608,3985,GW170104
1167556608,3986,GW170104
1167556608,3987,GW170104
1167556608,3988,GW170104
1167556608,3989,GW170104
1167556608,3990,GW170104
1167556608,3991,GW170104
1167556608,3992,GW170104
1167556608,3993,GW170104
1167556608,3994,GW170104
1167556608,3995,GW170104
1167556608,3996,GW170104
1167556608,3997,GW170104
1167556608,3998,GW170104
1167556608,3999,GW170104
1167556608,4000,GW170104
1167556608,4001,GW170104
1167556608,4002,GW170104
1167556608,4003,GW170104
1167556608,4004,GW170104
1167556608,4005,GW170104
1167556608,4006,GW170104
1167556608,4007,GW170104
1167556608,4008,GW170104
1167556608,4009,GW170104
1167556608,4010,GW170104
1167556608,4011,GW170104
1167556608,4012,GW170104
1167556608,4013,GW170104
1167556608,4014,GW170104
1167556608,4015,GW170104
1167556608,4016,GW170104
1167556608,4017,GW170104
1167556608,4018,GW170104
1167556608,4019,GW170104
1167556608,4020,GW170104
1167556608,4021,GW170104
1167556608,4022,GW170104
1167556608,4023,GW170104
1167556608,4024,GW170104
1167556608,4025,GW170104
1167556608,4026,GW170104
1167556608,4027,GW170104
1167556608,4028,GW170104
1167556608,4029,GW170104
1167556608,4030,GW170104
1167556608,4031,GW170104
1167556608,4032,GW170104
1167556608,4033,GW170104
1167556608,4034,GW170104
1167556608,4035,GW170104
1167556608,4036,GW170104
1167556608,4037,GW170104
1167556608,4038,GW170104
1167556608,4039,GW170104
1167556608,4040,GW170104
1167556608,4041,GW170104
1167556608,4042,GW170104
1167556608,4043,GW170104
1167556608,4044,GW170104
1167556608,4045,GW170104
1167556608,4046,GW170104
1167556608,4047,GW170104
1167556608,4048,GW170104
1167556608,4049,GW170104
1167556608,4050,GW170104
1167556608,4051,GW170104
1167556608,4052,GW170104
1167556608,4053,GW170104
1167556608,4054,GW170104
1167556608,4055,GW170104
1167556608,4056,GW170104
1167556608,4057,GW170104
1167556608,4058,GW170104
1167556608,4059,GW170104
1167556608,4060,GW170104
1167556608,4061,GW170104
1167556608,4062,GW170104
1167556608,4063,GW170104
1167556608,4064,GW170104
1167556608,4065,GW170104
1167556608,4066,GW170104
1167556608,4067,GW170104
1167556608,4068,GW170104
1167556608,4069,GW170104
1167556608,4070,GW170104
1167556608,4071,GW170104
1167556608,4072,GW170104
1167556608,4073,GW170104
1167556608,4074,GW170104
1167556608,4075,GW170104
1167556608,4076,GW170104
1167556608,4077,GW170104
1167556608,4078,GW170104
1167556608,4079,GW170104
1167556608,4080,GW170104
1167556608,4081,GW170104
1167556608,4082,GW170104
1167556608,4083,GW170104
1167556608,4084,GW170104
1167556608,4085,GW170104
1167556608,4086,GW170104
1167556608,4087,GW170104
1167556608,4088,GW170104
1167556608,4089,GW170104
1167556608,4090,GW170104
1167556608,4091,GW170104
1167556608,4092,GW170104
1167556608,4093,GW170104
1167556608,4094,GW170104
1167556608,4095,GW170104
1186738176,0,GW170814
1186738176,1,GW170814
1186738176,2,GW170814
1186738176,3,GW170814
1186738176,4,GW170814
1186738176,5,GW170814
1186738176,6,GW170814
1186738176,7,GW170814
1186738176,8,GW170814
1186738176,9,GW170814
1186738176,10,GW170814
1186738176,11,GW170814
1186738176,12,GW170814
1186738176,13,GW170814
1186738176,14,GW170814
1186738176,15,GW170814
1186738176,16,GW170814
1186738176,17,GW170814
1186738176,18,GW170814
1186738176,19,GW170814
1186738176,20,GW170814
1186738176,21,GW170814
1186738176,22,GW170814
1186738176,23,GW170814
1186738176,24,GW170814
1186738176,25,GW170814
1186738176,26,GW170814
1186738176,27,GW170814
1186738176,28,GW170814
1186738176,29,GW170814
1186738176,30,GW170814
1186738176,31,GW170814
1186738176,32,GW170814
1186738176,33,GW170814
1186738176,34,GW170814
1186738176,35,GW170814
1186738176,36,GW170814
1186738176,37,GW170814
1186738176,38,GW170814
1186738176,39,GW170814
1186738176,40,GW170814
1186738176,41,GW170814
1186738176,42,GW170814
1186738176,43,GW170814
1186738176,44,GW170814
1186738176,45,GW170814
1186738176,46,GW170814
1186738176,47,GW170814
1186738176,48,GW170814
1186738176,49,GW170814
1186738176,50,GW170814
1186738176,51,GW170814
1186738176,52,GW170814
1186738176,53,GW170814
1186738176,54,GW170814
1186738176,55,GW170814
1186738176,56,GW170814
1186738176,57,GW170814
1186738176,58,GW170814
1186738176,59,GW170814
1186738176,60,GW170814
1186738176,61,GW170814
1186738176,62,GW170814
1186738176,63,GW170814
1186738176,64,GW170814
1186738176,65,GW170814
1186738176,66,GW170814
1186738176,67,GW170814
1186738176,68,GW170814
1186738176,69,GW170814
1186738176,70,GW170814
1186738176,71,GW170814
1186738176,72,GW170814
1186738176,73,GW170814
1186738176,74,GW170814
1186738176,75,GW170814
1186738176,76,GW170814
1186738176,77,GW170814
1186738176,78,GW170814
1186738176,79,GW170814
1186738176,80,GW170814
1186738176,81,GW170814
1186738176,82,GW170814
1186738176,83,GW170814
1186738176,84,GW170814
1186738176,85,GW170814
1186738176,86,GW170814
1186738176,87,GW170814
1186738176,88,GW170814
1186738176,89,GW170814
1186738176,90,GW170814
1186738176,91,GW170814
1186738176,92,GW170814
1186738176,93,GW170814
1186738176,94,GW170814
1186738176,95,GW170814
1186738176,96,GW170814
1186738176,97,GW170814
1186738176,98,GW170814
1186738176,99,GW170814
1186738176,100,GW170814
1186738176,101,GW170814
1186738176,102,GW170814
1186738176,103,GW170814
1186738176,104,GW170814
1186738176,105,GW170814
1186738176,106,GW170814
1186738176,107,GW170814
1186738176,108,GW170814
1186738176,109,GW170814
1186738176,110,GW170814
1186738176,111,GW170814
1186738176,112,GW170814
1186738176,113,GW170814
1186738176,114,GW170814
1186738176,115,GW170814
1186738176,116,GW170814
1186738176,117,GW170814
1186738176,118,GW170814
1186738176,119,GW170814
1186738176,120,GW170814
1186738176,121,GW170814
1186738176,122,GW170814
1186738176,123,GW170814
1186738176,124,GW170814
1186738176,125,GW170814
1186738176,126,GW170814
1186738176,127,GW170814
1186738176,128,GW170814
1186738176,129,GW170814
1186738176,130,GW170814
1186738176,131,GW170814
1186738176,132,GW170814
1186738176,133,GW170814
1186738176,134,GW170814
1186738176,135,GW170814
1186738176,136,GW170814
1186738176,137,GW170814
1186738176,138,GW170814
1186738176,139,GW170814
1186738176,140,GW170814
1186738176,141,GW170814
1186738176,142,GW170814
1186738176,143,GW170814
1186738176,144,GW170814
1186738176,145,GW170814
1186738176,146,GW170814
1186738176,147,GW170814
1186738176,148,GW170814
1186738176,149,GW170814
1186738176,150,GW170814
1186738176,151,GW170814
1186738176,152,GW170814
1186738176,153,GW170814
1186738176,154,GW170814
1186738176,155,GW170814
1186738176,156,GW170814
1186738176,157,GW170814
1186738176,158,GW170814
1186738176,159,GW170814
1186738176,160,GW170814
1186738176,161,GW170814
1186738176,162,GW170814
1186738176,163,GW170814
1186738176,164,GW170814
1186738176,165,GW170814
1186738176,166,GW170814
1186738176,167,GW170814
1186738176,168,GW170814
1186738176,169,GW170814
1186738176,170,GW170814
1186738176,171,GW170814
1186738176,172,GW170814
1186738176,173,GW170814
1186738176,174,GW170814
1186738176,175,GW170814
1186738176,176,GW170814
1186738176,177,GW170814
1186738176,178,GW170814
1186738176,179,GW170814
1186738176,180,GW170814
1186738176,181,GW170814
1186738176,182,GW170814
1186738176,183,GW170814
1186738176,184,GW170814
1186738176,185,GW170814
1186738176,186,GW170814
1186738176,187,GW170814
1186738176,188,GW170814
1186738176,189,GW170814
1186738176,190,GW170814
1186738176,191,GW170814
1186738176,192,GW170814
1186738176,193,GW170814
1186738176,194,GW170814
1186738176,195,GW170814
1186738176,196,GW170814
1186738176,197,GW170814
1186738176,198,GW170814
1186738176,199,GW170814
1186738176,200,GW170814
1186738176,201,GW170814
1186738176,202,GW170814
1186738176,203,GW170814
1186738176,204,GW170814
1186738176,205,GW170814
1186738176,206,GW170814
1186738176,207,GW170814
1186738176,208,GW170814
1186738176,209,GW170814
1186738176,210,GW170814
1186738176,211,GW170814
1186738176,212,GW170814
1186738176,213,GW170814
1186738176,214,GW170814
1186738176,215,GW170814
1186738176,216,GW170814
1186738176,217,GW170814
1186738176,218,GW170814
1186738176,219,GW170814
1186738176,220,GW170814
1186738176,221,GW170814
1186738176,222,GW170814
1186738176,223,GW170814
1186738176,224,GW170814
1186738176,225,GW170814
1186738176,226,GW170814
1186738176,227,GW170814
1186738176,228,GW170814
1186738176,229,GW170814
1186738176,230,GW170814
1186738176,231,GW170814
1186738176,232,GW170814
1186738176,233,GW170814
1186738176,234,GW170814
1186738176,235,GW170814
1186738176,236,GW170814
1186738176,237,GW170814
1186738176,238,GW170814
1186738176,239,GW170814
1186738176,240,GW170814
1186738176,241,GW170814
1186738176,242,GW170814
1186738176,243,GW170814
1186738176,244,GW170814
1186738176,245,GW170814
1186738176,246,GW170814
1186738176,247,GW170814
1186738176,248,GW170814
1186738176,249,GW170814
1186738176,250,GW170814
1186738176,251,GW170814
1186738176,252,GW170814
1186738176,253,GW170814
1186738176,254,GW170814
1186738176,255,GW170814
1186738176,256,GW170814
1186738176,257,GW170814
1186738176,258,GW170814
1186738176,259,GW170814
1186738176,260,GW170814
1186738176,261,GW170814
1186738176,262,GW170814
1186738176,263,GW170814
1186738176,264,GW170814
1186738176,265,GW170814
1186738176,266,GW170814
1186738176,267,GW170814
1186738176,268,GW170814
1186738176,269,GW170814
1186738176,270,GW170814
1186738176,271,GW170814
1186738176,272,GW170814
1186738176,273,GW170814
1186738176,274,GW170814
1186738176,275,GW170814
1186738176,276,GW170814
1186738176,277,GW170814
1186738176,278,GW170814
1186738176,279,GW170814
1186738176,280,GW170814
1186738176,281,GW170814
1186738176,282,GW170814
1186738176,283,GW170814
1186738176,284,GW170814
1186738176,285,GW170814
1186738176,286,GW170814
1186738176,287,GW170814
1186738176,288,GW170814
1186738176,289,GW170814
1186738176,290,GW170814
1186738176,291,GW170814
1186738176,292,GW170814
1186738176,293,GW170814
1186738176,294,GW170814
1186738176,295,GW170814
1186738176,296,GW170814
1186738176,297,GW170814
1186738176,298,GW170814
1186738176,299,GW170814
1186738176,300,GW170814
1186738176,301,GW170814
1186738176,302,GW170814
1186738176,303,GW170814
1186738176,304,GW170814
1186738176,305,GW170814
1186738176,306,GW170814
1186738176,307,GW170814
1186738176,308,GW170814
1186738176,309,GW170814
1186738176,310,GW170814
1186738176,311,GW170814
1186738176,312,GW170814
1186738176,313,GW170814
1186738176,314,GW170814
1186738176,315,GW170814
1186738176,316,GW170814
1186738176,317,GW170814
1186738176,318,GW170814
1186738176,319,GW170814
1186738176,320,GW170814
1186738176,321,GW170814
1186738176,322,GW170814
1186738176,323,GW170814
1186738176,324,GW170814
1186738176,325,GW170814
1186738176,326,GW170814
1186738176,327,GW170814
1186738176,328,GW170814
1186738176,329,GW170814
1186738176,330,GW170814
1186738176,331,GW170814
1186738176,332,GW170814
1186738176,333,GW170814
1186738176,334,GW170814
1186738176,335,GW170814
1186738176,336,GW170814
1186738176,337,GW170814
1186738176,338,GW170814
1186738176,339,GW170814
1186738176,340,GW170814
1186738176,341,GW170814
1186738176,342,GW170814
1186738176,343,GW170814
1186738176,344,GW170814
1186738176,345,GW170814
1186738176,346,GW170814
1186738176,347,GW170814
1186738176,348,GW170814
1186738176,349,GW170814
1186738176,350,GW170814
1186738176,351,GW170814
1186738176,352,GW170814
1186738176,353,GW170814
1186738176,354,GW170814
1186738176,355,GW170814
1186738176,356,GW170814
1186738176,357,GW170814
1186738176,358,GW170814
1186738176,359,GW170814
1186738176,360,GW170814
1186738176,361,GW170814
1186738176,362,GW170814
1186738176,363,GW170814
1186738176,364,GW170814
1186738176,365,GW170814
1186738176,366,GW170814
1186738176,367,GW170814
1186738176,368,GW170814
1186738176,369,GW170814
1186738176,370,GW170814
1186738176,371,GW170814
1186738176,372,GW170814
1186738176,373,GW170814
1186738176,374,GW170814
1186738176,375,GW170814
1186738176,376,GW170814
1186738176,377,GW170814
1186738176,378,GW170814
1186738176,379,GW170814
1186738176,380,GW170814
1186738176,381,GW170814
1186738176,382,GW170814
1186738176,383,GW170814
1186738176,384,GW170814
1186738176,385,GW170814
1186738176,386,GW170814
1186738176,387,GW170814
1186738176,388,GW170814
1186738176,389,GW170814
1186738176,390,GW170814
1186738176,391,GW170814
1186738176,392,GW170814
1186738176,393,GW170814
1186738176,394,GW170814
1186738176,395,GW170814
1186738176,396,GW170814
1186738176,397,GW170814
1186738176,398,GW170814
1186738176,399,GW170814
1186738176,400,GW170814
1186738176,401,GW170814
1186738176,402,GW170814
1186738176,403,GW170814
1186738176,404,GW170814
1186738176,405,GW170814
1186738176,406,GW170814
1186738176,407,GW170814
1186738176,408,GW170814
1186738176,409,GW170814
1186738176,410,GW170814
1186738176,411,GW170814
1186738176,412,GW170814
1186738176,413,GW170814
1186738176,414,GW170814
1186738176,415,GW170814
1186738176,416,GW170814
1186738176,417,GW170814
1186738176,418,GW170814
1186738176,419,GW170814
1186738176,420,GW170814
1186738176,421,GW170814
1186738176,422,GW170814
1186738176,423,GW170814
1186738176,424,GW170814
1186738176,425,GW170814
1186738176,426,GW170814
1186738176,427,GW170814
1186738176,428,GW170814
1186738176,429,GW170814
1186738176,430,GW170814
1186738176,431,GW170814
1186738176,432,GW170814
1186738176,433,GW170814
1186738176,434,GW170814
1186738176,435,GW170814
1186738176,436,GW170814
1186738176,437,GW170814
1186738176,438,GW170814
1186738176,439,GW170814
1186738176,440,GW170814
1186738176,441,GW170814
1186738176,442,GW170814
1186738176,443,GW170814
1186738176,444,GW170814
1186738176,445,GW170814
1186738176,446,GW170814
1186738176,447,GW170814
1186738176,448,GW170814
1186738176,449,GW170814
1186738176,450,GW170814
1186738176,451,GW170814
1186738176,452,GW170814
1186738176,453,GW170814
1186738176,454,GW170814
1186738176,455,GW170814
1186738176,456,GW170814
1186738176,457,GW170814
1186738176,458,GW170814
1186738176,459,GW170814
1186738176,460,GW170814
1186738176,461,GW170814
1186738176,462,GW170814
1186738176,463,GW170814
1186738176,464,GW170814
1186738176,465,GW170814
1186738176,466,GW170814
1186738176,467,GW170814
1186738176,468,GW170814
1186738176,469,GW170814
1186738176,470,GW170814
1186738176,471,GW170814
1186738176,472,GW170814
1186738176,473,GW170814
1186738176,474,GW170814
1186738176,475,GW170814
1186738176,476,GW170814
1186738176,477,GW170814
1186738176,478,GW170814
1186738176,479,GW170814
1186738176,480,GW170814
1186738176,481,GW170814
1186738176,482,GW170814
1186738176,483,GW170814
1186738176,484,GW170814
1186738176,485,GW170814
1186738176,486,GW170814
1186738176,487,GW170814
1186738176,488,GW170814
1186738176,489,GW170814
1186738176,490,GW170814
1186738176,491,GW170814
1186738176,492,GW170814
1186738176,493,GW170814
1186738176,494,GW170814
1186738176,495,GW170814
1186738176,496,GW170814
1186738176,497,GW170814
1186738176,498,GW170814
1186738176,499,GW170814
1186738176,500,GW170814
1186738176,501,GW170814
1186738176,502,GW170814
1186738176,503,GW170814
1186738176,504,GW170814
1186738176,505,GW170814
1186738176,506,GW170814
1186738176,507,GW170814
1186738176,508,GW170814
1186738176,509,GW170814
1186738176,510,GW170814
1186738176,511,GW170814
1186738176,512,GW170814
1186738176,513,GW170814
1186738176,514,GW170814
1186738176,515,GW170814
1186738176,516,GW170814
1186738176,517,GW170814
1186738176,518,GW170814
1186738176,519,GW170814
1186738176,520,GW170814
1186738176,521,GW170814
1186738176,522,GW170814
1186738176,523,GW170814
1186738176,524,GW170814
1186738176,525,GW170814
1186738176,526,GW170814
1186738176,527,GW170814
1186738176,528,GW170814
1186738176,529,GW170814
1186738176,530,GW170814
1186738176,531,GW170814
1186738176,532,GW170814
1186738176,533,GW170814
1186738176,534,GW170814
1186738176,535,GW170814
1186738176,536,GW170814
1186738176,537,GW170814
1186738176,538,GW170814
1186738176,539,GW170814
1186738176,540,GW170814
1186738176,541,GW170814
1186738176,542,GW170814
1186738176,543,GW170814
1186738176,544,GW170814
1186738176,545,GW170814
1186738176,546,GW170814
1186738176,547,GW170814
1186738176,548,GW170814
1186738176,549,GW170814
1186738176,550,GW170814
1186738176,551,GW170814
1186738176,552,GW170814
1186738176,553,GW170814
1186738176,554,GW170814
1186738176,555,GW170814
1186738176,556,GW170814
1186738176,557,GW170814
1186738176,558,GW170814
1186738176,559,GW170814
1186738176,560,GW170814
1186738176,561,GW170814
1186738176,562,GW170814
1186738176,563,GW170814
1186738176,564,GW170814
1186738176,565,GW170814
1186738176,566,GW170814
1186738176,567,GW170814
1186738176,568,GW170814
1186738176,569,GW170814
1186738176,570,GW170814
1186738176,571,GW170814
1186738176,572,GW170814
1186738176,573,GW170814
1186738176,574,GW170814
1186738176,575,GW170814
1186738176,576,GW170814
1186738176,577,GW170814
1186738176,578,GW170814
1186738176,579,GW170814
1186738176,580,GW170814
1186738176,581,GW170814
1186738176,582,GW170814
1186738176,583,GW170814
1186738176,584,GW170814
1186738176,585,GW170814
1186738176,586,GW170814
1186738176,587,GW170814
1186738176,588,GW170814
1186738176,589,GW170814
1186738176,590,GW170814
1186738176,591,GW170814
1186738176,592,GW170814
1186738176,593,GW170814
1186738176,594,GW170814
1186738176,595,GW170814
1186738176,596,GW170814
1186738176,597,GW170814
1186738176,598,GW170814
1186738176,599,GW170814
1186738176,600,GW170814
1186738176,601,GW170814
1186738176,602,GW170814
1186738176,603,GW170814
1186738176,604,GW170814
1186738176,605,GW170814
1186738176,606,GW170814
1186738176,607,GW170814
1186738176,608,GW170814
1186738176,609,GW170814
1186738176,610,GW170814
1186738176,611,GW170814
1186738176,612,GW170814
1186738176,613,GW170814
1186738176,614,GW170814
1186738176,615,GW170814
1186738176,616,GW170814
1186738176,617,GW170814
1186738176,618,GW170814
1186738176,619,GW170814
1186738176,620,GW170814
1186738176,621,GW170814
1186738176,622,GW170814
1186738176,623,GW170814
1186738176,624,GW170814
1186738176,625,GW170814
1186738176,626,GW170814
1186738176,627,GW170814
1186738176,628,GW170814
1186738176,629,GW170814
1186738176,630,GW170814
1186738176,631,GW170814
1186738176,632,GW170814
1186738176,633,GW170814
1186738176,634,GW170814
1186738176,635,GW170814
1186738176,636,GW170814
1186738176,637,GW170814
1186738176,638,GW170814
1186738176,639,GW170814
1186738176,640,GW170814
1186738176,641,GW170814
1186738176,642,GW170814
1186738176,643,GW170814
1186738176,644,GW170814
1186738176,645,GW170814
1186738176,646,GW170814
1186738176,647,GW170814
1186738176,648,GW170814
1186738176,649,GW170814
1186738176,650,GW170814
1186738176,651,GW170814
1186738176,652,GW170814
1186738176,653,GW170814
1186738176,654,GW170814
1186738176,655,GW170814
1186738176,656,GW170814
1186738176,657,GW170814
1186738176,658,GW170814
1186738176,659,GW170814
1186738176,660,GW170814
1186738176,661,GW170814
1186738176,662,GW170814
1186738176,663,GW170814
1186738176,664,GW170814
1186738176,665,GW170814
1186738176,666,GW170814
1186738176,667,GW170814
1186738176,668,GW170814
1186738176,669,GW170814
1186738176,670,GW170814
1186738176,671,GW170814
1186738176,672,GW170814
1186738176,673,GW170814
1186738176,674,GW170814
1186738176,675,GW170814
1186738176,676,GW170814
1186738176,677,GW170814
1186738176,678,GW170814
1186738176,679,GW170814
1186738176,680,GW170814
1186738176,681,GW170814
1186738176,682,GW170814
1186738176,683,GW170814
1186738176,684,GW170814
1186738176,685,GW170814
1186738176,686,GW170814
1186738176,687,GW170814
1186738176,688,GW170814
1186738176,689,GW170814
1186738176,690,GW170814
1186738176,691,GW170814
1186738176,692,GW170814
1186738176,693,GW170814
1186738176,694,GW170814
1186738176,695,GW170814
1186738176,696,GW170814
1186738176,697,GW170814
1186738176,698,GW170814
1186738176,699,GW170814
1186738176,700,GW170814
1186738176,701,GW170814
1186738176,702,GW170814
1186738176,703,GW170814
1186738176,704,GW170814
1186738176,705,GW170814
1186738176,706,GW170814
1186738176,707,GW170814
1186738176,708,GW170814
1186738176,709,GW170814
1186738176,710,GW170814
1186738176,711,GW170814
1186738176,712,GW170814
1186738176,713,GW170814
1186738176,714,GW170814
1186738176,715,GW170814
1186738176,716,GW170814
1186738176,717,GW170814
1186738176,718,GW170814
1186738176,719,GW170814
1186738176,720,GW170814
1186738176,721,GW170814
1186738176,722,GW170814
1186738176,723,GW170814
1186738176,724,GW170814
1186738176,725,GW170814
1186738176,726,GW170814
1186738176,727,GW170814
1186738176,728,GW170814
1186738176,729,GW170814
1186738176,730,GW170814
1186738176,731,GW170814
1186738176,732,GW170814
1186738176,733,GW170814
1186738176,734,GW170814
1186738176,735,GW170814
1186738176,736,GW170814
1186738176,737,GW170814
1186738176,738,GW170814
1186738176,739,GW170814
1186738176,740,GW170814
1186738176,741,GW170814
1186738176,742,GW170814
1186738176,743,GW170814
1186738176,744,GW170814
1186738176,745,GW170814
1186738176,746,GW170814
1186738176,747,GW170814
1186738176,748,GW170814
1186738176,749,GW170814
1186738176,750,GW170814
1186738176,751,GW170814
1186738176,752,GW170814
1186738176,753,GW170814
1186738176,754,GW170814
1186738176,755,GW170814
1186738176,756,GW170814
1186738176,757,GW170814
1186738176,758,GW170814
1186738176,759,GW170814
1186738176,760,GW170814
1186738176,761,GW170814
1186738176,762,GW170814
1186738176,763,GW170814
1186738176,764,GW170814
1186738176,765,GW170814
1186738176,766,GW170814
1186738176,767,GW170814
1186738176,768,GW170814
1186738176,769,GW170814
1186738176,770,GW170814
1186738176,771,GW170814
1186738176,772,GW170814
1186738176,773,GW170814
1186738176,774,GW170814
1186738176,775,GW170814
1186738176,776,GW170814
1186738176,777,GW170814
1186738176,778,GW170814
1186738176,779,GW170814
1186738176,780,GW170814
1186738176,781,GW170814
1186738176,782,GW170814
1186738176,783,GW170814
1186738176,784,GW170814
1186738176,785,GW170814
1186738176,786,GW170814
1186738176,787,GW170814
1186738176,788,GW170814
1186738176,789,GW170814
1186738176,790,GW170814
1186738176,791,GW170814
1186738176,792,GW170814
1186738176,793,GW170814
1186738176,794,GW170814
1186738176,795,GW170814
1186738176,796,GW170814
1186738176,797,GW170814
1186738176,798,GW170814
1186738176,799,GW170814
1186738176,800,GW170814
1186738176,801,GW170814
1186738176,802,GW170814
1186738176,803,GW170814
1186738176,804,GW170814
1186738176,805,GW170814
1186738176,806,GW170814
1186738176,807,GW170814
1186738176,808,GW170814
1186738176,809,GW170814
1186738176,810,GW170814
1186738176,811,GW170814
1186738176,812,GW170814
1186738176,813,GW170814
1186738176,814,GW170814
1186738176,815,GW170814
1186738176,816,GW170814
1186738176,817,GW170814
1186738176,818,GW170814
1186738176,819,GW170814
1186738176,820,GW170814
1186738176,821,GW170814
1186738176,822,GW170814
1186738176,823,GW170814
1186738176,824,GW170814
1186738176,825,GW170814
1186738176,826,GW170814
1186738176,827,GW170814
1186738176,828,GW170814
1186738176,829,GW170814
1186738176,830,GW170814
1186738176,831,GW170814
1186738176,832,GW170814
1186738176,833,GW170814
1186738176,834,GW170814
1186738176,835,GW170814
1186738176,836,GW170814
1186738176,837,GW170814
1186738176,838,GW170814
1186738176,839,GW170814
1186738176,840,GW170814
1186738176,841,GW170814
1186738176,842,GW170814
1186738176,843,GW170814
1186738176,844,GW170814
1186738176,845,GW170814
1186738176,846,GW170814
1186738176,847,GW170814
1186738176,848,GW170814
1186738176,849,GW170814
1186738176,850,GW170814
1186738176,851,GW170814
1186738176,852,GW170814
1186738176,853,GW170814
1186738176,854,GW170814
1186738176,855,GW170814
1186738176,856,GW170814
1186738176,857,GW170814
1186738176,858,GW170814
1186738176,859,GW170814
1186738176,860,GW170814
1186738176,861,GW170814
1186738176,862,GW170814
1186738176,863,GW170814
1186738176,864,GW170814
1186738176,865,GW170814
1186738176,866,GW170814
1186738176,867,GW170814
1186738176,868,GW170814
1186738176,869,GW170814
1186738176,870,GW170814
1186738176,871,GW170814
1186738176,872,GW170814
1186738176,873,GW170814
1186738176,874,GW170814
1186738176,875,GW170814
1186738176,876,GW170814
1186738176,877,GW170814
1186738176,878,GW170814
1186738176,879,GW170814
1186738176,880,GW170814
1186738176,881,GW170814
1186738176,882,GW170814
1186738176,883,GW170814
1186738176,884,GW170814
1186738176,885,GW170814
1186738176,886,GW170814
1186738176,887,GW170814
1186738176,888,GW170814
1186738176,889,GW170814
1186738176,890,GW170814
1186738176,891,GW170814
1186738176,892,GW170814
1186738176,893,GW170814
1186738176,894,GW170814
1186738176,895,GW170814
1186738176,896,GW170814
1186738176,897,GW170814
1186738176,898,GW170814
1186738176,899,GW170814
1186738176,900,GW170814
1186738176,901,GW170814
1186738176,902,GW170814
1186738176,903,GW170814
1186738176,904,GW170814
1186738176,905,GW170814
1186738176,906,GW170814
1186738176,907,GW170814
1186738176,908,GW170814
1186738176,909,GW170814
1186738176,910,GW170814
1186738176,911,GW170814
1186738176,912,GW170814
1186738176,913,GW170814
1186738176,914,GW170814
1186738176,915,GW170814
1186738176,916,GW170814
1186738176,917,GW170814
1186738176,918,GW170814
1186738176,919,GW170814
1186738176,920,GW170814
1186738176,921,GW170814
1186738176,922,GW170814
1186738176,923,GW170814
1186738176,924,GW170814
1186738176,925,GW170814
1186738176,926,GW170814
1186738176,927,GW170814
1186738176,928,GW170814
1186738176,929,GW170814
1186738176,930,GW170814
1186738176,931,GW170814
1186738176,932,GW170814
1186738176,933,GW170814
1186738176,934,GW170814
1186738176,935,GW170814
1186738176,936,GW170814
1186738176,937,GW170814
1186738176,938,GW170814
1186738176,939,GW170814
1186738176,940,GW170814
1186738176,941,GW170814
1186738176,942,GW170814
1186738176,943,GW170814
1186738176,944,GW170814
1186738176,945,GW170814
1186738176,946,GW170814
1186738176,947,GW170814
1186738176,948,GW170814
1186738176,949,GW170814
1186738176,950,GW170814
1186738176,951,GW170814
1186738176,952,GW170814
1186738176,953,GW170814
1186738176,954,GW170814
1186738176,955,GW170814
1186738176,956,GW170814
1186738176,957,GW170814
1186738176,958,GW170814
1186738176,959,GW170814
1186738176,960,GW170814
1186738176,961,GW170814
1186738176,962,GW170814
1186738176,963,GW170814
1186738176,964,GW170814
1186738176,965,GW170814
1186738176,966,GW170814
1186738176,967,GW170814
1186738176,968,GW170814
1186738176,969,GW170814
1186738176,970,GW170814
1186738176,971,GW170814
1186738176,972,GW170814
1186738176,973,GW170814
1186738176,974,GW170814
1186738176,975,GW170814
1186738176,976,GW170814
1186738176,977,GW170814
1186738176,978,GW170814
1186738176,979,GW170814
1186738176,980,GW170814
1186738176,981,GW170814
1186738176,982,GW170814
1186738176,983,GW170814
1186738176,984,GW170814
1186738176,985,GW170814
1186738176,986,GW170814
1186738176,987,GW170814
1186738176,988,GW170814
1186738176,989,GW170814
1186738176,990,GW170814
1186738176,991,GW170814
1186738176,992,GW170814
1186738176,993,GW170814
1186738176,994,GW170814
1186738176,995,GW170814
1186738176,996,GW170814
1186738176,997,GW170814
1186738176,998,GW170814
1186738176,999,GW170814
1186738176,1000,GW170814
1186738176,1001,GW170814
1186738176,1002,GW170814
1186738176,1003,GW170814
1186738176,1004,GW170814
1186738176,1005,GW170814
1186738176,1006,GW170814
1186738176,1007,GW170814
1186738176,1008,GW170814
1186738176,1009,GW170814
1186738176,1010,GW170814
1186738176,1011,GW170814
1186738176,1012,GW170814
1186738176,1013,GW170814
1186738176,1014,GW170814
1186738176,1015,GW170814
1186738176,1016,GW170814
1186738176,1017,GW170814
1186738176,1018,GW170814
1186738176,1019,GW170814
1186738176,1020,GW170814
1186738176,1021,GW170814
1186738176,1022,GW170814
1186738176,1023,GW170814
1186738176,1024,GW170814
1186738176,1025,GW170814
1186738176,1026,GW170814
1186738176,1027,GW170814
1186738176,1028,GW170814
1186738176,1029,GW170814
1186738176,1030,GW170814
1186738176,1031,GW170814
1186738176,1032,GW170814
1186738176,1033,GW170814
1186738176,1034,GW170814
1186738176,1035,GW170814
1186738176,1036,GW170814
1186738176,1037,GW170814
1186738176,1038,GW170814
1186738176,1039,GW170814
1186738176,1040,GW170814
1186738176,1041,GW170814
1186738176,1042,GW170814
1186738176,1043,GW170814
1186738176,1044,GW170814
1186738176,1045,GW170814
1186738176,1046,GW170814
1186738176,1047,GW170814
1186738176,1048,GW170814
1186738176,1049,GW170814
1186738176,1050,GW170814
1186738176,1051,GW170814
1186738176,1052,GW170814
1186738176,1053,GW170814
1186738176,1054,GW170814
1186738176,1055,GW170814
1186738176,1056,GW170814
1186738176,1057,GW170814
1186738176,1058,GW170814
1186738176,1059,GW170814
1186738176,1060,GW170814
1186738176,1061,GW170814
1186738176,1062,GW170814
1186738176,1063,GW170814
1186738176,1064,GW170814
1186738176,1065,GW170814
1186738176,1066,GW170814
1186738176,1067,GW170814
1186738176,1068,GW170814
1186738176,1069,GW170814
1186738176,1070,GW170814
1186738176,1071,GW170814
1186738176,1072,GW170814
1186738176,1073,GW170814
1186738176,1074,GW170814
1186738176,1075,GW170814
1186738176,1076,GW170814
1186738176,1077,GW170814
1186738176,1078,GW170814
1186738176,1079,GW170814
1186738176,1080,GW170814
1186738176,1081,GW170814
1186738176,1082,GW170814
1186738176,1083,GW170814
1186738176,1084,GW170814
1186738176,1085,GW170814
1186738176,1086,GW170814
1186738176,1087,GW170814
1186738176,1088,GW170814
1186738176,1089,GW170814
1186738176,1090,GW170814
1186738176,1091,GW170814
1186738176,1092,GW170814
1186738176,1093,GW170814
1186738176,1094,GW170814
1186738176,1095,GW170814
1186738176,1096,GW170814
1186738176,1097,GW170814
1186738176,1098,GW170814
1186738176,1099,GW170814
1186738176,1100,GW170814
1186738176,1101,GW170814
1186738176,1102,GW170814
1186738176,1103,GW170814
1186738176,1104,GW170814
1186738176,1105,GW170814
1186738176,1106,GW170814
1186738176,1107,GW170814
1186738176,1108,GW170814
1186738176,1109,GW170814
1186738176,1110,GW170814
1186738176,1111,GW170814
1186738176,1112,GW170814
1186738176,1113,GW170814
1186738176,1114,GW170814
1186738176,1115,GW170814
1186738176,1116,GW170814
1186738176,1117,GW170814
1186738176,1118,GW170814
1186738176,1119,GW170814
1186738176,1120,GW170814
1186738176,1121,GW170814
1186738176,1122,GW170814
1186738176,1123,GW170814
1186738176,1124,GW170814
1186738176,1125,GW170814
1186738176,1126,GW170814
1186738176,1127,GW170814
1186738176,1128,GW170814
1186738176,1129,GW170814
1186738176,1130,GW170814
1186738176,1131,GW170814
1186738176,1132,GW170814
1186738176,1133,GW170814
1186738176,1134,GW170814
1186738176,1135,GW170814
1186738176,1136,GW170814
1186738176,1137,GW170814
1186738176,1138,GW170814
1186738176,1139,GW170814
1186738176,1140,GW170814
1186738176,1141,GW170814
1186738176,1142,GW170814
1186738176,1143,GW170814
1186738176,1144,GW170814
1186738176,1145,GW170814
1186738176,1146,GW170814
1186738176,1147,GW170814
1186738176,1148,GW170814
1186738176,1149,GW170814
1186738176,1150,GW170814
1186738176,1151,GW170814
1186738176,1152,GW170814
1186738176,1153,GW170814
1186738176,1154,GW170814
1186738176,1155,GW170814
1186738176,1156,GW170814
1186738176,1157,GW170814
1186738176,1158,GW170814
1186738176,1159,GW170814
1186738176,1160,GW170814
1186738176,1161,GW170814
1186738176,1162,GW170814
1186738176,1163,GW170814
1186738176,1164,GW170814
1186738176,1165,GW170814
1186738176,1166,GW170814
1186738176,1167,GW170814
1186738176,1168,GW170814
1186738176,1169,GW170814
1186738176,1170,GW170814
1186738176,1171,GW170814
1186738176,1172,GW170814
1186738176,1173,GW170814
1186738176,1174,GW170814
1186738176,1175,GW170814
1186738176,1176,GW170814
1186738176,1177,GW170814
1186738176,1178,GW170814
1186738176,1179,GW170814
1186738176,1180,GW170814
1186738176,1181,GW170814
1186738176,1182,GW170814
1186738176,1183,GW170814
1186738176,1184,GW170814
1186738176,1185,GW170814
1186738176,1186,GW170814
1186738176,1187,GW170814
1186738176,1188,GW170814
1186738176,1189,GW170814
1186738176,1190,GW170814
1186738176,1191,GW170814
1186738176,1192,GW170814
1186738176,1193,GW170814
1186738176,1194,GW170814
1186738176,1195,GW170814
1186738176,1196,GW170814
1186738176,1197,GW170814
1186738176,1198,GW170814
1186738176,1199,GW170814
1186738176,1200,GW170814
1186738176,1201,GW170814
1186738176,1202,GW170814
1186738176,1203,GW170814
1186738176,1204,GW170814
1186738176,1205,GW170814
1186738176,1206,GW170814
1186738176,1207,GW170814
1186738176,1208,GW170814
1186738176,1209,GW170814
1186738176,1210,GW170814
1186738176,1211,GW170814
1186738176,1212,GW170814
1186738176,1213,GW170814
1186738176,1214,GW170814
1186738176,1215,GW170814
1186738176,1216,GW170814
1186738176,1217,GW170814
1186738176,1218,GW170814
1186738176,1219,GW170814
1186738176,1220,GW170814
1186738176,1221,GW170814
1186738176,1222,GW170814
1186738176,1223,GW170814
1186738176,1224,GW170814
1186738176,1225,GW170814
1186738176,1226,GW170814
1186738176,1227,GW170814
1186738176,1228,GW170814
1186738176,1229,GW170814
1186738176,1230,GW170814
1186738176,1231,GW170814
1186738176,1232,GW170814
1186738176,1233,GW170814
1186738176,1234,GW170814
1186738176,1235,GW170814
1186738176,1236,GW170814
1186738176,1237,GW170814
1186738176,1238,GW170814
1186738176,1239,GW170814
1186738176,1240,GW170814
1186738176,1241,GW170814
1186738176,1242,GW170814
1186738176,1243,GW170814
1186738176,1244,GW170814
1186738176,1245,GW170814
1186738176,1246,GW170814
1186738176,1247,GW170814
1186738176,1248,GW170814
1186738176,1249,GW170814
1186738176,1250,GW170814
1186738176,1251,GW170814
1186738176,1252,GW170814
1186738176,1253,GW170814
1186738176,1254,GW170814
1186738176,1255,GW170814
1186738176,1256,GW170814
1186738176,1257,GW170814
1186738176,1258,GW170814
1186738176,1259,GW170814
1186738176,1260,GW170814
1186738176,1261,GW170814
1186738176,1262,GW170814
1186738176,1263,GW170814
1186738176,1264,GW170814
1186738176,1265,GW170814
1186738176,1266,GW170814
1186738176,1267,GW170814
1186738176,1268,GW170814
1186738176,1269,GW170814
1186738176,1270,GW170814
1186738176,1271,GW170814
1186738176,1272,GW170814
1186738176,1273,GW170814
1186738176,1274,GW170814
1186738176,1275,GW170814
1186738176,1276,GW170814
1186738176,1277,GW170814
1186738176,1278,GW170814
1186738176,1279,GW170814
1186738176,1280,GW170814
1186738176,1281,GW170814
1186738176,1282,GW170814
1186738176,1283,GW170814
1186738176,1284,GW170814
1186738176,1285,GW170814
1186738176,1286,GW170814
1186738176,1287,GW170814
1186738176,1288,GW170814
1186738176,1289,GW170814
1186738176,1290,GW170814
1186738176,1291,GW170814
1186738176,1292,GW170814
1186738176,1293,GW170814
1186738176,1294,GW170814
1186738176,1295,GW170814
1186738176,1296,GW170814
1186738176,1297,GW170814
1186738176,1298,GW170814
1186738176,1299,GW170814
1186738176,1300,GW170814
1186738176,1301,GW170814
1186738176,1302,GW170814
1186738176,1303,GW170814
1186738176,1304,GW170814
1186738176,1305,GW170814
1186738176,1306,GW170814
1186738176,1307,GW170814
1186738176,1308,GW170814
1186738176,1309,GW170814
1186738176,1310,GW170814
1186738176,1311,GW170814
1186738176,1312,GW170814
1186738176,1313,GW170814
1186738176,1314,GW170814
1186738176,1315,GW170814
1186738176,1316,GW170814
1186738176,1317,GW170814
1186738176,1318,GW170814
1186738176,1319,GW170814
1186738176,1320,GW170814
1186738176,1321,GW170814
1186738176,1322,GW170814
1186738176,1323,GW170814
1186738176,1324,GW170814
1186738176,1325,GW170814
1186738176,1326,GW170814
1186738176,1327,GW170814
1186738176,1328,GW170814
1186738176,1329,GW170814
1186738176,1330,GW170814
1186738176,1331,GW170814
1186738176,1332,GW170814
1186738176,1333,GW170814
1186738176,1334,GW170814
1186738176,1335,GW170814
1186738176,1336,GW170814
1186738176,1337,GW170814
1186738176,1338,GW170814
1186738176,1339,GW170814
1186738176,1340,GW170814
1186738176,1341,GW170814
1186738176,1342,GW170814
1186738176,1343,GW170814
1186738176,1344,GW170814
1186738176,1345,GW170814
1186738176,1346,GW170814
1186738176,1347,GW170814
1186738176,1348,GW170814
1186738176,1349,GW170814
1186738176,1350,GW170814
1186738176,1351,GW170814
1186738176,1352,GW170814
1186738176,1353,GW170814
1186738176,1354,GW170814
1186738176,1355,GW170814
1186738176,1356,GW170814
1186738176,1357,GW170814
1186738176,1358,GW170814
1186738176,1359,GW170814
1186738176,1360,GW170814
1186738176,1361,GW170814
1186738176,1362,GW170814
1186738176,1363,GW170814
1186738176,1364,GW170814
1186738176,1365,GW170814
1186738176,1366,GW170814
1186738176,1367,GW170814
1186738176,1368,GW170814
1186738176,1369,GW170814
1186738176,1370,GW170814
1186738176,1371,GW170814
1186738176,1372,GW170814
1186738176,1373,GW170814
1186738176,1374,GW170814
1186738176,1375,GW170814
1186738176,1376,GW170814
1186738176,1377,GW170814
1186738176,1378,GW170814
1186738176,1379,GW170814
1186738176,1380,GW170814
1186738176,1381,GW170814
1186738176,1382,GW170814
1186738176,1383,GW170814
1186738176,1384,GW170814
1186738176,1385,GW170814
1186738176,1386,GW170814
1186738176,1387,GW170814
1186738176,1388,GW170814
1186738176,1389,GW170814
1186738176,1390,GW170814
1186738176,1391,GW170814
1186738176,1392,GW170814
1186738176,1393,GW170814
1186738176,1394,GW170814
1186738176,1395,GW170814
1186738176,1396,GW170814
1186738176,1397,GW170814
1186738176,1398,GW170814
1186738176,1399,GW170814
1186738176,1400,GW170814
1186738176,1401,GW170814
1186738176,1402,GW170814
1186738176,1403,GW170814
1186738176,1404,GW170814
1186738176,1405,GW170814
1186738176,1406,GW170814
1186738176,1407,GW170814
1186738176,1408,GW170814
1186738176,1409,GW170814
1186738176,1410,GW170814
1186738176,1411,GW170814
1186738176,1412,GW170814
1186738176,1413,GW170814
1186738176,1414,GW170814
1186738176,1415,GW170814
1186738176,1416,GW170814
1186738176,1417,GW170814
1186738176,1418,GW170814
1186738176,1419,GW170814
1186738176,1420,GW170814
1186738176,1421,GW170814
1186738176,1422,GW170814
1186738176,1423,GW170814
1186738176,1424,GW170814
1186738176,1425,GW170814
1186738176,1426,GW170814
1186738176,1427,GW170814
1186738176,1428,GW170814
1186738176,1429,GW170814
1186738176,1430,GW170814
1186738176,1431,GW170814
1186738176,1432,GW170814
1186738176,1433,GW170814
1186738176,1434,GW170814
1186738176,1435,GW170814
1186738176,1436,GW170814
1186738176,1437,GW170814
1186738176,1438,GW170814
1186738176,1439,GW170814
1186738176,1440,GW170814
1186738176,1441,GW170814
1186738176,1442,GW170814
1186738176,1443,GW170814
1186738176,1444,GW170814
1186738176,1445,GW170814
1186738176,1446,GW170814
1186738176,1447,GW170814
1186738176,1448,GW170814
1186738176,1449,GW170814
1186738176,1450,GW170814
1186738176,1451,GW170814
1186738176,1452,GW170814
1186738176,1453,GW170814
1186738176,1454,GW170814
1186738176,1455,GW170814
1186738176,1456,GW170814
1186738176,1457,GW170814
1186738176,1458,GW170814
1186738176,1459,GW170814
1186738176,1460,GW170814
1186738176,1461,GW170814
1186738176,1462,GW170814
1186738176,1463,GW170814
1186738176,1464,GW170814
1186738176,1465,GW170814
1186738176,1466,GW170814
1186738176,1467,GW170814
1186738176,1468,GW170814
1186738176,1469,GW170814
1186738176,1470,GW170814
1186738176,1471,GW170814
1186738176,1472,GW170814
1186738176,1473,GW170814
1186738176,1474,GW170814
1186738176,1475,GW170814
1186738176,1476,GW170814
1186738176,1477,GW170814
1186738176,1478,GW170814
1186738176,1479,GW170814
1186738176,1480,GW170814
1186738176,1481,GW170814
1186738176,1482,GW170814
1186738176,1483,GW170814
1186738176,1484,GW170814
1186738176,1485,GW170814
1186738176,1486,GW170814
1186738176,1487,GW170814
1186738176,1488,GW170814
1186738176,1489,GW170814
1186738176,1490,GW170814
1186738176,1491,GW170814
1186738176,1492,GW170814
1186738176,1493,GW170814
1186738176,1494,GW170814
1186738176,1495,GW170814
1186738176,1496,GW170814
1186738176,1497,GW170814
1186738176,1498,GW170814
1186738176,1499,GW170814
1186738176,1500,GW170814
1186738176,1501,GW170814
1186738176,1502,GW170814
1186738176,1503,GW170814
1186738176,1504,GW170814
1186738176,1505,GW170814
1186738176,1506,GW170814
1186738176,1507,GW170814
1186738176,1508,GW170814
1186738176,1509,GW170814
1186738176,1510,GW170814
1186738176,1511,GW170814
1186738176,1512,GW170814
1186738176,1513,GW170814
1186738176,1514,GW170814
1186738176,1515,GW170814
1186738176,1516,GW170814
1186738176,1517,GW170814
1186738176,1518,GW170814
1186738176,1519,GW170814
1186738176,1520,GW170814
1186738176,1521,GW170814
1186738176,1522,GW170814
1186738176,1523,GW170814
1186738176,1524,GW170814
1186738176,1525,GW170814
1186738176,1526,GW170814
1186738176,1527,GW170814
1186738176,1528,GW170814
1186738176,1529,GW170814
1186738176,1530,GW170814
1186738176,1531,GW170814
1186738176,1532,GW170814
1186738176,1533,GW170814
1186738176,1534,GW170814
1186738176,1535,GW170814
1186738176,1536,GW170814
1186738176,1537,GW170814
1186738176,1538,GW170814
1186738176,1539,GW170814
1186738176,1540,GW170814
1186738176,1541,GW170814
1186738176,1542,GW170814
1186738176,1543,GW170814
1186738176,1544,GW170814
1186738176,1545,GW170814
1186738176,1546,GW170814
1186738176,1547,GW170814
1186738176,1548,GW170814
1186738176,1549,GW170814
1186738176,1550,GW170814
1186738176,1551,GW170814
1186738176,1552,GW170814
1186738176,1553,GW170814
1186738176,1554,GW170814
1186738176,1555,GW170814
1186738176,1556,GW170814
1186738176,1557,GW170814
1186738176,1558,GW170814
1186738176,1559,GW170814
1186738176,1560,GW170814
1186738176,1561,GW170814
1186738176,1562,GW170814
1186738176,1563,GW170814
1186738176,1564,GW170814
1186738176,1565,GW170814
1186738176,1566,GW170814
1186738176,1567,GW170814
1186738176,1568,GW170814
1186738176,1569,GW170814
1186738176,1570,GW170814
1186738176,1571,GW170814
1186738176,1572,GW170814
1186738176,1573,GW170814
1186738176,1574,GW170814
1186738176,1575,GW170814
1186738176,1576,GW170814
1186738176,1577,GW170814
1186738176,1578,GW170814
1186738176,1579,GW170814
1186738176,1580,GW170814
1186738176,1581,GW170814
1186738176,1582,GW170814
1186738176,1583,GW170814
1186738176,1584,GW170814
1186738176,1585,GW170814
1186738176,1586,GW170814
1186738176,1587,GW170814
1186738176,1588,GW170814
1186738176,1589,GW170814
1186738176,1590,GW170814
1186738176,1591,GW170814
1186738176,1592,GW170814
1186738176,1593,GW170814
1186738176,1594,GW170814
1186738176,1595,GW170814
1186738176,1596,GW170814
1186738176,1597,GW170814
1186738176,1598,GW170814
1186738176,1599,GW170814
1186738176,1600,GW170814
1186738176,1601,GW170814
1186738176,1602,GW170814
1186738176,1603,GW170814
1186738176,1604,GW170814
1186738176,1605,GW170814
1186738176,1606,GW170814
1186738176,1607,GW170814
1186738176,1608,GW170814
1186738176,1609,GW170814
1186738176,1610,GW170814
1186738176,1611,GW170814
1186738176,1612,GW170814
1186738176,1613,GW170814
1186738176,1614,GW170814
1186738176,1615,GW170814
1186738176,1616,GW170814
1186738176,1617,GW170814
1186738176,1618,GW170814
1186738176,1619,GW170814
1186738176,1620,GW170814
1186738176,1621,GW170814
1186738176,1622,GW170814
1186738176,1623,GW170814
1186738176,1624,GW170814
1186738176,1625,GW170814
1186738176,1626,GW170814
1186738176,1627,GW170814
1186738176,1628,GW170814
1186738176,1629,GW170814
1186738176,1630,GW170814
1186738176,1631,GW170814
1186738176,1632,GW170814
1186738176,1633,GW170814
1186738176,1634,GW170814
1186738176,1635,GW170814
1186738176,1636,GW170814
1186738176,1637,GW170814
1186738176,1638,GW170814
1186738176,1639,GW170814
1186738176,1640,GW170814
1186738176,1641,GW170814
1186738176,1642,GW170814
1186738176,1643,GW170814
1186738176,1644,GW170814
1186738176,1645,GW170814
1186738176,1646,GW170814
1186738176,1647,GW170814
1186738176,1648,GW170814
1186738176,1649,GW170814
1186738176,1650,GW170814
1186738176,1651,GW170814
1186738176,1652,GW170814
1186738176,1653,GW170814
1186738176,1654,GW170814
1186738176,1655,GW170814
1186738176,1656,GW170814
1186738176,1657,GW170814
1186738176,1658,GW170814
1186738176,1659,GW170814
1186738176,1660,GW170814
1186738176,1661,GW170814
1186738176,1662,GW170814
1186738176,1663,GW170814
1186738176,1664,GW170814
1186738176,1665,GW170814
1186738176,1666,GW170814
1186738176,1667,GW170814
1186738176,1668,GW170814
1186738176,1669,GW170814
1186738176,1670,GW170814
1186738176,1671,GW170814
1186738176,1672,GW170814
1186738176,1673,GW170814
1186738176,1674,GW170814
1186738176,1675,GW170814
1186738176,1676,GW170814
1186738176,1677,GW170814
1186738176,1678,GW170814
1186738176,1679,GW170814
1186738176,1680,GW170814
1186738176,1681,GW170814
1186738176,1682,GW170814
1186738176,1683,GW170814
1186738176,1684,GW170814
1186738176,1685,GW170814
1186738176,1686,GW170814
1186738176,1687,GW170814
1186738176,1688,GW170814
1186738176,1689,GW170814
1186738176,1690,GW170814
1186738176,1691,GW170814
1186738176,1692,GW170814
1186738176,1693,GW170814
1186738176,1694,GW170814
1186738176,1695,GW170814
1186738176,1696,GW170814
1186738176,1697,GW170814
1186738176,1698,GW170814
1186738176,1699,GW170814
1186738176,1700,GW170814
1186738176,1701,GW170814
1186738176,1702,GW170814
1186738176,1703,GW170814
1186738176,1704,GW170814
1186738176,1705,GW170814
1186738176,1706,GW170814
1186738176,1707,GW170814
1186738176,1708,GW170814
1186738176,1709,GW170814
1186738176,1710,GW170814
1186738176,1711,GW170814
1186738176,1712,GW170814
1186738176,1713,GW170814
1186738176,1714,GW170814
1186738176,1715,GW170814
1186738176,1716,GW170814
1186738176,1717,GW170814
1186738176,1718,GW170814
1186738176,1719,GW170814
1186738176,1720,GW170814
1186738176,1721,GW170814
1186738176,1722,GW170814
1186738176,1723,GW170814
1186738176,1724,GW170814
1186738176,1725,GW170814
1186738176,1726,GW170814
1186738176,1727,GW170814
1186738176,1728,GW170814
1186738176,1729,GW170814
1186738176,1730,GW170814
1186738176,1731,GW170814
1186738176,1732,GW170814
1186738176,1733,GW170814
1186738176,1734,GW170814
1186738176,1735,GW170814
1186738176,1736,GW170814
1186738176,1737,GW170814
1186738176,1738,GW170814
1186738176,1739,GW170814
1186738176,1740,GW170814
1186738176,1741,GW170814
1186738176,1742,GW170814
1186738176,1743,GW170814
1186738176,1744,GW170814
1186738176,1745,GW170814
1186738176,1746,GW170814
1186738176,1747,GW170814
1186738176,1748,GW170814
1186738176,1749,GW170814
1186738176,1750,GW170814
1186738176,1751,GW170814
1186738176,1752,GW170814
1186738176,1753,GW170814
1186738176,1754,GW170814
1186738176,1755,GW170814
1186738176,1756,GW170814
1186738176,1757,GW170814
1186738176,1758,GW170814
1186738176,1759,GW170814
1186738176,1760,GW170814
1186738176,1761,GW170814
1186738176,1762,GW170814
1186738176,1763,GW170814
1186738176,1764,GW170814
1186738176,1765,GW170814
1186738176,1766,GW170814
1186738176,1767,GW170814
1186738176,1768,GW170814
1186738176,1769,GW170814
1186738176,1770,GW170814
1186738176,1771,GW170814
1186738176,1772,GW170814
1186738176,1773,GW170814
1186738176,1774,GW170814
1186738176,1775,GW170814
1186738176,1776,GW170814
1186738176,1777,GW170814
1186738176,1778,GW170814
1186738176,1779,GW170814
1186738176,1780,GW170814
1186738176,1781,GW170814
1186738176,1782,GW170814
1186738176,1783,GW170814
1186738176,1784,GW170814
1186738176,1785,GW170814
1186738176,1786,GW170814
1186738176,1787,GW170814
1186738176,1788,GW170814
1186738176,1789,GW170814
1186738176,1790,GW170814
1186738176,1791,GW170814
1186738176,1792,GW170814
1186738176,1793,GW170814
1186738176,1794,GW170814
1186738176,1795,GW170814
1186738176,1796,GW170814
1186738176,1797,GW170814
1186738176,1798,GW170814
1186738176,1799,GW170814
1186738176,1800,GW170814
1186738176,1801,GW170814
1186738176,1802,GW170814
1186738176,1803,GW170814
1186738176,1804,GW170814
1186738176,1805,GW170814
1186738176,1806,GW170814
1186738176,1807,GW170814
1186738176,1808,GW170814
1186738176,1809,GW170814
1186738176,1810,GW170814
1186738176,1811,GW170814
1186738176,1812,GW170814
1186738176,1813,GW170814
1186738176,1814,GW170814
1186738176,1815,GW170814
1186738176,1816,GW170814
1186738176,1817,GW170814
1186738176,1818,GW170814
1186738176,1819,GW170814
1186738176,1820,GW170814
1186738176,1821,GW170814
1186738176,1822,GW170814
1186738176,1823,GW170814
1186738176,1824,GW170814
1186738176,1825,GW170814
1186738176,1826,GW170814
1186738176,1827,GW170814
1186738176,1828,GW170814
1186738176,1829,GW170814
1186738176,1830,GW170814
1186738176,1831,GW170814
1186738176,1832,GW170814
1186738176,1833,GW170814
1186738176,1834,GW170814
1186738176,1835,GW170814
1186738176,1836,GW170814
1186738176,1837,GW170814
1186738176,1838,GW170814
1186738176,1839,GW170814
1186738176,1840,GW170814
1186738176,1841,GW170814
1186738176,1842,GW170814
1186738176,1843,GW170814
1186738176,1844,GW170814
1186738176,1845,GW170814
1186738176,1846,GW170814
1186738176,1847,GW170814
1186738176,1848,GW170814
1186738176,1849,GW170814
1186738176,1850,GW170814
1186738176,1851,GW170814
1186738176,1852,GW170814
1186738176,1853,GW170814
1186738176,1854,GW170814
1186738176,1855,GW170814
1186738176,1856,GW170814
1186738176,1857,GW170814
1186738176,1858,GW170814
1186738176,1859,GW170814
1186738176,1860,GW170814
1186738176,1861,GW170814
1186738176,1862,GW170814
1186738176,1863,GW170814
1186738176,1864,GW170814
1186738176,1865,GW170814
1186738176,1866,GW170814
1186738176,1867,GW170814
1186738176,1868,GW170814
1186738176,1869,GW170814
1186738176,1870,GW170814
1186738176,1871,GW170814
1186738176,1872,GW170814
1186738176,1873,GW170814
1186738176,1874,GW170814
1186738176,1875,GW170814
1186738176,1876,GW170814
1186738176,1877,GW170814
1186738176,1878,GW170814
1186738176,1879,GW170814
1186738176,1880,GW170814
1186738176,1881,GW170814
1186738176,1882,GW170814
1186738176,1883,GW170814
1186738176,1884,GW170814
1186738176,1885,GW170814
1186738176,1886,GW170814
1186738176,1887,GW170814
1186738176,1888,GW170814
1186738176,1889,GW170814
1186738176,1890,GW170814
1186738176,1891,GW170814
1186738176,1892,GW170814
1186738176,1893,GW170814
1186738176,1894,GW170814
1186738176,1895,GW170814
1186738176,1896,GW170814
1186738176,1897,GW170814
1186738176,1898,GW170814
1186738176,1899,GW170814
1186738176,1900,GW170814
1186738176,1901,GW170814
1186738176,1902,GW170814
1186738176,1903,GW170814
1186738176,1904,GW170814
1186738176,1905,GW170814
1186738176,1906,GW170814
1186738176,1907,GW170814
1186738176,1908,GW170814
1186738176,1909,GW170814
1186738176,1910,GW170814
1186738176,1911,GW170814
1186738176,1912,GW170814
1186738176,1913,GW170814
1186738176,1914,GW170814
1186738176,1915,GW170814
1186738176,1916,GW170814
1186738176,1917,GW170814
1186738176,1918,GW170814
1186738176,1919,GW170814
1186738176,1920,GW170814
1186738176,1921,GW170814
1186738176,1922,GW170814
1186738176,1923,GW170814
1186738176,1924,GW170814
1186738176,1925,GW170814
1186738176,1926,GW170814
1186738176,1927,GW170814
1186738176,1928,GW170814
1186738176,1929,GW170814
1186738176,1930,GW170814
1186738176,1931,GW170814
1186738176,1932,GW170814
1186738176,1933,GW170814
1186738176,1934,GW170814
1186738176,1935,GW170814
1186738176,1936,GW170814
1186738176,1937,GW170814
1186738176,1938,GW170814
1186738176,1939,GW170814
1186738176,1940,GW170814
1186738176,1941,GW170814
1186738176,1942,GW170814
1186738176,1943,GW170814
1186738176,1944,GW170814
1186738176,1945,GW170814
1186738176,1946,GW170814
1186738176,1947,GW170814
1186738176,1948,GW170814
1186738176,1949,GW170814
1186738176,1950,GW170814
1186738176,1951,GW170814
1186738176,1952,GW170814
1186738176,1953,GW170814
1186738176,1954,GW170814
1186738176,1955,GW170814
1186738176,1956,GW170814
1186738176,1957,GW170814
1186738176,1958,GW170814
1186738176,1959,GW170814
1186738176,1960,GW170814
1186738176,1961,GW170814
1186738176,1962,GW170814
1186738176,1963,GW170814
1186738176,1964,GW170814
1186738176,1965,GW170814
1186738176,1966,GW170814
1186738176,1967,GW170814
1186738176,1968,GW170814
1186738176,1969,GW170814
1186738176,1970,GW170814
1186738176,1971,GW170814
1186738176,1972,GW170814
1186738176,1973,GW170814
1186738176,1974,GW170814
1186738176,1975,GW170814
1186738176,1976,GW170814
1186738176,1977,GW170814
1186738176,1978,GW170814
1186738176,1979,GW170814
1186738176,1980,GW170814
1186738176,1981,GW170814
1186738176,1982,GW170814
1186738176,1983,GW170814
1186738176,1984,GW170814
1186738176,1985,GW170814
1186738176,1986,GW170814
1186738176,1987,GW170814
1186738176,1988,GW170814
1186738176,1989,GW170814
1186738176,1990,GW170814
1186738176,1991,GW170814
1186738176,1992,GW170814
1186738176,1993,GW170814
1186738176,1994,GW170814
1186738176,1995,GW170814
1186738176,1996,GW170814
1186738176,1997,GW170814
1186738176,1998,GW170814
1186738176,1999,GW170814
1186738176,2000,GW170814
1186738176,2001,GW170814
1186738176,2002,GW170814
1186738176,2003,GW170814
1186738176,2004,GW170814
1186738176,2005,GW170814
1186738176,2006,GW170814
1186738176,2007,GW170814
1186738176,2008,GW170814
1186738176,2009,GW170814
1186738176,2010,GW170814
1186738176,2011,GW170814
1186738176,2012,GW170814
1186738176,2013,GW170814
1186738176,2014,GW170814
1186738176,2015,GW170814
1186738176,2016,GW170814
1186738176,2017,GW170814
1186738176,2018,GW170814
1186738176,2019,GW170814
1186738176,2020,GW170814
1186738176,2021,GW170814
1186738176,2022,GW170814
1186738176,2023,GW170814
1186738176,2024,GW170814
1186738176,2025,GW170814
1186738176,2026,GW170814
1186738176,2027,GW170814
1186738176,2028,GW170814
1186738176,2029,GW170814
1186738176,2030,GW170814
1186738176,2031,GW170814
1186738176,2032,GW170814
1186738176,2033,GW170814
1186738176,2034,GW170814
1186738176,2035,GW170814
1186738176,2036,GW170814
1186738176,2037,GW170814
1186738176,2038,GW170814
1186738176,2039,GW170814
1186738176,2040,GW170814
1186738176,2041,GW170814
1186738176,2042,GW170814
1186738176,2043,GW170814
1186738176,2044,GW170814
1186738176,2045,GW170814
1186738176,2046,GW170814
1186738176,2047,GW170814
1186738176,2048,GW170814
1186738176,2049,GW170814
1186738176,2050,GW170814
1186738176,2051,GW170814
1186738176,2052,GW170814
1186738176,2053,GW170814
1186738176,2054,GW170814
1186738176,2055,GW170814
1186738176,2056,GW170814
1186738176,2057,GW170814
1186738176,2058,GW170814
1186738176,2059,GW170814
1186738176,2060,GW170814
1186738176,2061,GW170814
1186738176,2062,GW170814
1186738176,2063,GW170814
1186738176,2064,GW170814
1186738176,2065,GW170814
1186738176,2066,GW170814
1186738176,2067,GW170814
1186738176,2068,GW170814
1186738176,2069,GW170814
1186738176,2070,GW170814
1186738176,2071,GW170814
1186738176,2072,GW170814
1186738176,2073,GW170814
1186738176,2074,GW170814
1186738176,2075,GW170814
1186738176,2076,GW170814
1186738176,2077,GW170814
1186738176,2078,GW170814
1186738176,2079,GW170814
1186738176,2080,GW170814
1186738176,2081,GW170814
1186738176,2082,GW170814
1186738176,2083,GW170814
1186738176,2084,GW170814
1186738176,2085,GW170814
1186738176,2086,GW170814
1186738176,2087,GW170814
1186738176,2088,GW170814
1186738176,2089,GW170814
1186738176,2090,GW170814
1186738176,2091,GW170814
1186738176,2092,GW170814
1186738176,2093,GW170814
1186738176,2094,GW170814
1186738176,2095,GW170814
1186738176,2096,GW170814
1186738176,2097,GW170814
1186738176,2098,GW170814
1186738176,2099,GW170814
1186738176,2100,GW170814
1186738176,2101,GW170814
1186738176,2102,GW170814
1186738176,2103,GW170814
1186738176,2104,GW170814
1186738176,2105,GW170814
1186738176,2106,GW170814
1186738176,2107,GW170814
1186738176,2108,GW170814
1186738176,2109,GW170814
1186738176,2110,GW170814
1186738176,2111,GW170814
1186738176,2112,GW170814
1186738176,2113,GW170814
1186738176,2114,GW170814
1186738176,2115,GW170814
1186738176,2116,GW170814
1186738176,2117,GW170814
1186738176,2118,GW170814
1186738176,2119,GW170814
1186738176,2120,GW170814
1186738176,2121,GW170814
1186738176,2122,GW170814
1186738176,2123,GW170814
1186738176,2124,GW170814
1186738176,2125,GW170814
1186738176,2126,GW170814
1186738176,2127,GW170814
1186738176,2128,GW170814
1186738176,2129,GW170814
1186738176,2130,GW170814
1186738176,2131,GW170814
1186738176,2132,GW170814
1186738176,2133,GW170814
1186738176,2134,GW170814
1186738176,2135,GW170814
1186738176,2136,GW170814
1186738176,2137,GW170814
1186738176,2138,GW170814
1186738176,2139,GW170814
1186738176,2140,GW170814
1186738176,2141,GW170814
1186738176,2142,GW170814
1186738176,2143,GW170814
1186738176,2144,GW170814
1186738176,2145,GW170814
1186738176,2146,GW170814
1186738176,2147,GW170814
1186738176,2148,GW170814
1186738176,2149,GW170814
1186738176,2150,GW170814
1186738176,2151,GW170814
1186738176,2152,GW170814
1186738176,2153,GW170814
1186738176,2154,GW170814
1186738176,2155,GW170814
1186738176,2156,GW170814
1186738176,2157,GW170814
1186738176,2158,GW170814
1186738176,2159,GW170814
1186738176,2160,GW170814
1186738176,2161,GW170814
1186738176,2162,GW170814
1186738176,2163,GW170814
1186738176,2164,GW170814
1186738176,2165,GW170814
1186738176,2166,GW170814
1186738176,2167,GW170814
1186738176,2168,GW170814
1186738176,2169,GW170814
1186738176,2170,GW170814
1186738176,2171,GW170814
1186738176,2172,GW170814
1186738176,2173,GW170814
1186738176,2174,GW170814
1186738176,2175,GW170814
1186738176,2176,GW170814
1186738176,2177,GW170814
1186738176,2178,GW170814
1186738176,2179,GW170814
1186738176,2180,GW170814
1186738176,2181,GW170814
1186738176,2182,GW170814
1186738176,2183,GW170814
1186738176,2184,GW170814
1186738176,2185,GW170814
1186738176,2186,GW170814
1186738176,2187,GW170814
1186738176,2188,GW170814
1186738176,2189,GW170814
1186738176,2190,GW170814
1186738176,2191,GW170814
1186738176,2192,GW170814
1186738176,2193,GW170814
1186738176,2194,GW170814
1186738176,2195,GW170814
1186738176,2196,GW170814
1186738176,2197,GW170814
1186738176,2198,GW170814
1186738176,2199,GW170814
1186738176,2200,GW170814
1186738176,2201,GW170814
1186738176,2202,GW170814
1186738176,2203,GW170814
1186738176,2204,GW170814
1186738176,2205,GW170814
1186738176,2206,GW170814
1186738176,2207,GW170814
1186738176,2208,GW170814
1186738176,2209,GW170814
1186738176,2210,GW170814
1186738176,2211,GW170814
1186738176,2212,GW170814
1186738176,2213,GW170814
1186738176,2214,GW170814
1186738176,2215,GW170814
1186738176,2216,GW170814
1186738176,2217,GW170814
1186738176,2218,GW170814
1186738176,2219,GW170814
1186738176,2220,GW170814
1186738176,2221,GW170814
1186738176,2222,GW170814
1186738176,2223,GW170814
1186738176,2224,GW170814
1186738176,2225,GW170814
1186738176,2226,GW170814
1186738176,2227,GW170814
1186738176,2228,GW170814
1186738176,2229,GW170814
1186738176,2230,GW170814
1186738176,2231,GW170814
1186738176,2232,GW170814
1186738176,2233,GW170814
1186738176,2234,GW170814
1186738176,2235,GW170814
1186738176,2236,GW170814
1186738176,2237,GW170814
1186738176,2238,GW170814
1186738176,2239,GW170814
1186738176,2240,GW170814
1186738176,2241,GW170814
1186738176,2242,GW170814
1186738176,2243,GW170814
1186738176,2244,GW170814
1186738176,2245,GW170814
1186738176,2246,GW170814
1186738176,2247,GW170814
1186738176,2248,GW170814
1186738176,2249,GW170814
1186738176,2250,GW170814
1186738176,2251,GW170814
1186738176,2252,GW170814
1186738176,2253,GW170814
1186738176,2254,GW170814
1186738176,2255,GW170814
1186738176,2256,GW170814
1186738176,2257,GW170814
1186738176,2258,GW170814
1186738176,2259,GW170814
1186738176,2260,GW170814
1186738176,2261,GW170814
1186738176,2262,GW170814
1186738176,2263,GW170814
1186738176,2264,GW170814
1186738176,2265,GW170814
1186738176,2266,GW170814
1186738176,2267,GW170814
1186738176,2268,GW170814
1186738176,2269,GW170814
1186738176,2270,GW170814
1186738176,2271,GW170814
1186738176,2272,GW170814
1186738176,2273,GW170814
1186738176,2274,GW170814
1186738176,2275,GW170814
1186738176,2276,GW170814
1186738176,2277,GW170814
1186738176,2278,GW170814
1186738176,2279,GW170814
1186738176,2280,GW170814
1186738176,2281,GW170814
1186738176,2282,GW170814
1186738176,2283,GW170814
1186738176,2284,GW170814
1186738176,2285,GW170814
1186738176,2286,GW170814
1186738176,2287,GW170814
1186738176,2288,GW170814
1186738176,2289,GW170814
1186738176,2290,GW170814
1186738176,2291,GW170814
1186738176,2292,GW170814
1186738176,2293,GW170814
1186738176,2294,GW170814
1186738176,2295,GW170814
1186738176,2296,GW170814
1186738176,2297,GW170814
1186738176,2298,GW170814
1186738176,2299,GW170814
1186738176,2300,GW170814
1186738176,2301,GW170814
1186738176,2302,GW170814
1186738176,2303,GW170814
1186738176,2304,GW170814
1186738176,2305,GW170814
1186738176,2306,GW170814
1186738176,2307,GW170814
1186738176,2308,GW170814
1186738176,2309,GW170814
1186738176,2310,GW170814
1186738176,2311,GW170814
1186738176,2312,GW170814
1186738176,2313,GW170814
1186738176,2314,GW170814
1186738176,2315,GW170814
1186738176,2316,GW170814
1186738176,2317,GW170814
1186738176,2318,GW170814
1186738176,2319,GW170814
1186738176,2320,GW170814
1186738176,2321,GW170814
1186738176,2322,GW170814
1186738176,2323,GW170814
1186738176,2324,GW170814
1186738176,2325,GW170814
1186738176,2326,GW170814
1186738176,2327,GW170814
1186738176,2328,GW170814
1186738176,2329,GW170814
1186738176,2330,GW170814
1186738176,2331,GW170814
1186738176,2332,GW170814
1186738176,2333,GW170814
1186738176,2334,GW170814
1186738176,2335,GW170814
1186738176,2336,GW170814
1186738176,2337,GW170814
1186738176,2338,GW170814
1186738176,2339,GW170814
1186738176,2340,GW170814
1186738176,2341,GW170814
1186738176,2342,GW170814
1186738176,2343,GW170814
1186738176,2344,GW170814
1186738176,2345,GW170814
1186738176,2346,GW170814
1186738176,2347,GW170814
1186738176,2348,GW170814
1186738176,2349,GW170814
1186738176,2350,GW170814
1186738176,2351,GW170814
1186738176,2352,GW170814
1186738176,2353,GW170814
1186738176,2354,GW170814
1186738176,2355,GW170814
1186738176,2356,GW170814
1186738176,2357,GW170814
1186738176,2358,GW170814
1186738176,2359,GW170814
1186738176,2360,GW170814
1186738176,2361,GW170814
1186738176,2362,GW170814
1186738176,2363,GW170814
1186738176,2364,GW170814
1186738176,2365,GW170814
1186738176,2366,GW170814
1186738176,2367,GW170814
1186738176,2368,GW170814
1186738176,2369,GW170814
1186738176,2370,GW170814
1186738176,2371,GW170814
1186738176,2372,GW170814
1186738176,2373,GW170814
1186738176,2374,GW170814
1186738176,2375,GW170814
1186738176,2376,GW170814
1186738176,2377,GW170814
1186738176,2378,GW170814
1186738176,2379,GW170814
1186738176,2380,GW170814
1186738176,2381,GW170814
1186738176,2382,GW170814
1186738176,2383,GW170814
1186738176,2384,GW170814
1186738176,2385,GW170814
1186738176,2386,GW170814
1186738176,2387,GW170814
1186738176,2388,GW170814
1186738176,2389,GW170814
1186738176,2390,GW170814
1186738176,2391,GW170814
1186738176,2392,GW170814
1186738176,2393,GW170814
1186738176,2394,GW170814
1186738176,2395,GW170814
1186738176,2396,GW170814
1186738176,2397,GW170814
1186738176,2398,GW170814
1186738176,2399,GW170814
1186738176,2400,GW170814
1186738176,2401,GW170814
1186738176,2402,GW170814
1186738176,2403,GW170814
1186738176,2404,GW170814
1186738176,2405,GW170814
1186738176,2406,GW170814
1186738176,2407,GW170814
1186738176,2408,GW170814
1186738176,2409,GW170814
1186738176,2410,GW170814
1186738176,2411,GW170814
1186738176,2412,GW170814
1186738176,2413,GW170814
1186738176,2414,GW170814
1186738176,2415,GW170814
1186738176,2416,GW170814
1186738176,2417,GW170814
1186738176,2418,GW170814
1186738176,2419,GW170814
1186738176,2420,GW170814
1186738176,2421,GW170814
1186738176,2422,GW170814
1186738176,2423,GW170814
1186738176,2424,GW170814
1186738176,2425,GW170814
1186738176,2426,GW170814
1186738176,2427,GW170814
1186738176,2428,GW170814
1186738176,2429,GW170814
1186738176,2430,GW170814
1186738176,2431,GW170814
1186738176,2432,GW170814
1186738176,2433,GW170814
1186738176,2434,GW170814
1186738176,2435,GW170814
1186738176,2436,GW170814
1186738176,2437,GW170814
1186738176,2438,GW170814
1186738176,2439,GW170814
1186738176,2440,GW170814
1186738176,2441,GW170814
1186738176,2442,GW170814
1186738176,2443,GW170814
1186738176,2444,GW170814
1186738176,2445,GW170814
1186738176,2446,GW170814
1186738176,2447,GW170814
1186738176,2448,GW170814
1186738176,2449,GW170814
1186738176,2450,GW170814
1186738176,2451,GW170814
1186738176,2452,GW170814
1186738176,2453,GW170814
1186738176,2454,GW170814
1186738176,2455,GW170814
1186738176,2456,GW170814
1186738176,2457,GW170814
1186738176,2458,GW170814
1186738176,2459,GW170814
1186738176,2460,GW170814
1186738176,2461,GW170814
1186738176,2462,GW170814
1186738176,2463,GW170814
1186738176,2464,GW170814
1186738176,2465,GW170814
1186738176,2466,GW170814
1186738176,2467,GW170814
1186738176,2468,GW170814
1186738176,2469,GW170814
1186738176,2470,GW170814
1186738176,2471,GW170814
1186738176,2472,GW170814
1186738176,2473,GW170814
1186738176,2474,GW170814
1186738176,2475,GW170814
1186738176,2476,GW170814
1186738176,2477,GW170814
1186738176,2478,GW170814
1186738176,2479,GW170814
1186738176,2480,GW170814
1186738176,2481,GW170814
1186738176,2482,GW170814
1186738176,2483,GW170814
1186738176,2484,GW170814
1186738176,2485,GW170814
1186738176,2486,GW170814
1186738176,2487,GW170814
1186738176,2488,GW170814
1186738176,2489,GW170814
1186738176,2490,GW170814
1186738176,2491,GW170814
1186738176,2492,GW170814
1186738176,2493,GW170814
1186738176,2494,GW170814
1186738176,2495,GW170814
1186738176,2496,GW170814
1186738176,2497,GW170814
1186738176,2498,GW170814
1186738176,2499,GW170814
1186738176,2500,GW170814
1186738176,2501,GW170814
1186738176,2502,GW170814
1186738176,2503,GW170814
1186738176,2504,GW170814
1186738176,2505,GW170814
1186738176,2506,GW170814
1186738176,2507,GW170814
1186738176,2508,GW170814
1186738176,2509,GW170814
1186738176,2510,GW170814
1186738176,2511,GW170814
1186738176,2512,GW170814
1186738176,2513,GW170814
1186738176,2514,GW170814
1186738176,2515,GW170814
1186738176,2516,GW170814
1186738176,2517,GW170814
1186738176,2518,GW170814
1186738176,2519,GW170814
1186738176,2520,GW170814
1186738176,2521,GW170814
1186738176,2522,GW170814
1186738176,2523,GW170814
1186738176,2524,GW170814
1186738176,2525,GW170814
1186738176,2526,GW170814
1186738176,2527,GW170814
1186738176,2528,GW170814
1186738176,2529,GW170814
1186738176,2530,GW170814
1186738176,2531,GW170814
1186738176,2532,GW170814
1186738176,2533,GW170814
1186738176,2534,GW170814
1186738176,2535,GW170814
1186738176,2536,GW170814
1186738176,2537,GW170814
1186738176,2538,GW170814
1186738176,2539,GW170814
1186738176,2540,GW170814
1186738176,2541,GW170814
1186738176,2542,GW170814
1186738176,2543,GW170814
1186738176,2544,GW170814
1186738176,2545,GW170814
1186738176,2546,GW170814
1186738176,2547,GW170814
1186738176,2548,GW170814
1186738176,2549,GW170814
1186738176,2550,GW170814
1186738176,2551,GW170814
1186738176,2552,GW170814
1186738176,2553,GW170814
1186738176,2554,GW170814
1186738176,2555,GW170814
1186738176,2556,GW170814
1186738176,2557,GW170814
1186738176,2558,GW170814
1186738176,2559,GW170814
1186738176,2560,GW170814
1186738176,2561,GW170814
1186738176,2562,GW170814
1186738176,2563,GW170814
1186738176,2564,GW170814
1186738176,2565,GW170814
1186738176,2566,GW170814
1186738176,2567,GW170814
1186738176,2568,GW170814
1186738176,2569,GW170814
1186738176,2570,GW170814
1186738176,2571,GW170814
1186738176,2572,GW170814
1186738176,2573,GW170814
1186738176,2574,GW170814
1186738176,2575,GW170814
1186738176,2576,GW170814
1186738176,2577,GW170814
1186738176,2578,GW170814
1186738176,2579,GW170814
1186738176,2580,GW170814
1186738176,2581,GW170814
1186738176,2582,GW170814
1186738176,2583,GW170814
1186738176,2584,GW170814
1186738176,2585,GW170814
1186738176,2586,GW170814
1186738176,2587,GW170814
1186738176,2588,GW170814
1186738176,2589,GW170814
1186738176,2590,GW170814
1186738176,2591,GW170814
1186738176,2592,GW170814
1186738176,2593,GW170814
1186738176,2594,GW170814
1186738176,2595,GW170814
1186738176,2596,GW170814
1186738176,2597,GW170814
1186738176,2598,GW170814
1186738176,2599,GW170814
1186738176,2600,GW170814
1186738176,2601,GW170814
1186738176,2602,GW170814
1186738176,2603,GW170814
1186738176,2604,GW170814
1186738176,2605,GW170814
1186738176,2606,GW170814
1186738176,2607,GW170814
1186738176,2608,GW170814
1186738176,2609,GW170814
1186738176,2610,GW170814
1186738176,2611,GW170814
1186738176,2612,GW170814
1186738176,2613,GW170814
1186738176,2614,GW170814
1186738176,2615,GW170814
1186738176,2616,GW170814
1186738176,2617,GW170814
1186738176,2618,GW170814
1186738176,2619,GW170814
1186738176,2620,GW170814
1186738176,2621,GW170814
1186738176,2622,GW170814
1186738176,2623,GW170814
1186738176,2624,GW170814
1186738176,2625,GW170814
1186738176,2626,GW170814
1186738176,2627,GW170814
1186738176,2628,GW170814
1186738176,2629,GW170814
1186738176,2630,GW170814
1186738176,2631,GW170814
1186738176,2632,GW170814
1186738176,2633,GW170814
1186738176,2634,GW170814
1186738176,2635,GW170814
1186738176,2636,GW170814
1186738176,2637,GW170814
1186738176,2638,GW170814
1186738176,2639,GW170814
1186738176,2640,GW170814
1186738176,2641,GW170814
1186738176,2642,GW170814
1186738176,2643,GW170814
1186738176,2644,GW170814
1186738176,2645,GW170814
1186738176,2646,GW170814
1186738176,2647,GW170814
1186738176,2648,GW170814
1186738176,2649,GW170814
1186738176,2650,GW170814
1186738176,2651,GW170814
1186738176,2652,GW170814
1186738176,2653,GW170814
1186738176,2654,GW170814
1186738176,2655,GW170814
1186738176,2656,GW170814
1186738176,2657,GW170814
1186738176,2658,GW170814
1186738176,2659,GW170814
1186738176,2660,GW170814
1186738176,2661,GW170814
1186738176,2662,GW170814
1186738176,2663,GW170814
1186738176,2664,GW170814
1186738176,2665,GW170814
1186738176,2666,GW170814
1186738176,2667,GW170814
1186738176,2668,GW170814
1186738176,2669,GW170814
1186738176,2670,GW170814
1186738176,2671,GW170814
1186738176,2672,GW170814
1186738176,2673,GW170814
1186738176,2674,GW170814
1186738176,2675,GW170814
1186738176,2676,GW170814
1186738176,2677,GW170814
1186738176,2678,GW170814
1186738176,2679,GW170814
1186738176,2680,GW170814
1186738176,2681,GW170814
1186738176,2682,GW170814
1186738176,2683,GW170814
1186738176,2684,GW170814
1186738176,2685,GW170814
1186738176,2686,GW170814
1186738176,2687,GW170814
1186738176,2688,GW170814
1186738176,2689,GW170814
1186738176,2690,GW170814
1186738176,2691,GW170814
1186738176,2692,GW170814
1186738176,2693,GW170814
1186738176,2694,GW170814
1186738176,2695,GW170814
1186738176,2696,GW170814
1186738176,2697,GW170814
1186738176,2698,GW170814
1186738176,2699,GW170814
1186738176,2700,GW170814
1186738176,2701,GW170814
1186738176,2702,GW170814
1186738176,2703,GW170814
1186738176,2704,GW170814
1186738176,2705,GW170814
1186738176,2706,GW170814
1186738176,2707,GW170814
1186738176,2708,GW170814
1186738176,2709,GW170814
1186738176,2710,GW170814
1186738176,2711,GW170814
1186738176,2712,GW170814
1186738176,2713,GW170814
1186738176,2714,GW170814
1186738176,2715,GW170814
1186738176,2716,GW170814
1186738176,2717,GW170814
1186738176,2718,GW170814
1186738176,2719,GW170814
1186738176,2720,GW170814
1186738176,2721,GW170814
1186738176,2722,GW170814
1186738176,2723,GW170814
1186738176,2724,GW170814
1186738176,2725,GW170814
1186738176,2726,GW170814
1186738176,2727,GW170814
1186738176,2728,GW170814
1186738176,2729,GW170814
1186738176,2730,GW170814
1186738176,2731,GW170814
1186738176,2732,GW170814
1186738176,2733,GW170814
1186738176,2734,GW170814
1186738176,2735,GW170814
1186738176,2736,GW170814
1186738176,2737,GW170814
1186738176,2738,GW170814
1186738176,2739,GW170814
1186738176,2740,GW170814
1186738176,2741,GW170814
1186738176,2742,GW170814
1186738176,2743,GW170814
1186738176,2744,GW170814
1186738176,2745,GW170814
1186738176,2746,GW170814
1186738176,2747,GW170814
1186738176,2748,GW170814
1186738176,2749,GW170814
1186738176,2750,GW170814
1186738176,2751,GW170814
1186738176,2752,GW170814
1186738176,2753,GW170814
1186738176,2754,GW170814
1186738176,2755,GW170814
1186738176,2756,GW170814
1186738176,2757,GW170814
1186738176,2758,GW170814
1186738176,2759,GW170814
1186738176,2760,GW170814
1186738176,2761,GW170814
1186738176,2762,GW170814
1186738176,2763,GW170814
1186738176,2764,GW170814
1186738176,2765,GW170814
1186738176,2766,GW170814
1186738176,2767,GW170814
1186738176,2768,GW170814
1186738176,2769,GW170814
1186738176,2770,GW170814
1186738176,2771,GW170814
1186738176,2772,GW170814
1186738176,2773,GW170814
1186738176,2774,GW170814
1186738176,2775,GW170814
1186738176,2776,GW170814
1186738176,2777,GW170814
1186738176,2778,GW170814
1186738176,2779,GW170814
1186738176,2780,GW170814
1186738176,2781,GW170814
1186738176,2782,GW170814
1186738176,2783,GW170814
1186738176,2784,GW170814
1186738176,2785,GW170814
1186738176,2786,GW170814
1186738176,2787,GW170814
1186738176,2788,GW170814
1186738176,2789,GW170814
1186738176,2790,GW170814
1186738176,2791,GW170814
1186738176,2792,GW170814
1186738176,2793,GW170814
1186738176,2794,GW170814
1186738176,2795,GW170814
1186738176,2796,GW170814
1186738176,2797,GW170814
1186738176,2798,GW170814
1186738176,2799,GW170814
1186738176,2800,GW170814
1186738176,2801,GW170814
1186738176,2802,GW170814
1186738176,2803,GW170814
1186738176,2804,GW170814
1186738176,2805,GW170814
1186738176,2806,GW170814
1186738176,2807,GW170814
1186738176,2808,GW170814
1186738176,2809,GW170814
1186738176,2810,GW170814
1186738176,2811,GW170814
1186738176,2812,GW170814
1186738176,2813,GW170814
1186738176,2814,GW170814
1186738176,2815,GW170814
1186738176,2816,GW170814
1186738176,2817,GW170814
1186738176,2818,GW170814
1186738176,2819,GW170814
1186738176,2820,GW170814
1186738176,2821,GW170814
1186738176,2822,GW170814
1186738176,2823,GW170814
1186738176,2824,GW170814
1186738176,2825,GW170814
1186738176,2826,GW170814
1186738176,2827,GW170814
1186738176,2828,GW170814
1186738176,2829,GW170814
1186738176,2830,GW170814
1186738176,2831,GW170814
1186738176,2832,GW170814
1186738176,2833,GW170814
1186738176,2834,GW170814
1186738176,2835,GW170814
1186738176,2836,GW170814
1186738176,2837,GW170814
1186738176,2838,GW170814
1186738176,2839,GW170814
1186738176,2840,GW170814
1186738176,2841,GW170814
1186738176,2842,GW170814
1186738176,2843,GW170814
1186738176,2844,GW170814
1186738176,2845,GW170814
1186738176,2846,GW170814
1186738176,2847,GW170814
1186738176,2848,GW170814
1186738176,2849,GW170814
1186738176,2850,GW170814
1186738176,2851,GW170814
1186738176,2852,GW170814
1186738176,2853,GW170814
1186738176,2854,GW170814
1186738176,2855,GW170814
1186738176,2856,GW170814
1186738176,2857,GW170814
1186738176,2858,GW170814
1186738176,2859,GW170814
1186738176,2860,GW170814
1186738176,2861,GW170814
1186738176,2862,GW170814
1186738176,2863,GW170814
1186738176,2864,GW170814
1186738176,2865,GW170814
1186738176,2866,GW170814
1186738176,2867,GW170814
1186738176,2868,GW170814
1186738176,2869,GW170814
1186738176,2870,GW170814
1186738176,2871,GW170814
1186738176,2872,GW170814
1186738176,2873,GW170814
1186738176,2874,GW170814
1186738176,2875,GW170814
1186738176,2876,GW170814
1186738176,2877,GW170814
1186738176,2878,GW170814
1186738176,2879,GW170814
1186738176,2880,GW170814
1186738176,2881,GW170814
1186738176,2882,GW170814
1186738176,2883,GW170814
1186738176,2884,GW170814
1186738176,2885,GW170814
1186738176,2886,GW170814
1186738176,2887,GW170814
1186738176,2888,GW170814
1186738176,2889,GW170814
1186738176,2890,GW170814
1186738176,2891,GW170814
1186738176,2892,GW170814
1186738176,2893,GW170814
1186738176,2894,GW170814
1186738176,2895,GW170814
1186738176,2896,GW170814
1186738176,2897,GW170814
1186738176,2898,GW170814
1186738176,2899,GW170814
1186738176,2900,GW170814
1186738176,2901,GW170814
1186738176,2902,GW170814
1186738176,2903,GW170814
1186738176,2904,GW170814
1186738176,2905,GW170814
1186738176,2906,GW170814
1186738176,2907,GW170814
1186738176,2908,GW170814
1186738176,2909,GW170814
1186738176,2910,GW170814
1186738176,2911,GW170814
1186738176,2912,GW170814
1186738176,2913,GW170814
1186738176,2914,GW170814
1186738176,2915,GW170814
1186738176,2916,GW170814
1186738176,2917,GW170814
1186738176,2918,GW170814
1186738176,2919,GW170814
1186738176,2920,GW170814
1186738176,2921,GW170814
1186738176,2922,GW170814
1186738176,2923,GW170814
1186738176,2924,GW170814
1186738176,2925,GW170814
1186738176,2926,GW170814
1186738176,2927,GW170814
1186738176,2928,GW170814
1186738176,2929,GW170814
1186738176,2930,GW170814
1186738176,2931,GW170814
1186738176,2932,GW170814
1186738176,2933,GW170814
1186738176,2934,GW170814
1186738176,2935,GW170814
1186738176,2936,GW170814
1186738176,2937,GW170814
1186738176,2938,GW170814
1186738176,2939,GW170814
1186738176,2940,GW170814
1186738176,2941,GW170814
1186738176,2942,GW170814
1186738176,2943,GW170814
1186738176,2944,GW170814
1186738176,2945,GW170814
1186738176,2946,GW170814
1186738176,2947,GW170814
1186738176,2948,GW170814
1186738176,2949,GW170814
1186738176,2950,GW170814
1186738176,2951,GW170814
1186738176,2952,GW170814
1186738176,2953,GW170814
1186738176,2954,GW170814
1186738176,2955,GW170814
1186738176,2956,GW170814
1186738176,2957,GW170814
1186738176,2958,GW170814
1186738176,2959,GW170814
1186738176,2960,GW170814
1186738176,2961,GW170814
1186738176,2962,GW170814
1186738176,2963,GW170814
1186738176,2964,GW170814
1186738176,2965,GW170814
1186738176,2966,GW170814
1186738176,2967,GW170814
1186738176,2968,GW170814
1186738176,2969,GW170814
1186738176,2970,GW170814
1186738176,2971,GW170814
1186738176,2972,GW170814
1186738176,2973,GW170814
1186738176,2974,GW170814
1186738176,2975,GW170814
1186738176,2976,GW170814
1186738176,2977,GW170814
1186738176,2978,GW170814
1186738176,2979,GW170814
1186738176,2980,GW170814
1186738176,2981,GW170814
1186738176,2982,GW170814
1186738176,2983,GW170814
1186738176,2984,GW170814
1186738176,2985,GW170814
1186738176,2986,GW170814
1186738176,2987,GW170814
1186738176,2988,GW170814
1186738176,2989,GW170814
1186738176,2990,GW170814
1186738176,2991,GW170814
1186738176,2992,GW170814
1186738176,2993,GW170814
1186738176,2994,GW170814
1186738176,2995,GW170814
1186738176,2996,GW170814
1186738176,2997,GW170814
1186738176,2998,GW170814
1186738176,2999,GW170814
1186738176,3000,GW170814
1186738176,3001,GW170814
1186738176,3002,GW170814
1186738176,3003,GW170814
1186738176,3004,GW170814
1186738176,3005,GW170814
1186738176,3006,GW170814
1186738176,3007,GW170814
1186738176,3008,GW170814
1186738176,3009,GW170814
1186738176,3010,GW170814
1186738176,3011,GW170814
1186738176,3012,GW170814
1186738176,3013,GW170814
1186738176,3014,GW170814
1186738176,3015,GW170814
1186738176,3016,GW170814
1186738176,3017,GW170814
1186738176,3018,GW170814
1186738176,3019,GW170814
1186738176,3020,GW170814
1186738176,3021,GW170814
1186738176,3022,GW170814
1186738176,3023,GW170814
1186738176,3024,GW170814
1186738176,3025,GW170814
1186738176,3026,GW170814
1186738176,3027,GW170814
1186738176,3028,GW170814
1186738176,3029,GW170814
1186738176,3030,GW170814
1186738176,3031,GW170814
1186738176,3032,GW170814
1186738176,3033,GW170814
1186738176,3034,GW170814
1186738176,3035,GW170814
1186738176,3036,GW170814
1186738176,3037,GW170814
1186738176,3038,GW170814
1186738176,3039,GW170814
1186738176,3040,GW170814
1186738176,3041,GW170814
1186738176,3042,GW170814
1186738176,3043,GW170814
1186738176,3044,GW170814
1186738176,3045,GW170814
1186738176,3046,GW170814
1186738176,3047,GW170814
1186738176,3048,GW170814
1186738176,3049,GW170814
1186738176,3050,GW170814
1186738176,3051,GW170814
1186738176,3052,GW170814
1186738176,3053,GW170814
1186738176,3054,GW170814
1186738176,3055,GW170814
1186738176,3056,GW170814
1186738176,3057,GW170814
1186738176,3058,GW170814
1186738176,3059,GW170814
1186738176,3060,GW170814
1186738176,3061,GW170814
1186738176,3062,GW170814
1186738176,3063,GW170814
1186738176,3064,GW170814
1186738176,3065,GW170814
1186738176,3066,GW170814
1186738176,3067,GW170814
1186738176,3068,GW170814
1186738176,3069,GW170814
1186738176,3070,GW170814
1186738176,3071,GW170814
1186738176,3072,GW170814
1186738176,3073,GW170814
1186738176,3074,GW170814
1186738176,3075,GW170814
1186738176,3076,GW170814
1186738176,3077,GW170814
1186738176,3078,GW170814
1186738176,3079,GW170814
1186738176,3080,GW170814
1186738176,3081,GW170814
1186738176,3082,GW170814
1186738176,3083,GW170814
1186738176,3084,GW170814
1186738176,3085,GW170814
1186738176,3086,GW170814
1186738176,3087,GW170814
1186738176,3088,GW170814
1186738176,3089,GW170814
1186738176,3090,GW170814
1186738176,3091,GW170814
1186738176,3092,GW170814
1186738176,3093,GW170814
1186738176,3094,GW170814
1186738176,3095,GW170814
1186738176,3096,GW170814
1186738176,3097,GW170814
1186738176,3098,GW170814
1186738176,3099,GW170814
1186738176,3100,GW170814
1186738176,3101,GW170814
1186738176,3102,GW170814
1186738176,3103,GW170814
1186738176,3104,GW170814
1186738176,3105,GW170814
1186738176,3106,GW170814
1186738176,3107,GW170814
1186738176,3108,GW170814
1186738176,3109,GW170814
1186738176,3110,GW170814
1186738176,3111,GW170814
1186738176,3112,GW170814
1186738176,3113,GW170814
1186738176,3114,GW170814
1186738176,3115,GW170814
1186738176,3116,GW170814
1186738176,3117,GW170814
1186738176,3118,GW170814
1186738176,3119,GW170814
1186738176,3120,GW170814
1186738176,3121,GW170814
1186738176,3122,GW170814
1186738176,3123,GW170814
1186738176,3124,GW170814
1186738176,3125,GW170814
1186738176,3126,GW170814
1186738176,3127,GW170814
1186738176,3128,GW170814
1186738176,3129,GW170814
1186738176,3130,GW170814
1186738176,3131,GW170814
1186738176,3132,GW170814
1186738176,3133,GW170814
1186738176,3134,GW170814
1186738176,3135,GW170814
1186738176,3136,GW170814
1186738176,3137,GW170814
1186738176,3138,GW170814
1186738176,3139,GW170814
1186738176,3140,GW170814
1186738176,3141,GW170814
1186738176,3142,GW170814
1186738176,3143,GW170814
1186738176,3144,GW170814
1186738176,3145,GW170814
1186738176,3146,GW170814
1186738176,3147,GW170814
1186738176,3148,GW170814
1186738176,3149,GW170814
1186738176,3150,GW170814
1186738176,3151,GW170814
1186738176,3152,GW170814
1186738176,3153,GW170814
1186738176,3154,GW170814
1186738176,3155,GW170814
1186738176,3156,GW170814
1186738176,3157,GW170814
1186738176,3158,GW170814
1186738176,3159,GW170814
1186738176,3160,GW170814
1186738176,3161,GW170814
1186738176,3162,GW170814
1186738176,3163,GW170814
1186738176,3164,GW170814
1186738176,3165,GW170814
1186738176,3166,GW170814
1186738176,3167,GW170814
1186738176,3168,GW170814
1186738176,3169,GW170814
1186738176,3170,GW170814
1186738176,3171,GW170814
1186738176,3172,GW170814
1186738176,3173,GW170814
1186738176,3174,GW170814
1186738176,3175,GW170814
1186738176,3176,GW170814
1186738176,3177,GW170814
1186738176,3178,GW170814
1186738176,3179,GW170814
1186738176,3180,GW170814
1186738176,3181,GW170814
1186738176,3182,GW170814
1186738176,3183,GW170814
1186738176,3184,GW170814
1186738176,3185,GW170814
1186738176,3186,GW170814
1186738176,3187,GW170814
1186738176,3188,GW170814
1186738176,3189,GW170814
1186738176,3190,GW170814
1186738176,3191,GW170814
1186738176,3192,GW170814
1186738176,3193,GW170814
1186738176,3194,GW170814
1186738176,3195,GW170814
1186738176,3196,GW170814
1186738176,3197,GW170814
1186738176,3198,GW170814
1186738176,3199,GW170814
1186738176,3200,GW170814
1186738176,3201,GW170814
1186738176,3202,GW170814
1186738176,3203,GW170814
1186738176,3204,GW170814
1186738176,3205,GW170814
1186738176,3206,GW170814
1186738176,3207,GW170814
1186738176,3208,GW170814
1186738176,3209,GW170814
1186738176,3210,GW170814
1186738176,3211,GW170814
1186738176,3212,GW170814
1186738176,3213,GW170814
1186738176,3214,GW170814
1186738176,3215,GW170814
1186738176,3216,GW170814
1186738176,3217,GW170814
1186738176,3218,GW170814
1186738176,3219,GW170814
1186738176,3220,GW170814
1186738176,3221,GW170814
1186738176,3222,GW170814
1186738176,3223,GW170814
1186738176,3224,GW170814
1186738176,3225,GW170814
1186738176,3226,GW170814
1186738176,3227,GW170814
1186738176,3228,GW170814
1186738176,3229,GW170814
1186738176,3230,GW170814
1186738176,3231,GW170814
1186738176,3232,GW170814
1186738176,3233,GW170814
1186738176,3234,GW170814
1186738176,3235,GW170814
1186738176,3236,GW170814
1186738176,3237,GW170814
1186738176,3238,GW170814
1186738176,3239,GW170814
1186738176,3240,GW170814
1186738176,3241,GW170814
1186738176,3242,GW170814
1186738176,3243,GW170814
1186738176,3244,GW170814
1186738176,3245,GW170814
1186738176,3246,GW170814
1186738176,3247,GW170814
1186738176,3248,GW170814
1186738176,3249,GW170814
1186738176,3250,GW170814
1186738176,3251,GW170814
1186738176,3252,GW170814
1186738176,3253,GW170814
1186738176,3254,GW170814
1186738176,3255,GW170814
1186738176,3256,GW170814
1186738176,3257,GW170814
1186738176,3258,GW170814
1186738176,3259,GW170814
1186738176,3260,GW170814
1186738176,3261,GW170814
1186738176,3262,GW170814
1186738176,3263,GW170814
1186738176,3264,GW170814
1186738176,3265,GW170814
1186738176,3266,GW170814
1186738176,3267,GW170814
1186738176,3268,GW170814
1186738176,3269,GW170814
1186738176,3270,GW170814
1186738176,3271,GW170814
1186738176,3272,GW170814
1186738176,3273,GW170814
1186738176,3274,GW170814
1186738176,3275,GW170814
1186738176,3276,GW170814
1186738176,3277,GW170814
1186738176,3278,GW170814
1186738176,3279,GW170814
1186738176,3280,GW170814
1186738176,3281,GW170814
1186738176,3282,GW170814
1186738176,3283,GW170814
1186738176,3284,GW170814
1186738176,3285,GW170814
1186738176,3286,GW170814
1186738176,3287,GW170814
1186738176,3288,GW170814
1186738176,3289,GW170814
1186738176,3290,GW170814
1186738176,3291,GW170814
1186738176,3292,GW170814
1186738176,3293,GW170814
1186738176,3294,GW170814
1186738176,3295,GW170814
1186738176,3296,GW170814
1186738176,3297,GW170814
1186738176,3298,GW170814
1186738176,3299,GW170814
1186738176,3300,GW170814
1186738176,3301,GW170814
1186738176,3302,GW170814
1186738176,3303,GW170814
1186738176,3304,GW170814
1186738176,3305,GW170814
1186738176,3306,GW170814
1186738176,3307,GW170814
1186738176,3308,GW170814
1186738176,3309,GW170814
1186738176,3310,GW170814
1186738176,3311,GW170814
1186738176,3312,GW170814
1186738176,3313,GW170814
1186738176,3314,GW170814
1186738176,3315,GW170814
1186738176,3316,GW170814
1186738176,3317,GW170814
1186738176,3318,GW170814
1186738176,3319,GW170814
1186738176,3320,GW170814
1186738176,3321,GW170814
1186738176,3322,GW170814
1186738176,3323,GW170814
1186738176,3324,GW170814
1186738176,3325,GW170814
1186738176,3326,GW170814
1186738176,3327,GW170814
1186738176,3328,GW170814
1186738176,3329,GW170814
1186738176,3330,GW170814
1186738176,3331,GW170814
1186738176,3332,GW170814
1186738176,3333,GW170814
1186738176,3334,GW170814
1186738176,3335,GW170814
1186738176,3336,GW170814
1186738176,3337,GW170814
1186738176,3338,GW170814
1186738176,3339,GW170814
1186738176,3340,GW170814
1186738176,3341,GW170814
1186738176,3342,GW170814
1186738176,3343,GW170814
1186738176,3344,GW170814
1186738176,3345,GW170814
1186738176,3346,GW170814
1186738176,3347,GW170814
1186738176,3348,GW170814
1186738176,3349,GW170814
1186738176,3350,GW170814
1186738176,3351,GW170814
1186738176,3352,GW170814
1186738176,3353,GW170814
1186738176,3354,GW170814
1186738176,3355,GW170814
1186738176,3356,GW170814
1186738176,3357,GW170814
1186738176,3358,GW170814
1186738176,3359,GW170814
1186738176,3360,GW170814
1186738176,3361,GW170814
1186738176,3362,GW170814
1186738176,3363,GW170814
1186738176,3364,GW170814
1186738176,3365,GW170814
1186738176,3366,GW170814
1186738176,3367,GW170814
1186738176,3368,GW170814
1186738176,3369,GW170814
1186738176,3370,GW170814
1186738176,3371,GW170814
1186738176,3372,GW170814
1186738176,3373,GW170814
1186738176,3374,GW170814
1186738176,3375,GW170814
1186738176,3376,GW170814
1186738176,3377,GW170814
1186738176,3378,GW170814
1186738176,3379,GW170814
1186738176,3380,GW170814
1186738176,3381,GW170814
1186738176,3382,GW170814
1186738176,3383,GW170814
1186738176,3384,GW170814
1186738176,3385,GW170814
1186738176,3386,GW170814
1186738176,3387,GW170814
1186738176,3388,GW170814
1186738176,3389,GW170814
1186738176,3390,GW170814
1186738176,3391,GW170814
1186738176,3392,GW170814
1186738176,3393,GW170814
1186738176,3394,GW170814
1186738176,3395,GW170814
1186738176,3396,GW170814
1186738176,3397,GW170814
1186738176,3398,GW170814
1186738176,3399,GW170814
1186738176,3400,GW170814
1186738176,3401,GW170814
1186738176,3402,GW170814
1186738176,3403,GW170814
1186738176,3404,GW170814
1186738176,3405,GW170814
1186738176,3406,GW170814
1186738176,3407,GW170814
1186738176,3408,GW170814
1186738176,3409,GW170814
1186738176,3410,GW170814
1186738176,3411,GW170814
1186738176,3412,GW170814
1186738176,3413,GW170814
1186738176,3414,GW170814
1186738176,3415,GW170814
1186738176,3416,GW170814
1186738176,3417,GW170814
1186738176,3418,GW170814
1186738176,3419,GW170814
1186738176,3420,GW170814
1186738176,3421,GW170814
1186738176,3422,GW170814
1186738176,3423,GW170814
1186738176,3424,GW170814
1186738176,3425,GW170814
1186738176,3426,GW170814
1186738176,3427,GW170814
1186738176,3428,GW170814
1186738176,3429,GW170814
1186738176,3430,GW170814
1186738176,3431,GW170814
1186738176,3432,GW170814
1186738176,3433,GW170814
1186738176,3434,GW170814
1186738176,3435,GW170814
1186738176,3436,GW170814
1186738176,3437,GW170814
1186738176,3438,GW170814
1186738176,3439,GW170814
1186738176,3440,GW170814
1186738176,3441,GW170814
1186738176,3442,GW170814
1186738176,3443,GW170814
1186738176,3444,GW170814
1186738176,3445,GW170814
1186738176,3446,GW170814
1186738176,3447,GW170814
1186738176,3448,GW170814
1186738176,3449,GW170814
1186738176,3450,GW170814
1186738176,3451,GW170814
1186738176,3452,GW170814
1186738176,3453,GW170814
1186738176,3454,GW170814
1186738176,3455,GW170814
1186738176,3456,GW170814
1186738176,3457,GW170814
1186738176,3458,GW170814
1186738176,3459,GW170814
1186738176,3460,GW170814
1186738176,3461,GW170814
1186738176,3462,GW170814
1186738176,3463,GW170814
1186738176,3464,GW170814
1186738176,3465,GW170814
1186738176,3466,GW170814
1186738176,3467,GW170814
1186738176,3468,GW170814
1186738176,3469,GW170814
1186738176,3470,GW170814
1186738176,3471,GW170814
1186738176,3472,GW170814
1186738176,3473,GW170814
1186738176,3474,GW170814
1186738176,3475,GW170814
1186738176,3476,GW170814
1186738176,3477,GW170814
1186738176,3478,GW170814
1186738176,3479,GW170814
1186738176,3480,GW170814
1186738176,3481,GW170814
1186738176,3482,GW170814
1186738176,3483,GW170814
1186738176,3484,GW170814
1186738176,3485,GW170814
1186738176,3486,GW170814
1186738176,3487,GW170814
1186738176,3488,GW170814
1186738176,3489,GW170814
1186738176,3490,GW170814
1186738176,3491,GW170814
1186738176,3492,GW170814
1186738176,3493,GW170814
1186738176,3494,GW170814
1186738176,3495,GW170814
1186738176,3496,GW170814
1186738176,3497,GW170814
1186738176,3498,GW170814
1186738176,3499,GW170814
1186738176,3500,GW170814
1186738176,3501,GW170814
1186738176,3502,GW170814
1186738176,3503,GW170814
1186738176,3504,GW170814
1186738176,3505,GW170814
1186738176,3506,GW170814
1186738176,3507,GW170814
1186738176,3508,GW170814
1186738176,3509,GW170814
1186738176,3510,GW170814
1186738176,3511,GW170814
1186738176,3512,GW170814
1186738176,3513,GW170814
1186738176,3514,GW170814
1186738176,3515,GW170814
1186738176,3516,GW170814
1186738176,3517,GW170814
1186738176,3518,GW170814
1186738176,3519,GW170814
1186738176,3520,GW170814
1186738176,3521,GW170814
1186738176,3522,GW170814
1186738176,3523,GW170814
1186738176,3524,GW170814
1186738176,3525,GW170814
1186738176,3526,GW170814
1186738176,3527,GW170814
1186738176,3528,GW170814
1186738176,3529,GW170814
1186738176,3530,GW170814
1186738176,3531,GW170814
1186738176,3532,GW170814
1186738176,3533,GW170814
1186738176,3534,GW170814
1186738176,3535,GW170814
1186738176,3536,GW170814
1186738176,3537,GW170814
1186738176,3538,GW170814
1186738176,3539,GW170814
1186738176,3540,GW170814
1186738176,3541,GW170814
1186738176,3542,GW170814
1186738176,3543,GW170814
1186738176,3544,GW170814
1186738176,3545,GW170814
1186738176,3546,GW170814
1186738176,3547,GW170814
1186738176,3548,GW170814
1186738176,3549,GW170814
1186738176,3550,GW170814
1186738176,3551,GW170814
1186738176,3552,GW170814
1186738176,3553,GW170814
1186738176,3554,GW170814
1186738176,3555,GW170814
1186738176,3556,GW170814
1186738176,3557,GW170814
1186738176,3558,GW170814
1186738176,3559,GW170814
1186738176,3560,GW170814
1186738176,3561,GW170814
1186738176,3562,GW170814
1186738176,3563,GW170814
1186738176,3564,GW170814
1186738176,3565,GW170814
1186738176,3566,GW170814
1186738176,3567,GW170814
1186738176,3568,GW170814
1186738176,3569,GW170814
1186738176,3570,GW170814
1186738176,3571,GW170814
1186738176,3572,GW170814
1186738176,3573,GW170814
1186738176,3574,GW170814
1186738176,3575,GW170814
1186738176,3576,GW170814
1186738176,3577,GW170814
1186738176,3578,GW170814
1186738176,3579,GW170814
1186738176,3580,GW170814
1186738176,3581,GW170814
1186738176,3582,GW170814
1186738176,3583,GW170814
1186738176,3584,GW170814
1186738176,3585,GW170814
1186738176,3586,GW170814
1186738176,3587,GW170814
1186738176,3588,GW170814
1186738176,3589,GW170814
1186738176,3590,GW170814
1186738176,3591,GW170814
1186738176,3592,GW170814
1186738176,3593,GW170814
1186738176,3594,GW170814
1186738176,3595,GW170814
1186738176,3596,GW170814
1186738176,3597,GW170814
1186738176,3598,GW170814
1186738176,3599,GW170814
1186738176,3600,GW170814
1186738176,3601,GW170814
1186738176,3602,GW170814
1186738176,3603,GW170814
1186738176,3604,GW170814
1186738176,3605,GW170814
1186738176,3606,GW170814
1186738176,3607,GW170814
1186738176,3608,GW170814
1186738176,3609,GW170814
1186738176,3610,GW170814
1186738176,3611,GW170814
1186738176,3612,GW170814
1186738176,3613,GW170814
1186738176,3614,GW170814
1186738176,3615,GW170814
1186738176,3616,GW170814
1186738176,3617,GW170814
1186738176,3618,GW170814
1186738176,3619,GW170814
1186738176,3620,GW170814
1186738176,3621,GW170814
1186738176,3622,GW170814
1186738176,3623,GW170814
1186738176,3624,GW170814
1186738176,3625,GW170814
1186738176,3626,GW170814
1186738176,3627,GW170814
1186738176,3628,GW170814
1186738176,3629,GW170814
1186738176,3630,GW170814
1186738176,3631,GW170814
1186738176,3632,GW170814
1186738176,3633,GW170814
1186738176,3634,GW170814
1186738176,3635,GW170814
1186738176,3636,GW170814
1186738176,3637,GW170814
1186738176,3638,GW170814
1186738176,3639,GW170814
1186738176,3640,GW170814
1186738176,3641,GW170814
1186738176,3642,GW170814
1186738176,3643,GW170814
1186738176,3644,GW170814
1186738176,3645,GW170814
1186738176,3646,GW170814
1186738176,3647,GW170814
1186738176,3648,GW170814
1186738176,3649,GW170814
1186738176,3650,GW170814
1186738176,3651,GW170814
1186738176,3652,GW170814
1186738176,3653,GW170814
1186738176,3654,GW170814
1186738176,3655,GW170814
1186738176,3656,GW170814
1186738176,3657,GW170814
1186738176,3658,GW170814
1186738176,3659,GW170814
1186738176,3660,GW170814
1186738176,3661,GW170814
1186738176,3662,GW170814
1186738176,3663,GW170814
1186738176,3664,GW170814
1186738176,3665,GW170814
1186738176,3666,GW170814
1186738176,3667,GW170814
1186738176,3668,GW170814
1186738176,3669,GW170814
1186738176,3670,GW170814
1186738176,3671,GW170814
1186738176,3672,GW170814
1186738176,3673,GW170814
1186738176,3674,GW170814
1186738176,3675,GW170814
1186738176,3676,GW170814
1186738176,3677,GW170814
1186738176,3678,GW170814
1186738176,3679,GW170814
1186738176,3680,GW170814
1186738176,3681,GW170814
1186738176,3682,GW170814
1186738176,3683,GW170814
1186738176,3684,GW170814
1186738176,3685,GW170814
1186738176,3686,GW170814
1186738176,3687,GW170814
1186738176,3688,GW170814
1186738176,3689,GW170814
1186738176,3690,GW170814
1186738176,3691,GW170814
1186738176,3692,GW170814
1186738176,3693,GW170814
1186738176,3694,GW170814
1186738176,3695,GW170814
1186738176,3696,GW170814
1186738176,3697,GW170814
1186738176,3698,GW170814
1186738176,3699,GW170814
1186738176,3700,GW170814
1186738176,3701,GW170814
1186738176,3702,GW170814
1186738176,3703,GW170814
1186738176,3704,GW170814
1186738176,3705,GW170814
1186738176,3706,GW170814
1186738176,3707,GW170814
1186738176,3708,GW170814
1186738176,3709,GW170814
1186738176,3710,GW170814
1186738176,3711,GW170814
1186738176,3712,GW170814
1186738176,3713,GW170814
1186738176,3714,GW170814
1186738176,3715,GW170814
1186738176,3716,GW170814
1186738176,3717,GW170814
1186738176,3718,GW170814
1186738176,3719,GW170814
1186738176,3720,GW170814
1186738176,3721,GW170814
1186738176,3722,GW170814
1186738176,3723,GW170814
1186738176,3724,GW170814
1186738176,3725,GW170814
1186738176,3726,GW170814
1186738176,3727,GW170814
1186738176,3728,GW170814
1186738176,3729,GW170814
1186738176,3730,GW170814
1186738176,3731,GW170814
1186738176,3732,GW170814
1186738176,3733,GW170814
1186738176,3734,GW170814
1186738176,3735,GW170814
1186738176,3736,GW170814
1186738176,3737,GW170814
1186738176,3738,GW170814
1186738176,3739,GW170814
1186738176,3740,GW170814
1186738176,3741,GW170814
1186738176,3742,GW170814
1186738176,3743,GW170814
1186738176,3744,GW170814
1186738176,3745,GW170814
1186738176,3746,GW170814
1186738176,3747,GW170814
1186738176,3748,GW170814
1186738176,3749,GW170814
1186738176,3750,GW170814
1186738176,3751,GW170814
1186738176,3752,GW170814
1186738176,3753,GW170814
1186738176,3754,GW170814
1186738176,3755,GW170814
1186738176,3756,GW170814
1186738176,3757,GW170814
1186738176,3758,GW170814
1186738176,3759,GW170814
1186738176,3760,GW170814
1186738176,3761,GW170814
1186738176,3762,GW170814
1186738176,3763,GW170814
1186738176,3764,GW170814
1186738176,3765,GW170814
1186738176,3766,GW170814
1186738176,3767,GW170814
1186738176,3768,GW170814
1186738176,3769,GW170814
1186738176,3770,GW170814
1186738176,3771,GW170814
1186738176,3772,GW170814
1186738176,3773,GW170814
1186738176,3774,GW170814
1186738176,3775,GW170814
1186738176,3776,GW170814
1186738176,3777,GW170814
1186738176,3778,GW170814
1186738176,3779,GW170814
1186738176,3780,GW170814
1186738176,3781,GW170814
1186738176,3782,GW170814
1186738176,3783,GW170814
1186738176,3784,GW170814
1186738176,3785,GW170814
1186738176,3786,GW170814
1186738176,3787,GW170814
1186738176,3788,GW170814
1186738176,3789,GW170814
1186738176,3790,GW170814
1186738176,3791,GW170814
1186738176,3792,GW170814
1186738176,3793,GW170814
1186738176,3794,GW170814
1186738176,3795,GW170814
1186738176,3796,GW170814
1186738176,3797,GW170814
1186738176,3798,GW170814
1186738176,3799,GW170814
1186738176,3800,GW170814
1186738176,3801,GW170814
1186738176,3802,GW170814
1186738176,3803,GW170814
1186738176,3804,GW170814
1186738176,3805,GW170814
1186738176,3806,GW170814
1186738176,3807,GW170814
1186738176,3808,GW170814
1186738176,3809,GW170814
1186738176,3810,GW170814
1186738176,3811,GW170814
1186738176,3812,GW170814
1186738176,3813,GW170814
1186738176,3814,GW170814
1186738176,3815,GW170814
1186738176,3816,GW170814
1186738176,3817,GW170814
1186738176,3818,GW170814
1186738176,3819,GW170814
1186738176,3820,GW170814
1186738176,3821,GW170814
1186738176,3822,GW170814
1186738176,3823,GW170814
1186738176,3824,GW170814
1186738176,3825,GW170814
1186738176,3826,GW170814
1186738176,3827,GW170814
1186738176,3828,GW170814
1186738176,3829,GW170814
1186738176,3830,GW170814
1186738176,3831,GW170814
1186738176,3832,GW170814
1186738176,3833,GW170814
1186738176,3834,GW170814
1186738176,3835,GW170814
1186738176,3836,GW170814
1186738176,3837,GW170814
1186738176,3838,GW170814
1186738176,3839,GW170814
1186738176,3840,GW170814
1186738176,3841,GW170814
1186738176,3842,GW170814
1186738176,3843,GW170814
1186738176,3844,GW170814
1186738176,3845,GW170814
1186738176,3846,GW170814
1186738176,3847,GW170814
1186738176,3848,GW170814
1186738176,3849,GW170814
1186738176,3850,GW170814
1186738176,3851,GW170814
1186738176,3852,GW170814
1186738176,3853,GW170814
1186738176,3854,GW170814
1186738176,3855,GW170814
1186738176,3856,GW170814
1186738176,3857,GW170814
1186738176,3858,GW170814
1186738176,3859,GW170814
1186738176,3860,GW170814
1186738176,3861,GW170814
1186738176,3862,GW170814
1186738176,3863,GW170814
1186738176,3864,GW170814
1186738176,3865,GW170814
1186738176,3866,GW170814
1186738176,3867,GW170814
1186738176,3868,GW170814
1186738176,3869,GW170814
1186738176,3870,GW170814
1186738176,3871,GW170814
1186738176,3872,GW170814
1186738176,3873,GW170814
1186738176,3874,GW170814
1186738176,3875,GW170814
1186738176,3876,GW170814
1186738176,3877,GW170814
1186738176,3878,GW170814
1186738176,3879,GW170814
1186738176,3880,GW170814
1186738176,3881,GW170814
1186738176,3882,GW170814
1186738176,3883,GW170814
1186738176,3884,GW170814
1186738176,3885,GW170814
1186738176,3886,GW170814
1186738176,3887,GW170814
1186738176,3888,GW170814
1186738176,3889,GW170814
1186738176,3890,GW170814
1186738176,3891,GW170814
1186738176,3892,GW170814
1186738176,3893,GW170814
1186738176,3894,GW170814
1186738176,3895,GW170814
1186738176,3896,GW170814
1186738176,3897,GW170814
1186738176,3898,GW170814
1186738176,3899,GW170814
1186738176,3900,GW170814
1186738176,3901,GW170814
1186738176,3902,GW170814
1186738176,3903,GW170814
1186738176,3904,GW170814
1186738176,3905,GW170814
1186738176,3906,GW170814
1186738176,3907,GW170814
1186738176,3908,GW170814
1186738176,3909,GW170814
1186738176,3910,GW170814
1186738176,3911,GW170814
1186738176,3912,GW170814
1186738176,3913,GW170814
1186738176,3914,GW170814
1186738176,3915,GW170814
1186738176,3916,GW170814
1186738176,3917,GW170814
1186738176,3918,GW170814
1186738176,3919,GW170814
1186738176,3920,GW170814
1186738176,3921,GW170814
1186738176,3922,GW170814
1186738176,3923,GW170814
1186738176,3924,GW170814
1186738176,3925,GW170814
1186738176,3926,GW170814
1186738176,3927,GW170814
1186738176,3928,GW170814
1186738176,3929,GW170814
1186738176,3930,GW170814
1186738176,3931,GW170814
1186738176,3932,GW170814
1186738176,3933,GW170814
1186738176,3934,GW170814
1186738176,3935,GW170814
1186738176,3936,GW170814
1186738176,3937,GW170814
1186738176,3938,GW170814
1186738176,3939,GW170814
1186738176,3940,GW170814
1186738176,3941,GW170814
1186738176,3942,GW170814
1186738176,3943,GW170814
1186738176,3944,GW170814
1186738176,3945,GW170814
1186738176,3946,GW170814
1186738176,3947,GW170814
1186738176,3948,GW170814
1186738176,3949,GW170814
1186738176,3950,GW170814
1186738176,3951,GW170814
1186738176,3952,GW170814
1186738176,3953,GW170814
1186738176,3954,GW170814
1186738176,3955,GW170814
1186738176,3956,GW170814
1186738176,3957,GW170814
1186738176,3958,GW170814
1186738176,3959,GW170814
1186738176,3960,GW170814
1186738176,3961,GW170814
1186738176,3962,GW170814
1186738176,3963,GW170814
1186738176,3964,GW170814
1186738176,3965,GW170814
1186738176,3966,GW170814
1186738176,3967,GW170814
1186738176,3968,GW170814
1186738176,3969,GW170814
1186738176,3970,GW170814
1186738176,3971,GW170814
1186738176,3972,GW170814
1186738176,3973,GW170814
1186738176,3974,GW170814
1186738176,3975,GW170814
1186738176,3976,GW170814
1186738176,3977,GW170814
1186738176,3978,GW170814
1186738176,3979,GW170814
1186738176,3980,GW170814
1186738176,3981,GW170814
1186738176,3982,GW170814
1186738176,3983,GW170814
1186738176,3984,GW170814
1186738176,3985,GW170814
1186738176,3986,GW170814
1186738176,3987,GW170814
1186738176,3988,GW170814
1186738176,3989,GW170814
1186738176,3990,GW170814
1186738176,3991,GW170814
1186738176,3992,GW170814
1186738176,3993,GW170814
1186738176,3994,GW170814
1186738176,3995,GW170814
1186738176,3996,GW170814
1186738176,3997,GW170814
1186738176,3998,GW170814
1186738176,3999,GW170814
1186738176,4000,GW170814
1186738176,4001,GW170814
1186738176,4002,GW170814
1186738176,4003,GW170814
1186738176,4004,GW170814
1186738176,4005,GW170814
1186738176,4006,GW170814
1186738176,4007,GW170814
1186738176,4008,GW170814
1186738176,4009,GW170814
1186738176,4010,GW170814
1186738176,4011,GW170814
1186738176,4012,GW170814
1186738176,4013,GW170814
1186738176,4014,GW170814
1186738176,4015,GW170814
1186738176,4016,GW170814
1186738176,4017,GW170814
1186738176,4018,GW170814
1186738176,4019,GW170814
1186738176,4020,GW170814
1186738176,4021,GW170814
1186738176,4022,GW170814
1186738176,4023,GW170814
1186738176,4024,GW170814
1186738176,4025,GW170814
1186738176,4026,GW170814
1186738176,4027,GW170814
1186738176,4028,GW170814
1186738176,4029,GW170814
1186738176,4030,GW170814
1186738176,4031,GW170814
1186738176,4032,GW170814
1186738176,4033,GW170814
1186738176,4034,GW170814
1186738176,4035,GW170814
1186738176,4036,GW170814
1186738176,4037,GW170814
1186738176,4038,GW170814
1186738176,4039,GW170814
1186738176,4040,GW170814
1186738176,4041,GW170814
1186738176,4042,GW170814
1186738176,4043,GW170814
1186738176,4044,GW170814
1186738176,4045,GW170814
1186738176,4046,GW170814
1186738176,4047,GW170814
1186738176,4048,GW170814
1186738176,4049,GW170814
1186738176,4050,GW170814
1186738176,4051,GW170814
1186738176,4052,GW170814
1186738176,4053,GW170814
1186738176,4054,GW170814
1186738176,4055,GW170814
1186738176,4056,GW170814
1186738176,4057,GW170814
1186738176,4058,GW170814
1186738176,4059,GW170814
1186738176,4060,GW170814
1186738176,4061,GW170814
1186738176,4062,GW170814
1186738176,4063,GW170814
1186738176,4064,GW170814
1186738176,4065,GW170814
1186738176,4066,GW170814
1186738176,4067,GW170814
1186738176,4068,GW170814
1186738176,4069,GW170814
1186738176,4070,GW170814
1186738176,4071,GW170814
1186738176,4072,GW170814
1186738176,4073,GW170814
1186738176,4074,GW170814
1186738176,4075,GW170814
1186738176,4076,GW170814
1186738176,4077,GW170814
1186738176,4078,GW170814
1186738176,4079,GW170814
1186738176,4080,GW170814
1186738176,4081,GW170814
1186738176,4082,GW170814
1186738176,4083,GW170814
1186738176,4084,GW170814
1186738176,4085,GW170814
1186738176,4086,GW170814
1186738176,4087,GW170814
1186738176,4088,GW170814
1186738176,4089,GW170814
1186738176,4090,GW170814
1186738176,4091,GW170814
1186738176,4092,GW170814
1186738176,4093,GW170814
1186738176,4094,GW170814
1186738176,4095,GW170814
1126256640,0,GW150914
1126256640,1,GW150914
1126256640,2,GW150914
1126256640,3,GW150914
1126256640,4,GW150914
1126256640,5,GW150914
1126256640,6,GW150914
1126256640,7,GW150914
1126256640,8,GW150914
1126256640,9,GW150914
1126256640,10,GW150914
1126256640,11,GW150914
1126256640,12,GW150914
1126256640,13,GW150914
1126256640,14,GW150914
1126256640,15,GW150914
1126256640,16,GW150914
1126256640,17,GW150914
1126256640,18,GW150914
1126256640,19,GW150914
1126256640,20,GW150914
1126256640,21,GW150914
1126256640,22,GW150914
1126256640,23,GW150914
1126256640,24,GW150914
1126256640,25,GW150914
1126256640,26,GW150914
1126256640,27,GW150914
1126256640,28,GW150914
1126256640,29,GW150914
1126256640,30,GW150914
1126256640,31,GW150914
1126256640,32,GW150914
1126256640,33,GW150914
1126256640,34,GW150914
1126256640,35,GW150914
1126256640,36,GW150914
1126256640,37,GW150914
1126256640,38,GW150914
1126256640,39,GW150914
1126256640,40,GW150914
1126256640,41,GW150914
1126256640,42,GW150914
1126256640,43,GW150914
1126256640,44,GW150914
1126256640,45,GW150914
1126256640,46,GW150914
1126256640,47,GW150914
1126256640,48,GW150914
1126256640,49,GW150914
1126256640,50,GW150914
1126256640,51,GW150914
1126256640,52,GW150914
1126256640,53,GW150914
1126256640,54,GW150914
1126256640,55,GW150914
1126256640,56,GW150914
1126256640,57,GW150914
1126256640,58,GW150914
1126256640,59,GW150914
1126256640,60,GW150914
1126256640,61,GW150914
1126256640,62,GW150914
1126256640,63,GW150914
1126256640,64,GW150914
1126256640,65,GW150914
1126256640,66,GW150914
1126256640,67,GW150914
1126256640,68,GW150914
1126256640,69,GW150914
1126256640,70,GW150914
1126256640,71,GW150914
1126256640,72,GW150914
1126256640,73,GW150914
1126256640,74,GW150914
1126256640,75,GW150914
1126256640,76,GW150914
1126256640,77,GW150914
1126256640,78,GW150914
1126256640,79,GW150914
1126256640,80,GW150914
1126256640,81,GW150914
1126256640,82,GW150914
1126256640,83,GW150914
1126256640,84,GW150914
1126256640,85,GW150914
1126256640,86,GW150914
1126256640,87,GW150914
1126256640,88,GW150914
1126256640,89,GW150914
1126256640,90,GW150914
1126256640,91,GW150914
1126256640,92,GW150914
1126256640,93,GW150914
1126256640,94,GW150914
1126256640,95,GW150914
1126256640,96,GW150914
1126256640,97,GW150914
1126256640,98,GW150914
1126256640,99,GW150914
1126256640,100,GW150914
1126256640,101,GW150914
1126256640,102,GW150914
1126256640,103,GW150914
1126256640,104,GW150914
1126256640,105,GW150914
1126256640,106,GW150914
1126256640,107,GW150914
1126256640,108,GW150914
1126256640,109,GW150914
1126256640,110,GW150914
1126256640,111,GW150914
1126256640,112,GW150914
1126256640,113,GW150914
1126256640,114,GW150914
1126256640,115,GW150914
1126256640,116,GW150914
1126256640,117,GW150914
1126256640,118,GW150914
1126256640,119,GW150914
1126256640,120,GW150914
1126256640,121,GW150914
1126256640,122,GW150914
1126256640,123,GW150914
1126256640,124,GW150914
1126256640,125,GW150914
1126256640,126,GW150914
1126256640,127,GW150914
1126256640,128,GW150914
1126256640,129,GW150914
1126256640,130,GW150914
1126256640,131,GW150914
1126256640,132,GW150914
1126256640,133,GW150914
1126256640,134,GW150914
1126256640,135,GW150914
1126256640,136,GW150914
1126256640,137,GW150914
1126256640,138,GW150914
1126256640,139,GW150914
1126256640,140,GW150914
1126256640,141,GW150914
1126256640,142,GW150914
1126256640,143,GW150914
1126256640,144,GW150914
1126256640,145,GW150914
1126256640,146,GW150914
1126256640,147,GW150914
1126256640,148,GW150914
1126256640,149,GW150914
1126256640,150,GW150914
1126256640,151,GW150914
1126256640,152,GW150914
1126256640,153,GW150914
1126256640,154,GW150914
1126256640,155,GW150914
1126256640,156,GW150914
1126256640,157,GW150914
1126256640,158,GW150914
1126256640,159,GW150914
1126256640,160,GW150914
1126256640,161,GW150914
1126256640,162,GW150914
1126256640,163,GW150914
1126256640,164,GW150914
1126256640,165,GW150914
1126256640,166,GW150914
1126256640,167,GW150914
1126256640,168,GW150914
1126256640,169,GW150914
1126256640,170,GW150914
1126256640,171,GW150914
1126256640,172,GW150914
1126256640,173,GW150914
1126256640,174,GW150914
1126256640,175,GW150914
1126256640,176,GW150914
1126256640,177,GW150914
1126256640,178,GW150914
1126256640,179,GW150914
1126256640,180,GW150914
1126256640,181,GW150914
1126256640,182,GW150914
1126256640,183,GW150914
1126256640,184,GW150914
1126256640,185,GW150914
1126256640,186,GW150914
1126256640,187,GW150914
1126256640,188,GW150914
1126256640,189,GW150914
1126256640,190,GW150914
1126256640,191,GW150914
1126256640,192,GW150914
1126256640,193,GW150914
1126256640,194,GW150914
1126256640,195,GW150914
1126256640,196,GW150914
1126256640,197,GW150914
1126256640,198,GW150914
1126256640,199,GW150914
1126256640,200,GW150914
1126256640,201,GW150914
1126256640,202,GW150914
1126256640,203,GW150914
1126256640,204,GW150914
1126256640,205,GW150914
1126256640,206,GW150914
1126256640,207,GW150914
1126256640,208,GW150914
1126256640,209,GW150914
1126256640,210,GW150914
1126256640,211,GW150914
1126256640,212,GW150914
1126256640,213,GW150914
1126256640,214,GW150914
1126256640,215,GW150914
1126256640,216,GW150914
1126256640,217,GW150914
1126256640,218,GW150914
1126256640,219,GW150914
1126256640,220,GW150914
1126256640,221,GW150914
1126256640,222,GW150914
1126256640,223,GW150914
1126256640,224,GW150914
1126256640,225,GW150914
1126256640,226,GW150914
1126256640,227,GW150914
1126256640,228,GW150914
1126256640,229,GW150914
1126256640,230,GW150914
1126256640,231,GW150914
1126256640,232,GW150914
1126256640,233,GW150914
1126256640,234,GW150914
1126256640,235,GW150914
1126256640,236,GW150914
1126256640,237,GW150914
1126256640,238,GW150914
1126256640,239,GW150914
1126256640,240,GW150914
1126256640,241,GW150914
1126256640,242,GW150914
1126256640,243,GW150914
1126256640,244,GW150914
1126256640,245,GW150914
1126256640,246,GW150914
1126256640,247,GW150914
1126256640,248,GW150914
1126256640,249,GW150914
1126256640,250,GW150914
1126256640,251,GW150914
1126256640,252,GW150914
1126256640,253,GW150914
1126256640,254,GW150914
1126256640,255,GW150914
1126256640,256,GW150914
1126256640,257,GW150914
1126256640,258,GW150914
1126256640,259,GW150914
1126256640,260,GW150914
1126256640,261,GW150914
1126256640,262,GW150914
1126256640,263,GW150914
1126256640,264,GW150914
1126256640,265,GW150914
1126256640,266,GW150914
1126256640,267,GW150914
1126256640,268,GW150914
1126256640,269,GW150914
1126256640,270,GW150914
1126256640,271,GW150914
1126256640,272,GW150914
1126256640,273,GW150914
1126256640,274,GW150914
1126256640,275,GW150914
1126256640,276,GW150914
1126256640,277,GW150914
1126256640,278,GW150914
1126256640,279,GW150914
1126256640,280,GW150914
1126256640,281,GW150914
1126256640,282,GW150914
1126256640,283,GW150914
1126256640,284,GW150914
1126256640,285,GW150914
1126256640,286,GW150914
1126256640,287,GW150914
1126256640,288,GW150914
1126256640,289,GW150914
1126256640,290,GW150914
1126256640,291,GW150914
1126256640,292,GW150914
1126256640,293,GW150914
1126256640,294,GW150914
1126256640,295,GW150914
1126256640,296,GW150914
1126256640,297,GW150914
1126256640,298,GW150914
1126256640,299,GW150914
1126256640,300,GW150914
1126256640,301,GW150914
1126256640,302,GW150914
1126256640,303,GW150914
1126256640,304,GW150914
1126256640,305,GW150914
1126256640,306,GW150914
1126256640,307,GW150914
1126256640,308,GW150914
1126256640,309,GW150914
1126256640,310,GW150914
1126256640,311,GW150914
1126256640,312,GW150914
1126256640,313,GW150914
1126256640,314,GW150914
1126256640,315,GW150914
1126256640,316,GW150914
1126256640,317,GW150914
1126256640,318,GW150914
1126256640,319,GW150914
1126256640,320,GW150914
1126256640,321,GW150914
1126256640,322,GW150914
1126256640,323,GW150914
1126256640,324,GW150914
1126256640,325,GW150914
1126256640,326,GW150914
1126256640,327,GW150914
1126256640,328,GW150914
1126256640,329,GW150914
1126256640,330,GW150914
1126256640,331,GW150914
1126256640,332,GW150914
1126256640,333,GW150914
1126256640,334,GW150914
1126256640,335,GW150914
1126256640,336,GW150914
1126256640,337,GW150914
1126256640,338,GW150914
1126256640,339,GW150914
1126256640,340,GW150914
1126256640,341,GW150914
1126256640,342,GW150914
1126256640,343,GW150914
1126256640,344,GW150914
1126256640,345,GW150914
1126256640,346,GW150914
1126256640,347,GW150914
1126256640,348,GW150914
1126256640,349,GW150914
1126256640,350,GW150914
1126256640,351,GW150914
1126256640,352,GW150914
1126256640,353,GW150914
1126256640,354,GW150914
1126256640,355,GW150914
1126256640,356,GW150914
1126256640,357,GW150914
1126256640,358,GW150914
1126256640,359,GW150914
1126256640,360,GW150914
1126256640,361,GW150914
1126256640,362,GW150914
1126256640,363,GW150914
1126256640,364,GW150914
1126256640,365,GW150914
1126256640,366,GW150914
1126256640,367,GW150914
1126256640,368,GW150914
1126256640,369,GW150914
1126256640,370,GW150914
1126256640,371,GW150914
1126256640,372,GW150914
1126256640,373,GW150914
1126256640,374,GW150914
1126256640,375,GW150914
1126256640,376,GW150914
1126256640,377,GW150914
1126256640,378,GW150914
1126256640,379,GW150914
1126256640,380,GW150914
1126256640,381,GW150914
1126256640,382,GW150914
1126256640,383,GW150914
1126256640,384,GW150914
1126256640,385,GW150914
1126256640,386,GW150914
1126256640,387,GW150914
1126256640,388,GW150914
1126256640,389,GW150914
1126256640,390,GW150914
1126256640,391,GW150914
1126256640,392,GW150914
1126256640,393,GW150914
1126256640,394,GW150914
1126256640,395,GW150914
1126256640,396,GW150914
1126256640,397,GW150914
1126256640,398,GW150914
1126256640,399,GW150914
1126256640,400,GW150914
1126256640,401,GW150914
1126256640,402,GW150914
1126256640,403,GW150914
1126256640,404,GW150914
1126256640,405,GW150914
1126256640,406,GW150914
1126256640,407,GW150914
1126256640,408,GW150914
1126256640,409,GW150914
1126256640,410,GW150914
1126256640,411,GW150914
1126256640,412,GW150914
1126256640,413,GW150914
1126256640,414,GW150914
1126256640,415,GW150914
1126256640,416,GW150914
1126256640,417,GW150914
1126256640,418,GW150914
1126256640,419,GW150914
1126256640,420,GW150914
1126256640,421,GW150914
1126256640,422,GW150914
1126256640,423,GW150914
1126256640,424,GW150914
1126256640,425,GW150914
1126256640,426,GW150914
1126256640,427,GW150914
1126256640,428,GW150914
1126256640,429,GW150914
1126256640,430,GW150914
1126256640,431,GW150914
1126256640,432,GW150914
1126256640,433,GW150914
1126256640,434,GW150914
1126256640,435,GW150914
1126256640,436,GW150914
1126256640,437,GW150914
1126256640,438,GW150914
1126256640,439,GW150914
1126256640,440,GW150914
1126256640,441,GW150914
1126256640,442,GW150914
1126256640,443,GW150914
1126256640,444,GW150914
1126256640,445,GW150914
1126256640,446,GW150914
1126256640,447,GW150914
1126256640,448,GW150914
1126256640,449,GW150914
1126256640,450,GW150914
1126256640,451,GW150914
1126256640,452,GW150914
1126256640,453,GW150914
1126256640,454,GW150914
1126256640,455,GW150914
1126256640,456,GW150914
1126256640,457,GW150914
1126256640,458,GW150914
1126256640,459,GW150914
1126256640,460,GW150914
1126256640,461,GW150914
1126256640,462,GW150914
1126256640,463,GW150914
1126256640,464,GW150914
1126256640,465,GW150914
1126256640,466,GW150914
1126256640,467,GW150914
1126256640,468,GW150914
1126256640,469,GW150914
1126256640,470,GW150914
1126256640,471,GW150914
1126256640,472,GW150914
1126256640,473,GW150914
1126256640,474,GW150914
1126256640,475,GW150914
1126256640,476,GW150914
1126256640,477,GW150914
1126256640,478,GW150914
1126256640,479,GW150914
1126256640,480,GW150914
1126256640,481,GW150914
1126256640,482,GW150914
1126256640,483,GW150914
1126256640,484,GW150914
1126256640,485,GW150914
1126256640,486,GW150914
1126256640,487,GW150914
1126256640,488,GW150914
1126256640,489,GW150914
1126256640,490,GW150914
1126256640,491,GW150914
1126256640,492,GW150914
1126256640,493,GW150914
1126256640,494,GW150914
1126256640,495,GW150914
1126256640,496,GW150914
1126256640,497,GW150914
1126256640,498,GW150914
1126256640,499,GW150914
1126256640,500,GW150914
1126256640,501,GW150914
1126256640,502,GW150914
1126256640,503,GW150914
1126256640,504,GW150914
1126256640,505,GW150914
1126256640,506,GW150914
1126256640,507,GW150914
1126256640,508,GW150914
1126256640,509,GW150914
1126256640,510,GW150914
1126256640,511,GW150914
1126256640,512,GW150914
1126256640,513,GW150914
1126256640,514,GW150914
1126256640,515,GW150914
1126256640,516,GW150914
1126256640,517,GW150914
1126256640,518,GW150914
1126256640,519,GW150914
1126256640,520,GW150914
1126256640,521,GW150914
1126256640,522,GW150914
1126256640,523,GW150914
1126256640,524,GW150914
1126256640,525,GW150914
1126256640,526,GW150914
1126256640,527,GW150914
1126256640,528,GW150914
1126256640,529,GW150914
1126256640,530,GW150914
1126256640,531,GW150914
1126256640,532,GW150914
1126256640,533,GW150914
1126256640,534,GW150914
1126256640,535,GW150914
1126256640,536,GW150914
1126256640,537,GW150914
1126256640,538,GW150914
1126256640,539,GW150914
1126256640,540,GW150914
1126256640,541,GW150914
1126256640,542,GW150914
1126256640,543,GW150914
1126256640,544,GW150914
1126256640,545,GW150914
1126256640,546,GW150914
1126256640,547,GW150914
1126256640,548,GW150914
1126256640,549,GW150914
1126256640,550,GW150914
1126256640,551,GW150914
1126256640,552,GW150914
1126256640,553,GW150914
1126256640,554,GW150914
1126256640,555,GW150914
1126256640,556,GW150914
1126256640,557,GW150914
1126256640,558,GW150914
1126256640,559,GW150914
1126256640,560,GW150914
1126256640,561,GW150914
1126256640,562,GW150914
1126256640,563,GW150914
1126256640,564,GW150914
1126256640,565,GW150914
1126256640,566,GW150914
1126256640,567,GW150914
1126256640,568,GW150914
1126256640,569,GW150914
1126256640,570,GW150914
1126256640,571,GW150914
1126256640,572,GW150914
1126256640,573,GW150914
1126256640,574,GW150914
1126256640,575,GW150914
1126256640,576,GW150914
1126256640,577,GW150914
1126256640,578,GW150914
1126256640,579,GW150914
1126256640,580,GW150914
1126256640,581,GW150914
1126256640,582,GW150914
1126256640,583,GW150914
1126256640,584,GW150914
1126256640,585,GW150914
1126256640,586,GW150914
1126256640,587,GW150914
1126256640,588,GW150914
1126256640,589,GW150914
1126256640,590,GW150914
1126256640,591,GW150914
1126256640,592,GW150914
1126256640,593,GW150914
1126256640,594,GW150914
1126256640,595,GW150914
1126256640,596,GW150914
1126256640,597,GW150914
1126256640,598,GW150914
1126256640,599,GW150914
1126256640,600,GW150914
1126256640,601,GW150914
1126256640,602,GW150914
1126256640,603,GW150914
1126256640,604,GW150914
1126256640,605,GW150914
1126256640,606,GW150914
1126256640,607,GW150914
1126256640,608,GW150914
1126256640,609,GW150914
1126256640,610,GW150914
1126256640,611,GW150914
1126256640,612,GW150914
1126256640,613,GW150914
1126256640,614,GW150914
1126256640,615,GW150914
1126256640,616,GW150914
1126256640,617,GW150914
1126256640,618,GW150914
1126256640,619,GW150914
1126256640,620,GW150914
1126256640,621,GW150914
1126256640,622,GW150914
1126256640,623,GW150914
1126256640,624,GW150914
1126256640,625,GW150914
1126256640,626,GW150914
1126256640,627,GW150914
1126256640,628,GW150914
1126256640,629,GW150914
1126256640,630,GW150914
1126256640,631,GW150914
1126256640,632,GW150914
1126256640,633,GW150914
1126256640,634,GW150914
1126256640,635,GW150914
1126256640,636,GW150914
1126256640,637,GW150914
1126256640,638,GW150914
1126256640,639,GW150914
1126256640,640,GW150914
1126256640,641,GW150914
1126256640,642,GW150914
1126256640,643,GW150914
1126256640,644,GW150914
1126256640,645,GW150914
1126256640,646,GW150914
1126256640,647,GW150914
1126256640,648,GW150914
1126256640,649,GW150914
1126256640,650,GW150914
1126256640,651,GW150914
1126256640,652,GW150914
1126256640,653,GW150914
1126256640,654,GW150914
1126256640,655,GW150914
1126256640,656,GW150914
1126256640,657,GW150914
1126256640,658,GW150914
1126256640,659,GW150914
1126256640,660,GW150914
1126256640,661,GW150914
1126256640,662,GW150914
1126256640,663,GW150914
1126256640,664,GW150914
1126256640,665,GW150914
1126256640,666,GW150914
1126256640,667,GW150914
1126256640,668,GW150914
1126256640,669,GW150914
1126256640,670,GW150914
1126256640,671,GW150914
1126256640,672,GW150914
1126256640,673,GW150914
1126256640,674,GW150914
1126256640,675,GW150914
1126256640,676,GW150914
1126256640,677,GW150914
1126256640,678,GW150914
1126256640,679,GW150914
1126256640,680,GW150914
1126256640,681,GW150914
1126256640,682,GW150914
1126256640,683,GW150914
1126256640,684,GW150914
1126256640,685,GW150914
1126256640,686,GW150914
1126256640,687,GW150914
1126256640,688,GW150914
1126256640,689,GW150914
1126256640,690,GW150914
1126256640,691,GW150914
1126256640,692,GW150914
1126256640,693,GW150914
1126256640,694,GW150914
1126256640,695,GW150914
1126256640,696,GW150914
1126256640,697,GW150914
1126256640,698,GW150914
1126256640,699,GW150914
1126256640,700,GW150914
1126256640,701,GW150914
1126256640,702,GW150914
1126256640,703,GW150914
1126256640,704,GW150914
1126256640,705,GW150914
1126256640,706,GW150914
1126256640,707,GW150914
1126256640,708,GW150914
1126256640,709,GW150914
1126256640,710,GW150914
1126256640,711,GW150914
1126256640,712,GW150914
1126256640,713,GW150914
1126256640,714,GW150914
1126256640,715,GW150914
1126256640,716,GW150914
1126256640,717,GW150914
1126256640,718,GW150914
1126256640,719,GW150914
1126256640,720,GW150914
1126256640,721,GW150914
1126256640,722,GW150914
1126256640,723,GW150914
1126256640,724,GW150914
1126256640,725,GW150914
1126256640,726,GW150914
1126256640,727,GW150914
1126256640,728,GW150914
1126256640,729,GW150914
1126256640,730,GW150914
1126256640,731,GW150914
1126256640,732,GW150914
1126256640,733,GW150914
1126256640,734,GW150914
1126256640,735,GW150914
1126256640,736,GW150914
1126256640,737,GW150914
1126256640,738,GW150914
1126256640,739,GW150914
1126256640,740,GW150914
1126256640,741,GW150914
1126256640,742,GW150914
1126256640,743,GW150914
1126256640,744,GW150914
1126256640,745,GW150914
1126256640,746,GW150914
1126256640,747,GW150914
1126256640,748,GW150914
1126256640,749,GW150914
1126256640,750,GW150914
1126256640,751,GW150914
1126256640,752,GW150914
1126256640,753,GW150914
1126256640,754,GW150914
1126256640,755,GW150914
1126256640,756,GW150914
1126256640,757,GW150914
1126256640,758,GW150914
1126256640,759,GW150914
1126256640,760,GW150914
1126256640,761,GW150914
1126256640,762,GW150914
1126256640,763,GW150914
1126256640,764,GW150914
1126256640,765,GW150914
1126256640,766,GW150914
1126256640,767,GW150914
1126256640,768,GW150914
1126256640,769,GW150914
1126256640,770,GW150914
1126256640,771,GW150914
1126256640,772,GW150914
1126256640,773,GW150914
1126256640,774,GW150914
1126256640,775,GW150914
1126256640,776,GW150914
1126256640,777,GW150914
1126256640,778,GW150914
1126256640,779,GW150914
1126256640,780,GW150914
1126256640,781,GW150914
1126256640,782,GW150914
1126256640,783,GW150914
1126256640,784,GW150914
1126256640,785,GW150914
1126256640,786,GW150914
1126256640,787,GW150914
1126256640,788,GW150914
1126256640,789,GW150914
1126256640,790,GW150914
1126256640,791,GW150914
1126256640,792,GW150914
1126256640,793,GW150914
1126256640,794,GW150914
1126256640,795,GW150914
1126256640,796,GW150914
1126256640,797,GW150914
1126256640,798,GW150914
1126256640,799,GW150914
1126256640,800,GW150914
1126256640,801,GW150914
1126256640,802,GW150914
1126256640,803,GW150914
1126256640,804,GW150914
1126256640,805,GW150914
1126256640,806,GW150914
1126256640,807,GW150914
1126256640,808,GW150914
1126256640,809,GW150914
1126256640,810,GW150914
1126256640,811,GW150914
1126256640,812,GW150914
1126256640,813,GW150914
1126256640,814,GW150914
1126256640,815,GW150914
1126256640,816,GW150914
1126256640,817,GW150914
1126256640,818,GW150914
1126256640,819,GW150914
1126256640,820,GW150914
1126256640,821,GW150914
1126256640,822,GW150914
1126256640,823,GW150914
1126256640,824,GW150914
1126256640,825,GW150914
1126256640,826,GW150914
1126256640,827,GW150914
1126256640,828,GW150914
1126256640,829,GW150914
1126256640,830,GW150914
1126256640,831,GW150914
1126256640,832,GW150914
1126256640,833,GW150914
1126256640,834,GW150914
1126256640,835,GW150914
1126256640,836,GW150914
1126256640,837,GW150914
1126256640,838,GW150914
1126256640,839,GW150914
1126256640,840,GW150914
1126256640,841,GW150914
1126256640,842,GW150914
1126256640,843,GW150914
1126256640,844,GW150914
1126256640,845,GW150914
1126256640,846,GW150914
1126256640,847,GW150914
1126256640,848,GW150914
1126256640,849,GW150914
1126256640,850,GW150914
1126256640,851,GW150914
1126256640,852,GW150914
1126256640,853,GW150914
1126256640,854,GW150914
1126256640,855,GW150914
1126256640,856,GW150914
1126256640,857,GW150914
1126256640,858,GW150914
1126256640,859,GW150914
1126256640,860,GW150914
1126256640,861,GW150914
1126256640,862,GW150914
1126256640,863,GW150914
1126256640,864,GW150914
1126256640,865,GW150914
1126256640,866,GW150914
1126256640,867,GW150914
1126256640,868,GW150914
1126256640,869,GW150914
1126256640,870,GW150914
1126256640,871,GW150914
1126256640,872,GW150914
1126256640,873,GW150914
1126256640,874,GW150914
1126256640,875,GW150914
1126256640,876,GW150914
1126256640,877,GW150914
1126256640,878,GW150914
1126256640,879,GW150914
1126256640,880,GW150914
1126256640,881,GW150914
1126256640,882,GW150914
1126256640,883,GW150914
1126256640,884,GW150914
1126256640,885,GW150914
1126256640,886,GW150914
1126256640,887,GW150914
1126256640,888,GW150914
1126256640,889,GW150914
1126256640,890,GW150914
1126256640,891,GW150914
1126256640,892,GW150914
1126256640,893,GW150914
1126256640,894,GW150914
1126256640,895,GW150914
1126256640,896,GW150914
1126256640,897,GW150914
1126256640,898,GW150914
1126256640,899,GW150914
1126256640,900,GW150914
1126256640,901,GW150914
1126256640,902,GW150914
1126256640,903,GW150914
1126256640,904,GW150914
1126256640,905,GW150914
1126256640,906,GW150914
1126256640,907,GW150914
1126256640,908,GW150914
1126256640,909,GW150914
1126256640,910,GW150914
1126256640,911,GW150914
1126256640,912,GW150914
1126256640,913,GW150914
1126256640,914,GW150914
1126256640,915,GW150914
1126256640,916,GW150914
1126256640,917,GW150914
1126256640,918,GW150914
1126256640,919,GW150914
1126256640,920,GW150914
1126256640,921,GW150914
1126256640,922,GW150914
1126256640,923,GW150914
1126256640,924,GW150914
1126256640,925,GW150914
1126256640,926,GW150914
1126256640,927,GW150914
1126256640,928,GW150914
1126256640,929,GW150914
1126256640,930,GW150914
1126256640,931,GW150914
1126256640,932,GW150914
1126256640,933,GW150914
1126256640,934,GW150914
1126256640,935,GW150914
1126256640,936,GW150914
1126256640,937,GW150914
1126256640,938,GW150914
1126256640,939,GW150914
1126256640,940,GW150914
1126256640,941,GW150914
1126256640,942,GW150914
1126256640,943,GW150914
1126256640,944,GW150914
1126256640,945,GW150914
1126256640,946,GW150914
1126256640,947,GW150914
1126256640,948,GW150914
1126256640,949,GW150914
1126256640,950,GW150914
1126256640,951,GW150914
1126256640,952,GW150914
1126256640,953,GW150914
1126256640,954,GW150914
1126256640,955,GW150914
1126256640,956,GW150914
1126256640,957,GW150914
1126256640,958,GW150914
1126256640,959,GW150914
1126256640,960,GW150914
1126256640,961,GW150914
1126256640,962,GW150914
1126256640,963,GW150914
1126256640,964,GW150914
1126256640,965,GW150914
1126256640,966,GW150914
1126256640,967,GW150914
1126256640,968,GW150914
1126256640,969,GW150914
1126256640,970,GW150914
1126256640,971,GW150914
1126256640,972,GW150914
1126256640,973,GW150914
1126256640,974,GW150914
1126256640,975,GW150914
1126256640,976,GW150914
1126256640,977,GW150914
1126256640,978,GW150914
1126256640,979,GW150914
1126256640,980,GW150914
1126256640,981,GW150914
1126256640,982,GW150914
1126256640,983,GW150914
1126256640,984,GW150914
1126256640,985,GW150914
1126256640,986,GW150914
1126256640,987,GW150914
1126256640,988,GW150914
1126256640,989,GW150914
1126256640,990,GW150914
1126256640,991,GW150914
1126256640,992,GW150914
1126256640,993,GW150914
1126256640,994,GW150914
1126256640,995,GW150914
1126256640,996,GW150914
1126256640,997,GW150914
1126256640,998,GW150914
1126256640,999,GW150914
1126256640,1000,GW150914
1126256640,1001,GW150914
1126256640,1002,GW150914
1126256640,1003,GW150914
1126256640,1004,GW150914
1126256640,1005,GW150914
1126256640,1006,GW150914
1126256640,1007,GW150914
1126256640,1008,GW150914
1126256640,1009,GW150914
1126256640,1010,GW150914
1126256640,1011,GW150914
1126256640,1012,GW150914
1126256640,1013,GW150914
1126256640,1014,GW150914
1126256640,1015,GW150914
1126256640,1016,GW150914
1126256640,1017,GW150914
1126256640,1018,GW150914
1126256640,1019,GW150914
1126256640,1020,GW150914
1126256640,1021,GW150914
1126256640,1022,GW150914
1126256640,1023,GW150914
1126256640,1024,GW150914
1126256640,1025,GW150914
1126256640,1026,GW150914
1126256640,1027,GW150914
1126256640,1028,GW150914
1126256640,1029,GW150914
1126256640,1030,GW150914
1126256640,1031,GW150914
1126256640,1032,GW150914
1126256640,1033,GW150914
1126256640,1034,GW150914
1126256640,1035,GW150914
1126256640,1036,GW150914
1126256640,1037,GW150914
1126256640,1038,GW150914
1126256640,1039,GW150914
1126256640,1040,GW150914
1126256640,1041,GW150914
1126256640,1042,GW150914
1126256640,1043,GW150914
1126256640,1044,GW150914
1126256640,1045,GW150914
1126256640,1046,GW150914
1126256640,1047,GW150914
1126256640,1048,GW150914
1126256640,1049,GW150914
1126256640,1050,GW150914
1126256640,1051,GW150914
1126256640,1052,GW150914
1126256640,1053,GW150914
1126256640,1054,GW150914
1126256640,1055,GW150914
1126256640,1056,GW150914
1126256640,1057,GW150914
1126256640,1058,GW150914
1126256640,1059,GW150914
1126256640,1060,GW150914
1126256640,1061,GW150914
1126256640,1062,GW150914
1126256640,1063,GW150914
1126256640,1064,GW150914
1126256640,1065,GW150914
1126256640,1066,GW150914
1126256640,1067,GW150914
1126256640,1068,GW150914
1126256640,1069,GW150914
1126256640,1070,GW150914
1126256640,1071,GW150914
1126256640,1072,GW150914
1126256640,1073,GW150914
1126256640,1074,GW150914
1126256640,1075,GW150914
1126256640,1076,GW150914
1126256640,1077,GW150914
1126256640,1078,GW150914
1126256640,1079,GW150914
1126256640,1080,GW150914
1126256640,1081,GW150914
1126256640,1082,GW150914
1126256640,1083,GW150914
1126256640,1084,GW150914
1126256640,1085,GW150914
1126256640,1086,GW150914
1126256640,1087,GW150914
1126256640,1088,GW150914
1126256640,1089,GW150914
1126256640,1090,GW150914
1126256640,1091,GW150914
1126256640,1092,GW150914
1126256640,1093,GW150914
1126256640,1094,GW150914
1126256640,1095,GW150914
1126256640,1096,GW150914
1126256640,1097,GW150914
1126256640,1098,GW150914
1126256640,1099,GW150914
1126256640,1100,GW150914
1126256640,1101,GW150914
1126256640,1102,GW150914
1126256640,1103,GW150914
1126256640,1104,GW150914
1126256640,1105,GW150914
1126256640,1106,GW150914
1126256640,1107,GW150914
1126256640,1108,GW150914
1126256640,1109,GW150914
1126256640,1110,GW150914
1126256640,1111,GW150914
1126256640,1112,GW150914
1126256640,1113,GW150914
1126256640,1114,GW150914
1126256640,1115,GW150914
1126256640,1116,GW150914
1126256640,1117,GW150914
1126256640,1118,GW150914
1126256640,1119,GW150914
1126256640,1120,GW150914
1126256640,1121,GW150914
1126256640,1122,GW150914
1126256640,1123,GW150914
1126256640,1124,GW150914
1126256640,1125,GW150914
1126256640,1126,GW150914
1126256640,1127,GW150914
1126256640,1128,GW150914
1126256640,1129,GW150914
1126256640,1130,GW150914
1126256640,1131,GW150914
1126256640,1132,GW150914
1126256640,1133,GW150914
1126256640,1134,GW150914
1126256640,1135,GW150914
1126256640,1136,GW150914
1126256640,1137,GW150914
1126256640,1138,GW150914
1126256640,1139,GW150914
1126256640,1140,GW150914
1126256640,1141,GW150914
1126256640,1142,GW150914
1126256640,1143,GW150914
1126256640,1144,GW150914
1126256640,1145,GW150914
1126256640,1146,GW150914
1126256640,1147,GW150914
1126256640,1148,GW150914
1126256640,1149,GW150914
1126256640,1150,GW150914
1126256640,1151,GW150914
1126256640,1152,GW150914
1126256640,1153,GW150914
1126256640,1154,GW150914
1126256640,1155,GW150914
1126256640,1156,GW150914
1126256640,1157,GW150914
1126256640,1158,GW150914
1126256640,1159,GW150914
1126256640,1160,GW150914
1126256640,1161,GW150914
1126256640,1162,GW150914
1126256640,1163,GW150914
1126256640,1164,GW150914
1126256640,1165,GW150914
1126256640,1166,GW150914
1126256640,1167,GW150914
1126256640,1168,GW150914
1126256640,1169,GW150914
1126256640,1170,GW150914
1126256640,1171,GW150914
1126256640,1172,GW150914
1126256640,1173,GW150914
1126256640,1174,GW150914
1126256640,1175,GW150914
1126256640,1176,GW150914
1126256640,1177,GW150914
1126256640,1178,GW150914
1126256640,1179,GW150914
1126256640,1180,GW150914
1126256640,1181,GW150914
1126256640,1182,GW150914
1126256640,1183,GW150914
1126256640,1184,GW150914
1126256640,1185,GW150914
1126256640,1186,GW150914
1126256640,1187,GW150914
1126256640,1188,GW150914
1126256640,1189,GW150914
1126256640,1190,GW150914
1126256640,1191,GW150914
1126256640,1192,GW150914
1126256640,1193,GW150914
1126256640,1194,GW150914
1126256640,1195,GW150914
1126256640,1196,GW150914
1126256640,1197,GW150914
1126256640,1198,GW150914
1126256640,1199,GW150914
1126256640,1200,GW150914
1126256640,1201,GW150914
1126256640,1202,GW150914
1126256640,1203,GW150914
1126256640,1204,GW150914
1126256640,1205,GW150914
1126256640,1206,GW150914
1126256640,1207,GW150914
1126256640,1208,GW150914
1126256640,1209,GW150914
1126256640,1210,GW150914
1126256640,1211,GW150914
1126256640,1212,GW150914
1126256640,1213,GW150914
1126256640,1214,GW150914
1126256640,1215,GW150914
1126256640,1216,GW150914
1126256640,1217,GW150914
1126256640,1218,GW150914
1126256640,1219,GW150914
1126256640,1220,GW150914
1126256640,1221,GW150914
1126256640,1222,GW150914
1126256640,1223,GW150914
1126256640,1224,GW150914
1126256640,1225,GW150914
1126256640,1226,GW150914
1126256640,1227,GW150914
1126256640,1228,GW150914
1126256640,1229,GW150914
1126256640,1230,GW150914
1126256640,1231,GW150914
1126256640,1232,GW150914
1126256640,1233,GW150914
1126256640,1234,GW150914
1126256640,1235,GW150914
1126256640,1236,GW150914
1126256640,1237,GW150914
1126256640,1238,GW150914
1126256640,1239,GW150914
1126256640,1240,GW150914
1126256640,1241,GW150914
1126256640,1242,GW150914
1126256640,1243,GW150914
1126256640,1244,GW150914
1126256640,1245,GW150914
1126256640,1246,GW150914
1126256640,1247,GW150914
1126256640,1248,GW150914
1126256640,1249,GW150914
1126256640,1250,GW150914
1126256640,1251,GW150914
1126256640,1252,GW150914
1126256640,1253,GW150914
1126256640,1254,GW150914
1126256640,1255,GW150914
1126256640,1256,GW150914
1126256640,1257,GW150914
1126256640,1258,GW150914
1126256640,1259,GW150914
1126256640,1260,GW150914
1126256640,1261,GW150914
1126256640,1262,GW150914
1126256640,1263,GW150914
1126256640,1264,GW150914
1126256640,1265,GW150914
1126256640,1266,GW150914
1126256640,1267,GW150914
1126256640,1268,GW150914
1126256640,1269,GW150914
1126256640,1270,GW150914
1126256640,1271,GW150914
1126256640,1272,GW150914
1126256640,1273,GW150914
1126256640,1274,GW150914
1126256640,1275,GW150914
1126256640,1276,GW150914
1126256640,1277,GW150914
1126256640,1278,GW150914
1126256640,1279,GW150914
1126256640,1280,GW150914
1126256640,1281,GW150914
1126256640,1282,GW150914
1126256640,1283,GW150914
1126256640,1284,GW150914
1126256640,1285,GW150914
1126256640,1286,GW150914
1126256640,1287,GW150914
1126256640,1288,GW150914
1126256640,1289,GW150914
1126256640,1290,GW150914
1126256640,1291,GW150914
1126256640,1292,GW150914
1126256640,1293,GW150914
1126256640,1294,GW150914
1126256640,1295,GW150914
1126256640,1296,GW150914
1126256640,1297,GW150914
1126256640,1298,GW150914
1126256640,1299,GW150914
1126256640,1300,GW150914
1126256640,1301,GW150914
1126256640,1302,GW150914
1126256640,1303,GW150914
1126256640,1304,GW150914
1126256640,1305,GW150914
1126256640,1306,GW150914
1126256640,1307,GW150914
1126256640,1308,GW150914
1126256640,1309,GW150914
1126256640,1310,GW150914
1126256640,1311,GW150914
1126256640,1312,GW150914
1126256640,1313,GW150914
1126256640,1314,GW150914
1126256640,1315,GW150914
1126256640,1316,GW150914
1126256640,1317,GW150914
1126256640,1318,GW150914
1126256640,1319,GW150914
1126256640,1320,GW150914
1126256640,1321,GW150914
1126256640,1322,GW150914
1126256640,1323,GW150914
1126256640,1324,GW150914
1126256640,1325,GW150914
1126256640,1326,GW150914
1126256640,1327,GW150914
1126256640,1328,GW150914
1126256640,1329,GW150914
1126256640,1330,GW150914
1126256640,1331,GW150914
1126256640,1332,GW150914
1126256640,1333,GW150914
1126256640,1334,GW150914
1126256640,1335,GW150914
1126256640,1336,GW150914
1126256640,1337,GW150914
1126256640,1338,GW150914
1126256640,1339,GW150914
1126256640,1340,GW150914
1126256640,1341,GW150914
1126256640,1342,GW150914
1126256640,1343,GW150914
1126256640,1344,GW150914
1126256640,1345,GW150914
1126256640,1346,GW150914
1126256640,1347,GW150914
1126256640,1348,GW150914
1126256640,1349,GW150914
1126256640,1350,GW150914
1126256640,1351,GW150914
1126256640,1352,GW150914
1126256640,1353,GW150914
1126256640,1354,GW150914
1126256640,1355,GW150914
1126256640,1356,GW150914
1126256640,1357,GW150914
1126256640,1358,GW150914
1126256640,1359,GW150914
1126256640,1360,GW150914
1126256640,1361,GW150914
1126256640,1362,GW150914
1126256640,1363,GW150914
1126256640,1364,GW150914
1126256640,1365,GW150914
1126256640,1366,GW150914
1126256640,1367,GW150914
1126256640,1368,GW150914
1126256640,1369,GW150914
1126256640,1370,GW150914
1126256640,1371,GW150914
1126256640,1372,GW150914
1126256640,1373,GW150914
1126256640,1374,GW150914
1126256640,1375,GW150914
1126256640,1376,GW150914
1126256640,1377,GW150914
1126256640,1378,GW150914
1126256640,1379,GW150914
1126256640,1380,GW150914
1126256640,1381,GW150914
1126256640,1382,GW150914
1126256640,1383,GW150914
1126256640,1384,GW150914
1126256640,1385,GW150914
1126256640,1386,GW150914
1126256640,1387,GW150914
1126256640,1388,GW150914
1126256640,1389,GW150914
1126256640,1390,GW150914
1126256640,1391,GW150914
1126256640,1392,GW150914
1126256640,1393,GW150914
1126256640,1394,GW150914
1126256640,1395,GW150914
1126256640,1396,GW150914
1126256640,1397,GW150914
1126256640,1398,GW150914
1126256640,1399,GW150914
1126256640,1400,GW150914
1126256640,1401,GW150914
1126256640,1402,GW150914
1126256640,1403,GW150914
1126256640,1404,GW150914
1126256640,1405,GW150914
1126256640,1406,GW150914
1126256640,1407,GW150914
1126256640,1408,GW150914
1126256640,1409,GW150914
1126256640,1410,GW150914
1126256640,1411,GW150914
1126256640,1412,GW150914
1126256640,1413,GW150914
1126256640,1414,GW150914
1126256640,1415,GW150914
1126256640,1416,GW150914
1126256640,1417,GW150914
1126256640,1418,GW150914
1126256640,1419,GW150914
1126256640,1420,GW150914
1126256640,1421,GW150914
1126256640,1422,GW150914
1126256640,1423,GW150914
1126256640,1424,GW150914
1126256640,1425,GW150914
1126256640,1426,GW150914
1126256640,1427,GW150914
1126256640,1428,GW150914
1126256640,1429,GW150914
1126256640,1430,GW150914
1126256640,1431,GW150914
1126256640,1432,GW150914
1126256640,1433,GW150914
1126256640,1434,GW150914
1126256640,1435,GW150914
1126256640,1436,GW150914
1126256640,1437,GW150914
1126256640,1438,GW150914
1126256640,1439,GW150914
1126256640,1440,GW150914
1126256640,1441,GW150914
1126256640,1442,GW150914
1126256640,1443,GW150914
1126256640,1444,GW150914
1126256640,1445,GW150914
1126256640,1446,GW150914
1126256640,1447,GW150914
1126256640,1448,GW150914
1126256640,1449,GW150914
1126256640,1450,GW150914
1126256640,1451,GW150914
1126256640,1452,GW150914
1126256640,1453,GW150914
1126256640,1454,GW150914
1126256640,1455,GW150914
1126256640,1456,GW150914
1126256640,1457,GW150914
1126256640,1458,GW150914
1126256640,1459,GW150914
1126256640,1460,GW150914
1126256640,1461,GW150914
1126256640,1462,GW150914
1126256640,1463,GW150914
1126256640,1464,GW150914
1126256640,1465,GW150914
1126256640,1466,GW150914
1126256640,1467,GW150914
1126256640,1468,GW150914
1126256640,1469,GW150914
1126256640,1470,GW150914
1126256640,1471,GW150914
1126256640,1472,GW150914
1126256640,1473,GW150914
1126256640,1474,GW150914
1126256640,1475,GW150914
1126256640,1476,GW150914
1126256640,1477,GW150914
1126256640,1478,GW150914
1126256640,1479,GW150914
1126256640,1480,GW150914
1126256640,1481,GW150914
1126256640,1482,GW150914
1126256640,1483,GW150914
1126256640,1484,GW150914
1126256640,1485,GW150914
1126256640,1486,GW150914
1126256640,1487,GW150914
1126256640,1488,GW150914
1126256640,1489,GW150914
1126256640,1490,GW150914
1126256640,1491,GW150914
1126256640,1492,GW150914
1126256640,1493,GW150914
1126256640,1494,GW150914
1126256640,1495,GW150914
1126256640,1496,GW150914
1126256640,1497,GW150914
1126256640,1498,GW150914
1126256640,1499,GW150914
1126256640,1500,GW150914
1126256640,1501,GW150914
1126256640,1502,GW150914
1126256640,1503,GW150914
1126256640,1504,GW150914
1126256640,1505,GW150914
1126256640,1506,GW150914
1126256640,1507,GW150914
1126256640,1508,GW150914
1126256640,1509,GW150914
1126256640,1510,GW150914
1126256640,1511,GW150914
1126256640,1512,GW150914
1126256640,1513,GW150914
1126256640,1514,GW150914
1126256640,1515,GW150914
1126256640,1516,GW150914
1126256640,1517,GW150914
1126256640,1518,GW150914
1126256640,1519,GW150914
1126256640,1520,GW150914
1126256640,1521,GW150914
1126256640,1522,GW150914
1126256640,1523,GW150914
1126256640,1524,GW150914
1126256640,1525,GW150914
1126256640,1526,GW150914
1126256640,1527,GW150914
1126256640,1528,GW150914
1126256640,1529,GW150914
1126256640,1530,GW150914
1126256640,1531,GW150914
1126256640,1532,GW150914
1126256640,1533,GW150914
1126256640,1534,GW150914
1126256640,1535,GW150914
1126256640,1536,GW150914
1126256640,1537,GW150914
1126256640,1538,GW150914
1126256640,1539,GW150914
1126256640,1540,GW150914
1126256640,1541,GW150914
1126256640,1542,GW150914
1126256640,1543,GW150914
1126256640,1544,GW150914
1126256640,1545,GW150914
1126256640,1546,GW150914
1126256640,1547,GW150914
1126256640,1548,GW150914
1126256640,1549,GW150914
1126256640,1550,GW150914
1126256640,1551,GW150914
1126256640,1552,GW150914
1126256640,1553,GW150914
1126256640,1554,GW150914
1126256640,1555,GW150914
1126256640,1556,GW150914
1126256640,1557,GW150914
1126256640,1558,GW150914
1126256640,1559,GW150914
1126256640,1560,GW150914
1126256640,1561,GW150914
1126256640,1562,GW150914
1126256640,1563,GW150914
1126256640,1564,GW150914
1126256640,1565,GW150914
1126256640,1566,GW150914
1126256640,1567,GW150914
1126256640,1568,GW150914
1126256640,1569,GW150914
1126256640,1570,GW150914
1126256640,1571,GW150914
1126256640,1572,GW150914
1126256640,1573,GW150914
1126256640,1574,GW150914
1126256640,1575,GW150914
1126256640,1576,GW150914
1126256640,1577,GW150914
1126256640,1578,GW150914
1126256640,1579,GW150914
1126256640,1580,GW150914
1126256640,1581,GW150914
1126256640,1582,GW150914
1126256640,1583,GW150914
1126256640,1584,GW150914
1126256640,1585,GW150914
1126256640,1586,GW150914
1126256640,1587,GW150914
1126256640,1588,GW150914
1126256640,1589,GW150914
1126256640,1590,GW150914
1126256640,1591,GW150914
1126256640,1592,GW150914
1126256640,1593,GW150914
1126256640,1594,GW150914
1126256640,1595,GW150914
1126256640,1596,GW150914
1126256640,1597,GW150914
1126256640,1598,GW150914
1126256640,1599,GW150914
1126256640,1600,GW150914
1126256640,1601,GW150914
1126256640,1602,GW150914
1126256640,1603,GW150914
1126256640,1604,GW150914
1126256640,1605,GW150914
1126256640,1606,GW150914
1126256640,1607,GW150914
1126256640,1608,GW150914
1126256640,1609,GW150914
1126256640,1610,GW150914
1126256640,1611,GW150914
1126256640,1612,GW150914
1126256640,1613,GW150914
1126256640,1614,GW150914
1126256640,1615,GW150914
1126256640,1616,GW150914
1126256640,1617,GW150914
1126256640,1618,GW150914
1126256640,1619,GW150914
1126256640,1620,GW150914
1126256640,1621,GW150914
1126256640,1622,GW150914
1126256640,1623,GW150914
1126256640,1624,GW150914
1126256640,1625,GW150914
1126256640,1626,GW150914
1126256640,1627,GW150914
1126256640,1628,GW150914
1126256640,1629,GW150914
1126256640,1630,GW150914
1126256640,1631,GW150914
1126256640,1632,GW150914
1126256640,1633,GW150914
1126256640,1634,GW150914
1126256640,1635,GW150914
1126256640,1636,GW150914
1126256640,1637,GW150914
1126256640,1638,GW150914
1126256640,1639,GW150914
1126256640,1640,GW150914
1126256640,1641,GW150914
1126256640,1642,GW150914
1126256640,1643,GW150914
1126256640,1644,GW150914
1126256640,1645,GW150914
1126256640,1646,GW150914
1126256640,1647,GW150914
1126256640,1648,GW150914
1126256640,1649,GW150914
1126256640,1650,GW150914
1126256640,1651,GW150914
1126256640,1652,GW150914
1126256640,1653,GW150914
1126256640,1654,GW150914
1126256640,1655,GW150914
1126256640,1656,GW150914
1126256640,1657,GW150914
1126256640,1658,GW150914
1126256640,1659,GW150914
1126256640,1660,GW150914
1126256640,1661,GW150914
1126256640,1662,GW150914
1126256640,1663,GW150914
1126256640,1664,GW150914
1126256640,1665,GW150914
1126256640,1666,GW150914
1126256640,1667,GW150914
1126256640,1668,GW150914
1126256640,1669,GW150914
1126256640,1670,GW150914
1126256640,1671,GW150914
1126256640,1672,GW150914
1126256640,1673,GW150914
1126256640,1674,GW150914
1126256640,1675,GW150914
1126256640,1676,GW150914
1126256640,1677,GW150914
1126256640,1678,GW150914
1126256640,1679,GW150914
1126256640,1680,GW150914
1126256640,1681,GW150914
1126256640,1682,GW150914
1126256640,1683,GW150914
1126256640,1684,GW150914
1126256640,1685,GW150914
1126256640,1686,GW150914
1126256640,1687,GW150914
1126256640,1688,GW150914
1126256640,1689,GW150914
1126256640,1690,GW150914
1126256640,1691,GW150914
1126256640,1692,GW150914
1126256640,1693,GW150914
1126256640,1694,GW150914
1126256640,1695,GW150914
1126256640,1696,GW150914
1126256640,1697,GW150914
1126256640,1698,GW150914
1126256640,1699,GW150914
1126256640,1700,GW150914
1126256640,1701,GW150914
1126256640,1702,GW150914
1126256640,1703,GW150914
1126256640,1704,GW150914
1126256640,1705,GW150914
1126256640,1706,GW150914
1126256640,1707,GW150914
1126256640,1708,GW150914
1126256640,1709,GW150914
1126256640,1710,GW150914
1126256640,1711,GW150914
1126256640,1712,GW150914
1126256640,1713,GW150914
1126256640,1714,GW150914
1126256640,1715,GW150914
1126256640,1716,GW150914
1126256640,1717,GW150914
1126256640,1718,GW150914
1126256640,1719,GW150914
1126256640,1720,GW150914
1126256640,1721,GW150914
1126256640,1722,GW150914
1126256640,1723,GW150914
1126256640,1724,GW150914
1126256640,1725,GW150914
1126256640,1726,GW150914
1126256640,1727,GW150914
1126256640,1728,GW150914
1126256640,1729,GW150914
1126256640,1730,GW150914
1126256640,1731,GW150914
1126256640,1732,GW150914
1126256640,1733,GW150914
1126256640,1734,GW150914
1126256640,1735,GW150914
1126256640,1736,GW150914
1126256640,1737,GW150914
1126256640,1738,GW150914
1126256640,1739,GW150914
1126256640,1740,GW150914
1126256640,1741,GW150914
1126256640,1742,GW150914
1126256640,1743,GW150914
1126256640,1744,GW150914
1126256640,1745,GW150914
1126256640,1746,GW150914
1126256640,1747,GW150914
1126256640,1748,GW150914
1126256640,1749,GW150914
1126256640,1750,GW150914
1126256640,1751,GW150914
1126256640,1752,GW150914
1126256640,1753,GW150914
1126256640,1754,GW150914
1126256640,1755,GW150914
1126256640,1756,GW150914
1126256640,1757,GW150914
1126256640,1758,GW150914
1126256640,1759,GW150914
1126256640,1760,GW150914
1126256640,1761,GW150914
1126256640,1762,GW150914
1126256640,1763,GW150914
1126256640,1764,GW150914
1126256640,1765,GW150914
1126256640,1766,GW150914
1126256640,1767,GW150914
1126256640,1768,GW150914
1126256640,1769,GW150914
1126256640,1770,GW150914
1126256640,1771,GW150914
1126256640,1772,GW150914
1126256640,1773,GW150914
1126256640,1774,GW150914
1126256640,1775,GW150914
1126256640,1776,GW150914
1126256640,1777,GW150914
1126256640,1778,GW150914
1126256640,1779,GW150914
1126256640,1780,GW150914
1126256640,1781,GW150914
1126256640,1782,GW150914
1126256640,1783,GW150914
1126256640,1784,GW150914
1126256640,1785,GW150914
1126256640,1786,GW150914
1126256640,1787,GW150914
1126256640,1788,GW150914
1126256640,1789,GW150914
1126256640,1790,GW150914
1126256640,1791,GW150914
1126256640,1792,GW150914
1126256640,1793,GW150914
1126256640,1794,GW150914
1126256640,1795,GW150914
1126256640,1796,GW150914
1126256640,1797,GW150914
1126256640,1798,GW150914
1126256640,1799,GW150914
1126256640,1800,GW150914
1126256640,1801,GW150914
1126256640,1802,GW150914
1126256640,1803,GW150914
1126256640,1804,GW150914
1126256640,1805,GW150914
1126256640,1806,GW150914
1126256640,1807,GW150914
1126256640,1808,GW150914
1126256640,1809,GW150914
1126256640,1810,GW150914
1126256640,1811,GW150914
1126256640,1812,GW150914
1126256640,1813,GW150914
1126256640,1814,GW150914
1126256640,1815,GW150914
1126256640,1816,GW150914
1126256640,1817,GW150914
1126256640,1818,GW150914
1126256640,1819,GW150914
1126256640,1820,GW150914
1126256640,1821,GW150914
1126256640,1822,GW150914
1126256640,1823,GW150914
1126256640,1824,GW150914
1126256640,1825,GW150914
1126256640,1826,GW150914
1126256640,1827,GW150914
1126256640,1828,GW150914
1126256640,1829,GW150914
1126256640,1830,GW150914
1126256640,1831,GW150914
1126256640,1832,GW150914
1126256640,1833,GW150914
1126256640,1834,GW150914
1126256640,1835,GW150914
1126256640,1836,GW150914
1126256640,1837,GW150914
1126256640,1838,GW150914
1126256640,1839,GW150914
1126256640,1840,GW150914
1126256640,1841,GW150914
1126256640,1842,GW150914
1126256640,1843,GW150914
1126256640,1844,GW150914
1126256640,1845,GW150914
1126256640,1846,GW150914
1126256640,1847,GW150914
1126256640,1848,GW150914
1126256640,1849,GW150914
1126256640,1850,GW150914
1126256640,1851,GW150914
1126256640,1852,GW150914
1126256640,1853,GW150914
1126256640,1854,GW150914
1126256640,1855,GW150914
1126256640,1856,GW150914
1126256640,1857,GW150914
1126256640,1858,GW150914
1126256640,1859,GW150914
1126256640,1860,GW150914
1126256640,1861,GW150914
1126256640,1862,GW150914
1126256640,1863,GW150914
1126256640,1864,GW150914
1126256640,1865,GW150914
1126256640,1866,GW150914
1126256640,1867,GW150914
1126256640,1868,GW150914
1126256640,1869,GW150914
1126256640,1870,GW150914
1126256640,1871,GW150914
1126256640,1872,GW150914
1126256640,1873,GW150914
1126256640,1874,GW150914
1126256640,1875,GW150914
1126256640,1876,GW150914
1126256640,1877,GW150914
1126256640,1878,GW150914
1126256640,1879,GW150914
1126256640,1880,GW150914
1126256640,1881,GW150914
1126256640,1882,GW150914
1126256640,1883,GW150914
1126256640,1884,GW150914
1126256640,1885,GW150914
1126256640,1886,GW150914
1126256640,1887,GW150914
1126256640,1888,GW150914
1126256640,1889,GW150914
1126256640,1890,GW150914
1126256640,1891,GW150914
1126256640,1892,GW150914
1126256640,1893,GW150914
1126256640,1894,GW150914
1126256640,1895,GW150914
1126256640,1896,GW150914
1126256640,1897,GW150914
1126256640,1898,GW150914
1126256640,1899,GW150914
1126256640,1900,GW150914
1126256640,1901,GW150914
1126256640,1902,GW150914
1126256640,1903,GW150914
1126256640,1904,GW150914
1126256640,1905,GW150914
1126256640,1906,GW150914
1126256640,1907,GW150914
1126256640,1908,GW150914
1126256640,1909,GW150914
1126256640,1910,GW150914
1126256640,1911,GW150914
1126256640,1912,GW150914
1126256640,1913,GW150914
1126256640,1914,GW150914
1126256640,1915,GW150914
1126256640,1916,GW150914
1126256640,1917,GW150914
1126256640,1918,GW150914
1126256640,1919,GW150914
1126256640,1920,GW150914
1126256640,1921,GW150914
1126256640,1922,GW150914
1126256640,1923,GW150914
1126256640,1924,GW150914
1126256640,1925,GW150914
1126256640,1926,GW150914
1126256640,1927,GW150914
1126256640,1928,GW150914
1126256640,1929,GW150914
1126256640,1930,GW150914
1126256640,1931,GW150914
1126256640,1932,GW150914
1126256640,1933,GW150914
1126256640,1934,GW150914
1126256640,1935,GW150914
1126256640,1936,GW150914
1126256640,1937,GW150914
1126256640,1938,GW150914
1126256640,1939,GW150914
1126256640,1940,GW150914
1126256640,1941,GW150914
1126256640,1942,GW150914
1126256640,1943,GW150914
1126256640,1944,GW150914
1126256640,1945,GW150914
1126256640,1946,GW150914
1126256640,1947,GW150914
1126256640,1948,GW150914
1126256640,1949,GW150914
1126256640,1950,GW150914
1126256640,1951,GW150914
1126256640,1952,GW150914
1126256640,1953,GW150914
1126256640,1954,GW150914
1126256640,1955,GW150914
1126256640,1956,GW150914
1126256640,1957,GW150914
1126256640,1958,GW150914
1126256640,1959,GW150914
1126256640,1960,GW150914
1126256640,1961,GW150914
1126256640,1962,GW150914
1126256640,1963,GW150914
1126256640,1964,GW150914
1126256640,1965,GW150914
1126256640,1966,GW150914
1126256640,1967,GW150914
1126256640,1968,GW150914
1126256640,1969,GW150914
1126256640,1970,GW150914
1126256640,1971,GW150914
1126256640,1972,GW150914
1126256640,1973,GW150914
1126256640,1974,GW150914
1126256640,1975,GW150914
1126256640,1976,GW150914
1126256640,1977,GW150914
1126256640,1978,GW150914
1126256640,1979,GW150914
1126256640,1980,GW150914
1126256640,1981,GW150914
1126256640,1982,GW150914
1126256640,1983,GW150914
1126256640,1984,GW150914
1126256640,1985,GW150914
1126256640,1986,GW150914
1126256640,1987,GW150914
1126256640,1988,GW150914
1126256640,1989,GW150914
1126256640,1990,GW150914
1126256640,1991,GW150914
1126256640,1992,GW150914
1126256640,1993,GW150914
1126256640,1994,GW150914
1126256640,1995,GW150914
1126256640,1996,GW150914
1126256640,1997,GW150914
1126256640,1998,GW150914
1126256640,1999,GW150914
1126256640,2000,GW150914
1126256640,2001,GW150914
1126256640,2002,GW150914
1126256640,2003,GW150914
1126256640,2004,GW150914
1126256640,2005,GW150914
1126256640,2006,GW150914
1126256640,2007,GW150914
1126256640,2008,GW150914
1126256640,2009,GW150914
1126256640,2010,GW150914
1126256640,2011,GW150914
1126256640,2012,GW150914
1126256640,2013,GW150914
1126256640,2014,GW150914
1126256640,2015,GW150914
1126256640,2016,GW150914
1126256640,2017,GW150914
1126256640,2018,GW150914
1126256640,2019,GW150914
1126256640,2020,GW150914
1126256640,2021,GW150914
1126256640,2022,GW150914
1126256640,2023,GW150914
1126256640,2024,GW150914
1126256640,2025,GW150914
1126256640,2026,GW150914
1126256640,2027,GW150914
1126256640,2028,GW150914
1126256640,2029,GW150914
1126256640,2030,GW150914
1126256640,2031,GW150914
1126256640,2032,GW150914
1126256640,2033,GW150914
1126256640,2034,GW150914
1126256640,2035,GW150914
1126256640,2036,GW150914
1126256640,2037,GW150914
1126256640,2038,GW150914
1126256640,2039,GW150914
1126256640,2040,GW150914
1126256640,2041,GW150914
1126256640,2042,GW150914
1126256640,2043,GW150914
1126256640,2044,GW150914
1126256640,2045,GW150914
1126256640,2046,GW150914
1126256640,2047,GW150914
1126256640,2048,GW150914
1126256640,2049,GW150914
1126256640,2050,GW150914
1126256640,2051,GW150914
1126256640,2052,GW150914
1126256640,2053,GW150914
1126256640,2054,GW150914
1126256640,2055,GW150914
1126256640,2056,GW150914
1126256640,2057,GW150914
1126256640,2058,GW150914
1126256640,2059,GW150914
1126256640,2060,GW150914
1126256640,2061,GW150914
1126256640,2062,GW150914
1126256640,2063,GW150914
1126256640,2064,GW150914
1126256640,2065,GW150914
1126256640,2066,GW150914
1126256640,2067,GW150914
1126256640,2068,GW150914
1126256640,2069,GW150914
1126256640,2070,GW150914
1126256640,2071,GW150914
1126256640,2072,GW150914
1126256640,2073,GW150914
1126256640,2074,GW150914
1126256640,2075,GW150914
1126256640,2076,GW150914
1126256640,2077,GW150914
1126256640,2078,GW150914
1126256640,2079,GW150914
1126256640,2080,GW150914
1126256640,2081,GW150914
1126256640,2082,GW150914
1126256640,2083,GW150914
1126256640,2084,GW150914
1126256640,2085,GW150914
1126256640,2086,GW150914
1126256640,2087,GW150914
1126256640,2088,GW150914
1126256640,2089,GW150914
1126256640,2090,GW150914
1126256640,2091,GW150914
1126256640,2092,GW150914
1126256640,2093,GW150914
1126256640,2094,GW150914
1126256640,2095,GW150914
1126256640,2096,GW150914
1126256640,2097,GW150914
1126256640,2098,GW150914
1126256640,2099,GW150914
1126256640,2100,GW150914
1126256640,2101,GW150914
1126256640,2102,GW150914
1126256640,2103,GW150914
1126256640,2104,GW150914
1126256640,2105,GW150914
1126256640,2106,GW150914
1126256640,2107,GW150914
1126256640,2108,GW150914
1126256640,2109,GW150914
1126256640,2110,GW150914
1126256640,2111,GW150914
1126256640,2112,GW150914
1126256640,2113,GW150914
1126256640,2114,GW150914
1126256640,2115,GW150914
1126256640,2116,GW150914
1126256640,2117,GW150914
1126256640,2118,GW150914
1126256640,2119,GW150914
1126256640,2120,GW150914
1126256640,2121,GW150914
1126256640,2122,GW150914
1126256640,2123,GW150914
1126256640,2124,GW150914
1126256640,2125,GW150914
1126256640,2126,GW150914
1126256640,2127,GW150914
1126256640,2128,GW150914
1126256640,2129,GW150914
1126256640,2130,GW150914
1126256640,2131,GW150914
1126256640,2132,GW150914
1126256640,2133,GW150914
1126256640,2134,GW150914
1126256640,2135,GW150914
1126256640,2136,GW150914
1126256640,2137,GW150914
1126256640,2138,GW150914
1126256640,2139,GW150914
1126256640,2140,GW150914
1126256640,2141,GW150914
1126256640,2142,GW150914
1126256640,2143,GW150914
1126256640,2144,GW150914
1126256640,2145,GW150914
1126256640,2146,GW150914
1126256640,2147,GW150914
1126256640,2148,GW150914
1126256640,2149,GW150914
1126256640,2150,GW150914
1126256640,2151,GW150914
1126256640,2152,GW150914
1126256640,2153,GW150914
1126256640,2154,GW150914
1126256640,2155,GW150914
1126256640,2156,GW150914
1126256640,2157,GW150914
1126256640,2158,GW150914
1126256640,2159,GW150914
1126256640,2160,GW150914
1126256640,2161,GW150914
1126256640,2162,GW150914
1126256640,2163,GW150914
1126256640,2164,GW150914
1126256640,2165,GW150914
1126256640,2166,GW150914
1126256640,2167,GW150914
1126256640,2168,GW150914
1126256640,2169,GW150914
1126256640,2170,GW150914
1126256640,2171,GW150914
1126256640,2172,GW150914
1126256640,2173,GW150914
1126256640,2174,GW150914
1126256640,2175,GW150914
1126256640,2176,GW150914
1126256640,2177,GW150914
1126256640,2178,GW150914
1126256640,2179,GW150914
1126256640,2180,GW150914
1126256640,2181,GW150914
1126256640,2182,GW150914
1126256640,2183,GW150914
1126256640,2184,GW150914
1126256640,2185,GW150914
1126256640,2186,GW150914
1126256640,2187,GW150914
1126256640,2188,GW150914
1126256640,2189,GW150914
1126256640,2190,GW150914
1126256640,2191,GW150914
1126256640,2192,GW150914
1126256640,2193,GW150914
1126256640,2194,GW150914
1126256640,2195,GW150914
1126256640,2196,GW150914
1126256640,2197,GW150914
1126256640,2198,GW150914
1126256640,2199,GW150914
1126256640,2200,GW150914
1126256640,2201,GW150914
1126256640,2202,GW150914
1126256640,2203,GW150914
1126256640,2204,GW150914
1126256640,2205,GW150914
1126256640,2206,GW150914
1126256640,2207,GW150914
1126256640,2208,GW150914
1126256640,2209,GW150914
1126256640,2210,GW150914
1126256640,2211,GW150914
1126256640,2212,GW150914
1126256640,2213,GW150914
1126256640,2214,GW150914
1126256640,2215,GW150914
1126256640,2216,GW150914
1126256640,2217,GW150914
1126256640,2218,GW150914
1126256640,2219,GW150914
1126256640,2220,GW150914
1126256640,2221,GW150914
1126256640,2222,GW150914
1126256640,2223,GW150914
1126256640,2224,GW150914
1126256640,2225,GW150914
1126256640,2226,GW150914
1126256640,2227,GW150914
1126256640,2228,GW150914
1126256640,2229,GW150914
1126256640,2230,GW150914
1126256640,2231,GW150914
1126256640,2232,GW150914
1126256640,2233,GW150914
1126256640,2234,GW150914
1126256640,2235,GW150914
1126256640,2236,GW150914
1126256640,2237,GW150914
1126256640,2238,GW150914
1126256640,2239,GW150914
1126256640,2240,GW150914
1126256640,2241,GW150914
1126256640,2242,GW150914
1126256640,2243,GW150914
1126256640,2244,GW150914
1126256640,2245,GW150914
1126256640,2246,GW150914
1126256640,2247,GW150914
1126256640,2248,GW150914
1126256640,2249,GW150914
1126256640,2250,GW150914
1126256640,2251,GW150914
1126256640,2252,GW150914
1126256640,2253,GW150914
1126256640,2254,GW150914
1126256640,2255,GW150914
1126256640,2256,GW150914
1126256640,2257,GW150914
1126256640,2258,GW150914
1126256640,2259,GW150914
1126256640,2260,GW150914
1126256640,2261,GW150914
1126256640,2262,GW150914
1126256640,2263,GW150914
1126256640,2264,GW150914
1126256640,2265,GW150914
1126256640,2266,GW150914
1126256640,2267,GW150914
1126256640,2268,GW150914
1126256640,2269,GW150914
1126256640,2270,GW150914
1126256640,2271,GW150914
1126256640,2272,GW150914
1126256640,2273,GW150914
1126256640,2274,GW150914
1126256640,2275,GW150914
1126256640,2276,GW150914
1126256640,2277,GW150914
1126256640,2278,GW150914
1126256640,2279,GW150914
1126256640,2280,GW150914
1126256640,2281,GW150914
1126256640,2282,GW150914
1126256640,2283,GW150914
1126256640,2284,GW150914
1126256640,2285,GW150914
1126256640,2286,GW150914
1126256640,2287,GW150914
1126256640,2288,GW150914
1126256640,2289,GW150914
1126256640,2290,GW150914
1126256640,2291,GW150914
1126256640,2292,GW150914
1126256640,2293,GW150914
1126256640,2294,GW150914
1126256640,2295,GW150914
1126256640,2296,GW150914
1126256640,2297,GW150914
1126256640,2298,GW150914
1126256640,2299,GW150914
1126256640,2300,GW150914
1126256640,2301,GW150914
1126256640,2302,GW150914
1126256640,2303,GW150914
1126256640,2304,GW150914
1126256640,2305,GW150914
1126256640,2306,GW150914
1126256640,2307,GW150914
1126256640,2308,GW150914
1126256640,2309,GW150914
1126256640,2310,GW150914
1126256640,2311,GW150914
1126256640,2312,GW150914
1126256640,2313,GW150914
1126256640,2314,GW150914
1126256640,2315,GW150914
1126256640,2316,GW150914
1126256640,2317,GW150914
1126256640,2318,GW150914
1126256640,2319,GW150914
1126256640,2320,GW150914
1126256640,2321,GW150914
1126256640,2322,GW150914
1126256640,2323,GW150914
1126256640,2324,GW150914
1126256640,2325,GW150914
1126256640,2326,GW150914
1126256640,2327,GW150914
1126256640,2328,GW150914
1126256640,2329,GW150914
1126256640,2330,GW150914
1126256640,2331,GW150914
1126256640,2332,GW150914
1126256640,2333,GW150914
1126256640,2334,GW150914
1126256640,2335,GW150914
1126256640,2336,GW150914
1126256640,2337,GW150914
1126256640,2338,GW150914
1126256640,2339,GW150914
1126256640,2340,GW150914
1126256640,2341,GW150914
1126256640,2342,GW150914
1126256640,2343,GW150914
1126256640,2344,GW150914
1126256640,2345,GW150914
1126256640,2346,GW150914
1126256640,2347,GW150914
1126256640,2348,GW150914
1126256640,2349,GW150914
1126256640,2350,GW150914
1126256640,2351,GW150914
1126256640,2352,GW150914
1126256640,2353,GW150914
1126256640,2354,GW150914
1126256640,2355,GW150914
1126256640,2356,GW150914
1126256640,2357,GW150914
1126256640,2358,GW150914
1126256640,2359,GW150914
1126256640,2360,GW150914
1126256640,2361,GW150914
1126256640,2362,GW150914
1126256640,2363,GW150914
1126256640,2364,GW150914
1126256640,2365,GW150914
1126256640,2366,GW150914
1126256640,2367,GW150914
1126256640,2368,GW150914
1126256640,2369,GW150914
1126256640,2370,GW150914
1126256640,2371,GW150914
1126256640,2372,GW150914
1126256640,2373,GW150914
1126256640,2374,GW150914
1126256640,2375,GW150914
1126256640,2376,GW150914
1126256640,2377,GW150914
1126256640,2378,GW150914
1126256640,2379,GW150914
1126256640,2380,GW150914
1126256640,2381,GW150914
1126256640,2382,GW150914
1126256640,2383,GW150914
1126256640,2384,GW150914
1126256640,2385,GW150914
1126256640,2386,GW150914
1126256640,2387,GW150914
1126256640,2388,GW150914
1126256640,2389,GW150914
1126256640,2390,GW150914
1126256640,2391,GW150914
1126256640,2392,GW150914
1126256640,2393,GW150914
1126256640,2394,GW150914
1126256640,2395,GW150914
1126256640,2396,GW150914
1126256640,2397,GW150914
1126256640,2398,GW150914
1126256640,2399,GW150914
1126256640,2400,GW150914
1126256640,2401,GW150914
1126256640,2402,GW150914
1126256640,2403,GW150914
1126256640,2404,GW150914
1126256640,2405,GW150914
1126256640,2406,GW150914
1126256640,2407,GW150914
1126256640,2408,GW150914
1126256640,2409,GW150914
1126256640,2410,GW150914
1126256640,2411,GW150914
1126256640,2412,GW150914
1126256640,2413,GW150914
1126256640,2414,GW150914
1126256640,2415,GW150914
1126256640,2416,GW150914
1126256640,2417,GW150914
1126256640,2418,GW150914
1126256640,2419,GW150914
1126256640,2420,GW150914
1126256640,2421,GW150914
1126256640,2422,GW150914
1126256640,2423,GW150914
1126256640,2424,GW150914
1126256640,2425,GW150914
1126256640,2426,GW150914
1126256640,2427,GW150914
1126256640,2428,GW150914
1126256640,2429,GW150914
1126256640,2430,GW150914
1126256640,2431,GW150914
1126256640,2432,GW150914
1126256640,2433,GW150914
1126256640,2434,GW150914
1126256640,2435,GW150914
1126256640,2436,GW150914
1126256640,2437,GW150914
1126256640,2438,GW150914
1126256640,2439,GW150914
1126256640,2440,GW150914
1126256640,2441,GW150914
1126256640,2442,GW150914
1126256640,2443,GW150914
1126256640,2444,GW150914
1126256640,2445,GW150914
1126256640,2446,GW150914
1126256640,2447,GW150914
1126256640,2448,GW150914
1126256640,2449,GW150914
1126256640,2450,GW150914
1126256640,2451,GW150914
1126256640,2452,GW150914
1126256640,2453,GW150914
1126256640,2454,GW150914
1126256640,2455,GW150914
1126256640,2456,GW150914
1126256640,2457,GW150914
1126256640,2458,GW150914
1126256640,2459,GW150914
1126256640,2460,GW150914
1126256640,2461,GW150914
1126256640,2462,GW150914
1126256640,2463,GW150914
1126256640,2464,GW150914
1126256640,2465,GW150914
1126256640,2466,GW150914
1126256640,2467,GW150914
1126256640,2468,GW150914
1126256640,2469,GW150914
1126256640,2470,GW150914
1126256640,2471,GW150914
1126256640,2472,GW150914
1126256640,2473,GW150914
1126256640,2474,GW150914
1126256640,2475,GW150914
1126256640,2476,GW150914
1126256640,2477,GW150914
1126256640,2478,GW150914
1126256640,2479,GW150914
1126256640,2480,GW150914
1126256640,2481,GW150914
1126256640,2482,GW150914
1126256640,2483,GW150914
1126256640,2484,GW150914
1126256640,2485,GW150914
1126256640,2486,GW150914
1126256640,2487,GW150914
1126256640,2488,GW150914
1126256640,2489,GW150914
1126256640,2490,GW150914
1126256640,2491,GW150914
1126256640,2492,GW150914
1126256640,2493,GW150914
1126256640,2494,GW150914
1126256640,2495,GW150914
1126256640,2496,GW150914
1126256640,2497,GW150914
1126256640,2498,GW150914
1126256640,2499,GW150914
1126256640,2500,GW150914
1126256640,2501,GW150914
1126256640,2502,GW150914
1126256640,2503,GW150914
1126256640,2504,GW150914
1126256640,2505,GW150914
1126256640,2506,GW150914
1126256640,2507,GW150914
1126256640,2508,GW150914
1126256640,2509,GW150914
1126256640,2510,GW150914
1126256640,2511,GW150914
1126256640,2512,GW150914
1126256640,2513,GW150914
1126256640,2514,GW150914
1126256640,2515,GW150914
1126256640,2516,GW150914
1126256640,2517,GW150914
1126256640,2518,GW150914
1126256640,2519,GW150914
1126256640,2520,GW150914
1126256640,2521,GW150914
1126256640,2522,GW150914
1126256640,2523,GW150914
1126256640,2524,GW150914
1126256640,2525,GW150914
1126256640,2526,GW150914
1126256640,2527,GW150914
1126256640,2528,GW150914
1126256640,2529,GW150914
1126256640,2530,GW150914
1126256640,2531,GW150914
1126256640,2532,GW150914
1126256640,2533,GW150914
1126256640,2534,GW150914
1126256640,2535,GW150914
1126256640,2536,GW150914
1126256640,2537,GW150914
1126256640,2538,GW150914
1126256640,2539,GW150914
1126256640,2540,GW150914
1126256640,2541,GW150914
1126256640,2542,GW150914
1126256640,2543,GW150914
1126256640,2544,GW150914
1126256640,2545,GW150914
1126256640,2546,GW150914
1126256640,2547,GW150914
1126256640,2548,GW150914
1126256640,2549,GW150914
1126256640,2550,GW150914
1126256640,2551,GW150914
1126256640,2552,GW150914
1126256640,2553,GW150914
1126256640,2554,GW150914
1126256640,2555,GW150914
1126256640,2556,GW150914
1126256640,2557,GW150914
1126256640,2558,GW150914
1126256640,2559,GW150914
1126256640,2560,GW150914
1126256640,2561,GW150914
1126256640,2562,GW150914
1126256640,2563,GW150914
1126256640,2564,GW150914
1126256640,2565,GW150914
1126256640,2566,GW150914
1126256640,2567,GW150914
1126256640,2568,GW150914
1126256640,2569,GW150914
1126256640,2570,GW150914
1126256640,2571,GW150914
1126256640,2572,GW150914
1126256640,2573,GW150914
1126256640,2574,GW150914
1126256640,2575,GW150914
1126256640,2576,GW150914
1126256640,2577,GW150914
1126256640,2578,GW150914
1126256640,2579,GW150914
1126256640,2580,GW150914
1126256640,2581,GW150914
1126256640,2582,GW150914
1126256640,2583,GW150914
1126256640,2584,GW150914
1126256640,2585,GW150914
1126256640,2586,GW150914
1126256640,2587,GW150914
1126256640,2588,GW150914
1126256640,2589,GW150914
1126256640,2590,GW150914
1126256640,2591,GW150914
1126256640,2592,GW150914
1126256640,2593,GW150914
1126256640,2594,GW150914
1126256640,2595,GW150914
1126256640,2596,GW150914
1126256640,2597,GW150914
1126256640,2598,GW150914
1126256640,2599,GW150914
1126256640,2600,GW150914
1126256640,2601,GW150914
1126256640,2602,GW150914
1126256640,2603,GW150914
1126256640,2604,GW150914
1126256640,2605,GW150914
1126256640,2606,GW150914
1126256640,2607,GW150914
1126256640,2608,GW150914
1126256640,2609,GW150914
1126256640,2610,GW150914
1126256640,2611,GW150914
1126256640,2612,GW150914
1126256640,2613,GW150914
1126256640,2614,GW150914
1126256640,2615,GW150914
1126256640,2616,GW150914
1126256640,2617,GW150914
1126256640,2618,GW150914
1126256640,2619,GW150914
1126256640,2620,GW150914
1126256640,2621,GW150914
1126256640,2622,GW150914
1126256640,2623,GW150914
1126256640,2624,GW150914
1126256640,2625,GW150914
1126256640,2626,GW150914
1126256640,2627,GW150914
1126256640,2628,GW150914
1126256640,2629,GW150914
1126256640,2630,GW150914
1126256640,2631,GW150914
1126256640,2632,GW150914
1126256640,2633,GW150914
1126256640,2634,GW150914
1126256640,2635,GW150914
1126256640,2636,GW150914
1126256640,2637,GW150914
1126256640,2638,GW150914
1126256640,2639,GW150914
1126256640,2640,GW150914
1126256640,2641,GW150914
1126256640,2642,GW150914
1126256640,2643,GW150914
1126256640,2644,GW150914
1126256640,2645,GW150914
1126256640,2646,GW150914
1126256640,2647,GW150914
1126256640,2648,GW150914
1126256640,2649,GW150914
1126256640,2650,GW150914
1126256640,2651,GW150914
1126256640,2652,GW150914
1126256640,2653,GW150914
1126256640,2654,GW150914
1126256640,2655,GW150914
1126256640,2656,GW150914
1126256640,2657,GW150914
1126256640,2658,GW150914
1126256640,2659,GW150914
1126256640,2660,GW150914
1126256640,2661,GW150914
1126256640,2662,GW150914
1126256640,2663,GW150914
1126256640,2664,GW150914
1126256640,2665,GW150914
1126256640,2666,GW150914
1126256640,2667,GW150914
1126256640,2668,GW150914
1126256640,2669,GW150914
1126256640,2670,GW150914
1126256640,2671,GW150914
1126256640,2672,GW150914
1126256640,2673,GW150914
1126256640,2674,GW150914
1126256640,2675,GW150914
1126256640,2676,GW150914
1126256640,2677,GW150914
1126256640,2678,GW150914
1126256640,2679,GW150914
1126256640,2680,GW150914
1126256640,2681,GW150914
1126256640,2682,GW150914
1126256640,2683,GW150914
1126256640,2684,GW150914
1126256640,2685,GW150914
1126256640,2686,GW150914
1126256640,2687,GW150914
1126256640,2688,GW150914
1126256640,2689,GW150914
1126256640,2690,GW150914
1126256640,2691,GW150914
1126256640,2692,GW150914
1126256640,2693,GW150914
1126256640,2694,GW150914
1126256640,2695,GW150914
1126256640,2696,GW150914
1126256640,2697,GW150914
1126256640,2698,GW150914
1126256640,2699,GW150914
1126256640,2700,GW150914
1126256640,2701,GW150914
1126256640,2702,GW150914
1126256640,2703,GW150914
1126256640,2704,GW150914
1126256640,2705,GW150914
1126256640,2706,GW150914
1126256640,2707,GW150914
1126256640,2708,GW150914
1126256640,2709,GW150914
1126256640,2710,GW150914
1126256640,2711,GW150914
1126256640,2712,GW150914
1126256640,2713,GW150914
1126256640,2714,GW150914
1126256640,2715,GW150914
1126256640,2716,GW150914
1126256640,2717,GW150914
1126256640,2718,GW150914
1126256640,2719,GW150914
1126256640,2720,GW150914
1126256640,2721,GW150914
1126256640,2722,GW150914
1126256640,2723,GW150914
1126256640,2724,GW150914
1126256640,2725,GW150914
1126256640,2726,GW150914
1126256640,2727,GW150914
1126256640,2728,GW150914
1126256640,2729,GW150914
1126256640,2730,GW150914
1126256640,2731,GW150914
1126256640,2732,GW150914
1126256640,2733,GW150914
1126256640,2734,GW150914
1126256640,2735,GW150914
1126256640,2736,GW150914
1126256640,2737,GW150914
1126256640,2738,GW150914
1126256640,2739,GW150914
1126256640,2740,GW150914
1126256640,2741,GW150914
1126256640,2742,GW150914
1126256640,2743,GW150914
1126256640,2744,GW150914
1126256640,2745,GW150914
1126256640,2746,GW150914
1126256640,2747,GW150914
1126256640,2748,GW150914
1126256640,2749,GW150914
1126256640,2750,GW150914
1126256640,2751,GW150914
1126256640,2752,GW150914
1126256640,2753,GW150914
1126256640,2754,GW150914
1126256640,2755,GW150914
1126256640,2756,GW150914
1126256640,2757,GW150914
1126256640,2758,GW150914
1126256640,2759,GW150914
1126256640,2760,GW150914
1126256640,2761,GW150914
1126256640,2762,GW150914
1126256640,2763,GW150914
1126256640,2764,GW150914
1126256640,2765,GW150914
1126256640,2766,GW150914
1126256640,2767,GW150914
1126256640,2768,GW150914
1126256640,2769,GW150914
1126256640,2770,GW150914
1126256640,2771,GW150914
1126256640,2772,GW150914
1126256640,2773,GW150914
1126256640,2774,GW150914
1126256640,2775,GW150914
1126256640,2776,GW150914
1126256640,2777,GW150914
1126256640,2778,GW150914
1126256640,2779,GW150914
1126256640,2780,GW150914
1126256640,2781,GW150914
1126256640,2782,GW150914
1126256640,2783,GW150914
1126256640,2784,GW150914
1126256640,2785,GW150914
1126256640,2786,GW150914
1126256640,2787,GW150914
1126256640,2788,GW150914
1126256640,2789,GW150914
1126256640,2790,GW150914
1126256640,2791,GW150914
1126256640,2792,GW150914
1126256640,2793,GW150914
1126256640,2794,GW150914
1126256640,2795,GW150914
1126256640,2796,GW150914
1126256640,2797,GW150914
1126256640,2798,GW150914
1126256640,2799,GW150914
1126256640,2800,GW150914
1126256640,2801,GW150914
1126256640,2802,GW150914
1126256640,2803,GW150914
1126256640,2804,GW150914
1126256640,2805,GW150914
1126256640,2806,GW150914
1126256640,2807,GW150914
1126256640,2808,GW150914
1126256640,2809,GW150914
1126256640,2810,GW150914
1126256640,2811,GW150914
1126256640,2812,GW150914
1126256640,2813,GW150914
1126256640,2814,GW150914
1126256640,2815,GW150914
1126256640,2816,GW150914
1126256640,2817,GW150914
1126256640,2818,GW150914
1126256640,2819,GW150914
1126256640,2820,GW150914
1126256640,2821,GW150914
1126256640,2822,GW150914
1126256640,2823,GW150914
1126256640,2824,GW150914
1126256640,2825,GW150914
1126256640,2826,GW150914
1126256640,2827,GW150914
1126256640,2828,GW150914
1126256640,2829,GW150914
1126256640,2830,GW150914
1126256640,2831,GW150914
1126256640,2832,GW150914
1126256640,2833,GW150914
1126256640,2834,GW150914
1126256640,2835,GW150914
1126256640,2836,GW150914
1126256640,2837,GW150914
1126256640,2838,GW150914
1126256640,2839,GW150914
1126256640,2840,GW150914
1126256640,2841,GW150914
1126256640,2842,GW150914
1126256640,2843,GW150914
1126256640,2844,GW150914
1126256640,2845,GW150914
1126256640,2846,GW150914
1126256640,2847,GW150914
1126256640,2848,GW150914
1126256640,2849,GW150914
1126256640,2850,GW150914
1126256640,2851,GW150914
1126256640,2852,GW150914
1126256640,2853,GW150914
1126256640,2854,GW150914
1126256640,2855,GW150914
1126256640,2856,GW150914
1126256640,2857,GW150914
1126256640,2858,GW150914
1126256640,2859,GW150914
1126256640,2860,GW150914
1126256640,2861,GW150914
1126256640,2862,GW150914
1126256640,2863,GW150914
1126256640,2864,GW150914
1126256640,2865,GW150914
1126256640,2866,GW150914
1126256640,2867,GW150914
1126256640,2868,GW150914
1126256640,2869,GW150914
1126256640,2870,GW150914
1126256640,2871,GW150914
1126256640,2872,GW150914
1126256640,2873,GW150914
1126256640,2874,GW150914
1126256640,2875,GW150914
1126256640,2876,GW150914
1126256640,2877,GW150914
1126256640,2878,GW150914
1126256640,2879,GW150914
1126256640,2880,GW150914
1126256640,2881,GW150914
1126256640,2882,GW150914
1126256640,2883,GW150914
1126256640,2884,GW150914
1126256640,2885,GW150914
1126256640,2886,GW150914
1126256640,2887,GW150914
1126256640,2888,GW150914
1126256640,2889,GW150914
1126256640,2890,GW150914
1126256640,2891,GW150914
1126256640,2892,GW150914
1126256640,2893,GW150914
1126256640,2894,GW150914
1126256640,2895,GW150914
1126256640,2896,GW150914
1126256640,2897,GW150914
1126256640,2898,GW150914
1126256640,2899,GW150914
1126256640,2900,GW150914
1126256640,2901,GW150914
1126256640,2902,GW150914
1126256640,2903,GW150914
1126256640,2904,GW150914
1126256640,2905,GW150914
1126256640,2906,GW150914
1126256640,2907,GW150914
1126256640,2908,GW150914
1126256640,2909,GW150914
1126256640,2910,GW150914
1126256640,2911,GW150914
1126256640,2912,GW150914
1126256640,2913,GW150914
1126256640,2914,GW150914
1126256640,2915,GW150914
1126256640,2916,GW150914
1126256640,2917,GW150914
1126256640,2918,GW150914
1126256640,2919,GW150914
1126256640,2920,GW150914
1126256640,2921,GW150914
1126256640,2922,GW150914
1126256640,2923,GW150914
1126256640,2924,GW150914
1126256640,2925,GW150914
1126256640,2926,GW150914
1126256640,2927,GW150914
1126256640,2928,GW150914
1126256640,2929,GW150914
1126256640,2930,GW150914
1126256640,2931,GW150914
1126256640,2932,GW150914
1126256640,2933,GW150914
1126256640,2934,GW150914
1126256640,2935,GW150914
1126256640,2936,GW150914
1126256640,2937,GW150914
1126256640,2938,GW150914
1126256640,2939,GW150914
1126256640,2940,GW150914
1126256640,2941,GW150914
1126256640,2942,GW150914
1126256640,2943,GW150914
1126256640,2944,GW150914
1126256640,2945,GW150914
1126256640,2946,GW150914
1126256640,2947,GW150914
1126256640,2948,GW150914
1126256640,2949,GW150914
1126256640,2950,GW150914
1126256640,2951,GW150914
1126256640,2952,GW150914
1126256640,2953,GW150914
1126256640,2954,GW150914
1126256640,2955,GW150914
1126256640,2956,GW150914
1126256640,2957,GW150914
1126256640,2958,GW150914
1126256640,2959,GW150914
1126256640,2960,GW150914
1126256640,2961,GW150914
1126256640,2962,GW150914
1126256640,2963,GW150914
1126256640,2964,GW150914
1126256640,2965,GW150914
1126256640,2966,GW150914
1126256640,2967,GW150914
1126256640,2968,GW150914
1126256640,2969,GW150914
1126256640,2970,GW150914
1126256640,2971,GW150914
1126256640,2972,GW150914
1126256640,2973,GW150914
1126256640,2974,GW150914
1126256640,2975,GW150914
1126256640,2976,GW150914
1126256640,2977,GW150914
1126256640,2978,GW150914
1126256640,2979,GW150914
1126256640,2980,GW150914
1126256640,2981,GW150914
1126256640,2982,GW150914
1126256640,2983,GW150914
1126256640,2984,GW150914
1126256640,2985,GW150914
1126256640,2986,GW150914
1126256640,2987,GW150914
1126256640,2988,GW150914
1126256640,2989,GW150914
1126256640,2990,GW150914
1126256640,2991,GW150914
1126256640,2992,GW150914
1126256640,2993,GW150914
1126256640,2994,GW150914
1126256640,2995,GW150914
1126256640,2996,GW150914
1126256640,2997,GW150914
1126256640,2998,GW150914
1126256640,2999,GW150914
1126256640,3000,GW150914
1126256640,3001,GW150914
1126256640,3002,GW150914
1126256640,3003,GW150914
1126256640,3004,GW150914
1126256640,3005,GW150914
1126256640,3006,GW150914
1126256640,3007,GW150914
1126256640,3008,GW150914
1126256640,3009,GW150914
1126256640,3010,GW150914
1126256640,3011,GW150914
1126256640,3012,GW150914
1126256640,3013,GW150914
1126256640,3014,GW150914
1126256640,3015,GW150914
1126256640,3016,GW150914
1126256640,3017,GW150914
1126256640,3018,GW150914
1126256640,3019,GW150914
1126256640,3020,GW150914
1126256640,3021,GW150914
1126256640,3022,GW150914
1126256640,3023,GW150914
1126256640,3024,GW150914
1126256640,3025,GW150914
1126256640,3026,GW150914
1126256640,3027,GW150914
1126256640,3028,GW150914
1126256640,3029,GW150914
1126256640,3030,GW150914
1126256640,3031,GW150914
1126256640,3032,GW150914
1126256640,3033,GW150914
1126256640,3034,GW150914
1126256640,3035,GW150914
1126256640,3036,GW150914
1126256640,3037,GW150914
1126256640,3038,GW150914
1126256640,3039,GW150914
1126256640,3040,GW150914
1126256640,3041,GW150914
1126256640,3042,GW150914
1126256640,3043,GW150914
1126256640,3044,GW150914
1126256640,3045,GW150914
1126256640,3046,GW150914
1126256640,3047,GW150914
1126256640,3048,GW150914
1126256640,3049,GW150914
1126256640,3050,GW150914
1126256640,3051,GW150914
1126256640,3052,GW150914
1126256640,3053,GW150914
1126256640,3054,GW150914
1126256640,3055,GW150914
1126256640,3056,GW150914
1126256640,3057,GW150914
1126256640,3058,GW150914
1126256640,3059,GW150914
1126256640,3060,GW150914
1126256640,3061,GW150914
1126256640,3062,GW150914
1126256640,3063,GW150914
1126256640,3064,GW150914
1126256640,3065,GW150914
1126256640,3066,GW150914
1126256640,3067,GW150914
1126256640,3068,GW150914
1126256640,3069,GW150914
1126256640,3070,GW150914
1126256640,3071,GW150914
1126256640,3072,GW150914
1126256640,3073,GW150914
1126256640,3074,GW150914
1126256640,3075,GW150914
1126256640,3076,GW150914
1126256640,3077,GW150914
1126256640,3078,GW150914
1126256640,3079,GW150914
1126256640,3080,GW150914
1126256640,3081,GW150914
1126256640,3082,GW150914
1126256640,3083,GW150914
1126256640,3084,GW150914
1126256640,3085,GW150914
1126256640,3086,GW150914
1126256640,3087,GW150914
1126256640,3088,GW150914
1126256640,3089,GW150914
1126256640,3090,GW150914
1126256640,3091,GW150914
1126256640,3092,GW150914
1126256640,3093,GW150914
1126256640,3094,GW150914
1126256640,3095,GW150914
1126256640,3096,GW150914
1126256640,3097,GW150914
1126256640,3098,GW150914
1126256640,3099,GW150914
1126256640,3100,GW150914
1126256640,3101,GW150914
1126256640,3102,GW150914
1126256640,3103,GW150914
1126256640,3104,GW150914
1126256640,3105,GW150914
1126256640,3106,GW150914
1126256640,3107,GW150914
1126256640,3108,GW150914
1126256640,3109,GW150914
1126256640,3110,GW150914
1126256640,3111,GW150914
1126256640,3112,GW150914
1126256640,3113,GW150914
1126256640,3114,GW150914
1126256640,3115,GW150914
1126256640,3116,GW150914
1126256640,3117,GW150914
1126256640,3118,GW150914
1126256640,3119,GW150914
1126256640,3120,GW150914
1126256640,3121,GW150914
1126256640,3122,GW150914
1126256640,3123,GW150914
1126256640,3124,GW150914
1126256640,3125,GW150914
1126256640,3126,GW150914
1126256640,3127,GW150914
1126256640,3128,GW150914
1126256640,3129,GW150914
1126256640,3130,GW150914
1126256640,3131,GW150914
1126256640,3132,GW150914
1126256640,3133,GW150914
1126256640,3134,GW150914
1126256640,3135,GW150914
1126256640,3136,GW150914
1126256640,3137,GW150914
1126256640,3138,GW150914
1126256640,3139,GW150914
1126256640,3140,GW150914
1126256640,3141,GW150914
1126256640,3142,GW150914
1126256640,3143,GW150914
1126256640,3144,GW150914
1126256640,3145,GW150914
1126256640,3146,GW150914
1126256640,3147,GW150914
1126256640,3148,GW150914
1126256640,3149,GW150914
1126256640,3150,GW150914
1126256640,3151,GW150914
1126256640,3152,GW150914
1126256640,3153,GW150914
1126256640,3154,GW150914
1126256640,3155,GW150914
1126256640,3156,GW150914
1126256640,3157,GW150914
1126256640,3158,GW150914
1126256640,3159,GW150914
1126256640,3160,GW150914
1126256640,3161,GW150914
1126256640,3162,GW150914
1126256640,3163,GW150914
1126256640,3164,GW150914
1126256640,3165,GW150914
1126256640,3166,GW150914
1126256640,3167,GW150914
1126256640,3168,GW150914
1126256640,3169,GW150914
1126256640,3170,GW150914
1126256640,3171,GW150914
1126256640,3172,GW150914
1126256640,3173,GW150914
1126256640,3174,GW150914
1126256640,3175,GW150914
1126256640,3176,GW150914
1126256640,3177,GW150914
1126256640,3178,GW150914
1126256640,3179,GW150914
1126256640,3180,GW150914
1126256640,3181,GW150914
1126256640,3182,GW150914
1126256640,3183,GW150914
1126256640,3184,GW150914
1126256640,3185,GW150914
1126256640,3186,GW150914
1126256640,3187,GW150914
1126256640,3188,GW150914
1126256640,3189,GW150914
1126256640,3190,GW150914
1126256640,3191,GW150914
1126256640,3192,GW150914
1126256640,3193,GW150914
1126256640,3194,GW150914
1126256640,3195,GW150914
1126256640,3196,GW150914
1126256640,3197,GW150914
1126256640,3198,GW150914
1126256640,3199,GW150914
1126256640,3200,GW150914
1126256640,3201,GW150914
1126256640,3202,GW150914
1126256640,3203,GW150914
1126256640,3204,GW150914
1126256640,3205,GW150914
1126256640,3206,GW150914
1126256640,3207,GW150914
1126256640,3208,GW150914
1126256640,3209,GW150914
1126256640,3210,GW150914
1126256640,3211,GW150914
1126256640,3212,GW150914
1126256640,3213,GW150914
1126256640,3214,GW150914
1126256640,3215,GW150914
1126256640,3216,GW150914
1126256640,3217,GW150914
1126256640,3218,GW150914
1126256640,3219,GW150914
1126256640,3220,GW150914
1126256640,3221,GW150914
1126256640,3222,GW150914
1126256640,3223,GW150914
1126256640,3224,GW150914
1126256640,3225,GW150914
1126256640,3226,GW150914
1126256640,3227,GW150914
1126256640,3228,GW150914
1126256640,3229,GW150914
1126256640,3230,GW150914
1126256640,3231,GW150914
1126256640,3232,GW150914
1126256640,3233,GW150914
1126256640,3234,GW150914
1126256640,3235,GW150914
1126256640,3236,GW150914
1126256640,3237,GW150914
1126256640,3238,GW150914
1126256640,3239,GW150914
1126256640,3240,GW150914
1126256640,3241,GW150914
1126256640,3242,GW150914
1126256640,3243,GW150914
1126256640,3244,GW150914
1126256640,3245,GW150914
1126256640,3246,GW150914
1126256640,3247,GW150914
1126256640,3248,GW150914
1126256640,3249,GW150914
1126256640,3250,GW150914
1126256640,3251,GW150914
1126256640,3252,GW150914
1126256640,3253,GW150914
1126256640,3254,GW150914
1126256640,3255,GW150914
1126256640,3256,GW150914
1126256640,3257,GW150914
1126256640,3258,GW150914
1126256640,3259,GW150914
1126256640,3260,GW150914
1126256640,3261,GW150914
1126256640,3262,GW150914
1126256640,3263,GW150914
1126256640,3264,GW150914
1126256640,3265,GW150914
1126256640,3266,GW150914
1126256640,3267,GW150914
1126256640,3268,GW150914
1126256640,3269,GW150914
1126256640,3270,GW150914
1126256640,3271,GW150914
1126256640,3272,GW150914
1126256640,3273,GW150914
1126256640,3274,GW150914
1126256640,3275,GW150914
1126256640,3276,GW150914
1126256640,3277,GW150914
1126256640,3278,GW150914
1126256640,3279,GW150914
1126256640,3280,GW150914
1126256640,3281,GW150914
1126256640,3282,GW150914
1126256640,3283,GW150914
1126256640,3284,GW150914
1126256640,3285,GW150914
1126256640,3286,GW150914
1126256640,3287,GW150914
1126256640,3288,GW150914
1126256640,3289,GW150914
1126256640,3290,GW150914
1126256640,3291,GW150914
1126256640,3292,GW150914
1126256640,3293,GW150914
1126256640,3294,GW150914
1126256640,3295,GW150914
1126256640,3296,GW150914
1126256640,3297,GW150914
1126256640,3298,GW150914
1126256640,3299,GW150914
1126256640,3300,GW150914
1126256640,3301,GW150914
1126256640,3302,GW150914
1126256640,3303,GW150914
1126256640,3304,GW150914
1126256640,3305,GW150914
1126256640,3306,GW150914
1126256640,3307,GW150914
1126256640,3308,GW150914
1126256640,3309,GW150914
1126256640,3310,GW150914
1126256640,3311,GW150914
1126256640,3312,GW150914
1126256640,3313,GW150914
1126256640,3314,GW150914
1126256640,3315,GW150914
1126256640,3316,GW150914
1126256640,3317,GW150914
1126256640,3318,GW150914
1126256640,3319,GW150914
1126256640,3320,GW150914
1126256640,3321,GW150914
1126256640,3322,GW150914
1126256640,3323,GW150914
1126256640,3324,GW150914
1126256640,3325,GW150914
1126256640,3326,GW150914
1126256640,3327,GW150914
1126256640,3328,GW150914
1126256640,3329,GW150914
1126256640,3330,GW150914
1126256640,3331,GW150914
1126256640,3332,GW150914
1126256640,3333,GW150914
1126256640,3334,GW150914
1126256640,3335,GW150914
1126256640,3336,GW150914
1126256640,3337,GW150914
1126256640,3338,GW150914
1126256640,3339,GW150914
1126256640,3340,GW150914
1126256640,3341,GW150914
1126256640,3342,GW150914
1126256640,3343,GW150914
1126256640,3344,GW150914
1126256640,3345,GW150914
1126256640,3346,GW150914
1126256640,3347,GW150914
1126256640,3348,GW150914
1126256640,3349,GW150914
1126256640,3350,GW150914
1126256640,3351,GW150914
1126256640,3352,GW150914
1126256640,3353,GW150914
1126256640,3354,GW150914
1126256640,3355,GW150914
1126256640,3356,GW150914
1126256640,3357,GW150914
1126256640,3358,GW150914
1126256640,3359,GW150914
1126256640,3360,GW150914
1126256640,3361,GW150914
1126256640,3362,GW150914
1126256640,3363,GW150914
1126256640,3364,GW150914
1126256640,3365,GW150914
1126256640,3366,GW150914
1126256640,3367,GW150914
1126256640,3368,GW150914
1126256640,3369,GW150914
1126256640,3370,GW150914
1126256640,3371,GW150914
1126256640,3372,GW150914
1126256640,3373,GW150914
1126256640,3374,GW150914
1126256640,3375,GW150914
1126256640,3376,GW150914
1126256640,3377,GW150914
1126256640,3378,GW150914
1126256640,3379,GW150914
1126256640,3380,GW150914
1126256640,3381,GW150914
1126256640,3382,GW150914
1126256640,3383,GW150914
1126256640,3384,GW150914
1126256640,3385,GW150914
1126256640,3386,GW150914
1126256640,3387,GW150914
1126256640,3388,GW150914
1126256640,3389,GW150914
1126256640,3390,GW150914
1126256640,3391,GW150914
1126256640,3392,GW150914
1126256640,3393,GW150914
1126256640,3394,GW150914
1126256640,3395,GW150914
1126256640,3396,GW150914
1126256640,3397,GW150914
1126256640,3398,GW150914
1126256640,3399,GW150914
1126256640,3400,GW150914
1126256640,3401,GW150914
1126256640,3402,GW150914
1126256640,3403,GW150914
1126256640,3404,GW150914
1126256640,3405,GW150914
1126256640,3406,GW150914
1126256640,3407,GW150914
1126256640,3408,GW150914
1126256640,3409,GW150914
1126256640,3410,GW150914
1126256640,3411,GW150914
1126256640,3412,GW150914
1126256640,3413,GW150914
1126256640,3414,GW150914
1126256640,3415,GW150914
1126256640,3416,GW150914
1126256640,3417,GW150914
1126256640,3418,GW150914
1126256640,3419,GW150914
1126256640,3420,GW150914
1126256640,3421,GW150914
1126256640,3422,GW150914
1126256640,3423,GW150914
1126256640,3424,GW150914
1126256640,3425,GW150914
1126256640,3426,GW150914
1126256640,3427,GW150914
1126256640,3428,GW150914
1126256640,3429,GW150914
1126256640,3430,GW150914
1126256640,3431,GW150914
1126256640,3432,GW150914
1126256640,3433,GW150914
1126256640,3434,GW150914
1126256640,3435,GW150914
1126256640,3436,GW150914
1126256640,3437,GW150914
1126256640,3438,GW150914
1126256640,3439,GW150914
1126256640,3440,GW150914
1126256640,3441,GW150914
1126256640,3442,GW150914
1126256640,3443,GW150914
1126256640,3444,GW150914
1126256640,3445,GW150914
1126256640,3446,GW150914
1126256640,3447,GW150914
1126256640,3448,GW150914
1126256640,3449,GW150914
1126256640,3450,GW150914
1126256640,3451,GW150914
1126256640,3452,GW150914
1126256640,3453,GW150914
1126256640,3454,GW150914
1126256640,3455,GW150914
1126256640,3456,GW150914
1126256640,3457,GW150914
1126256640,3458,GW150914
1126256640,3459,GW150914
1126256640,3460,GW150914
1126256640,3461,GW150914
1126256640,3462,GW150914
1126256640,3463,GW150914
1126256640,3464,GW150914
1126256640,3465,GW150914
1126256640,3466,GW150914
1126256640,3467,GW150914
1126256640,3468,GW150914
1126256640,3469,GW150914
1126256640,3470,GW150914
1126256640,3471,GW150914
1126256640,3472,GW150914
1126256640,3473,GW150914
1126256640,3474,GW150914
1126256640,3475,GW150914
1126256640,3476,GW150914
1126256640,3477,GW150914
1126256640,3478,GW150914
1126256640,3479,GW150914
1126256640,3480,GW150914
1126256640,3481,GW150914
1126256640,3482,GW150914
1126256640,3483,GW150914
1126256640,3484,GW150914
1126256640,3485,GW150914
1126256640,3486,GW150914
1126256640,3487,GW150914
1126256640,3488,GW150914
1126256640,3489,GW150914
1126256640,3490,GW150914
1126256640,3491,GW150914
1126256640,3492,GW150914
1126256640,3493,GW150914
1126256640,3494,GW150914
1126256640,3495,GW150914
1126256640,3496,GW150914
1126256640,3497,GW150914
1126256640,3498,GW150914
1126256640,3499,GW150914
1126256640,3500,GW150914
1126256640,3501,GW150914
1126256640,3502,GW150914
1126256640,3503,GW150914
1126256640,3504,GW150914
1126256640,3505,GW150914
1126256640,3506,GW150914
1126256640,3507,GW150914
1126256640,3508,GW150914
1126256640,3509,GW150914
1126256640,3510,GW150914
1126256640,3511,GW150914
1126256640,3512,GW150914
1126256640,3513,GW150914
1126256640,3514,GW150914
1126256640,3515,GW150914
1126256640,3516,GW150914
1126256640,3517,GW150914
1126256640,3518,GW150914
1126256640,3519,GW150914
1126256640,3520,GW150914
1126256640,3521,GW150914
1126256640,3522,GW150914
1126256640,3523,GW150914
1126256640,3524,GW150914
1126256640,3525,GW150914
1126256640,3526,GW150914
1126256640,3527,GW150914
1126256640,3528,GW150914
1126256640,3529,GW150914
1126256640,3530,GW150914
1126256640,3531,GW150914
1126256640,3532,GW150914
1126256640,3533,GW150914
1126256640,3534,GW150914
1126256640,3535,GW150914
1126256640,3536,GW150914
1126256640,3537,GW150914
1126256640,3538,GW150914
1126256640,3539,GW150914
1126256640,3540,GW150914
1126256640,3541,GW150914
1126256640,3542,GW150914
1126256640,3543,GW150914
1126256640,3544,GW150914
1126256640,3545,GW150914
1126256640,3546,GW150914
1126256640,3547,GW150914
1126256640,3548,GW150914
1126256640,3549,GW150914
1126256640,3550,GW150914
1126256640,3551,GW150914
1126256640,3552,GW150914
1126256640,3553,GW150914
1126256640,3554,GW150914
1126256640,3555,GW150914
1126256640,3556,GW150914
1126256640,3557,GW150914
1126256640,3558,GW150914
1126256640,3559,GW150914
1126256640,3560,GW150914
1126256640,3561,GW150914
1126256640,3562,GW150914
1126256640,3563,GW150914
1126256640,3564,GW150914
1126256640,3565,GW150914
1126256640,3566,GW150914
1126256640,3567,GW150914
1126256640,3568,GW150914
1126256640,3569,GW150914
1126256640,3570,GW150914
1126256640,3571,GW150914
1126256640,3572,GW150914
1126256640,3573,GW150914
1126256640,3574,GW150914
1126256640,3575,GW150914
1126256640,3576,GW150914
1126256640,3577,GW150914
1126256640,3578,GW150914
1126256640,3579,GW150914
1126256640,3580,GW150914
1126256640,3581,GW150914
1126256640,3582,GW150914
1126256640,3583,GW150914
1126256640,3584,GW150914
1126256640,3585,GW150914
1126256640,3586,GW150914
1126256640,3587,GW150914
1126256640,3588,GW150914
1126256640,3589,GW150914
1126256640,3590,GW150914
1126256640,3591,GW150914
1126256640,3592,GW150914
1126256640,3593,GW150914
1126256640,3594,GW150914
1126256640,3595,GW150914
1126256640,3596,GW150914
1126256640,3597,GW150914
1126256640,3598,GW150914
1126256640,3599,GW150914
1126256640,3600,GW150914
1126256640,3601,GW150914
1126256640,3602,GW150914
1126256640,3603,GW150914
1126256640,3604,GW150914
1126256640,3605,GW150914
1126256640,3606,GW150914
1126256640,3607,GW150914
1126256640,3608,GW150914
1126256640,3609,GW150914
1126256640,3610,GW150914
1126256640,3611,GW150914
1126256640,3612,GW150914
1126256640,3613,GW150914
1126256640,3614,GW150914
1126256640,3615,GW150914
1126256640,3616,GW150914
1126256640,3617,GW150914
1126256640,3618,GW150914
1126256640,3619,GW150914
1126256640,3620,GW150914
1126256640,3621,GW150914
1126256640,3622,GW150914
1126256640,3623,GW150914
1126256640,3624,GW150914
1126256640,3625,GW150914
1126256640,3626,GW150914
1126256640,3627,GW150914
1126256640,3628,GW150914
1126256640,3629,GW150914
1126256640,3630,GW150914
1126256640,3631,GW150914
1126256640,3632,GW150914
1126256640,3633,GW150914
1126256640,3634,GW150914
1126256640,3635,GW150914
1126256640,3636,GW150914
1126256640,3637,GW150914
1126256640,3638,GW150914
1126256640,3639,GW150914
1126256640,3640,GW150914
1126256640,3641,GW150914
1126256640,3642,GW150914
1126256640,3643,GW150914
1126256640,3644,GW150914
1126256640,3645,GW150914
1126256640,3646,GW150914
1126256640,3647,GW150914
1126256640,3648,GW150914
1126256640,3649,GW150914
1126256640,3650,GW150914
1126256640,3651,GW150914
1126256640,3652,GW150914
1126256640,3653,GW150914
1126256640,3654,GW150914
1126256640,3655,GW150914
1126256640,3656,GW150914
1126256640,3657,GW150914
1126256640,3658,GW150914
1126256640,3659,GW150914
1126256640,3660,GW150914
1126256640,3661,GW150914
1126256640,3662,GW150914
1126256640,3663,GW150914
1126256640,3664,GW150914
1126256640,3665,GW150914
1126256640,3666,GW150914
1126256640,3667,GW150914
1126256640,3668,GW150914
1126256640,3669,GW150914
1126256640,3670,GW150914
1126256640,3671,GW150914
1126256640,3672,GW150914
1126256640,3673,GW150914
1126256640,3674,GW150914
1126256640,3675,GW150914
1126256640,3676,GW150914
1126256640,3677,GW150914
1126256640,3678,GW150914
1126256640,3679,GW150914
1126256640,3680,GW150914
1126256640,3681,GW150914
1126256640,3682,GW150914
1126256640,3683,GW150914
1126256640,3684,GW150914
1126256640,3685,GW150914
1126256640,3686,GW150914
1126256640,3687,GW150914
1126256640,3688,GW150914
1126256640,3689,GW150914
1126256640,3690,GW150914
1126256640,3691,GW150914
1126256640,3692,GW150914
1126256640,3693,GW150914
1126256640,3694,GW150914
1126256640,3695,GW150914
1126256640,3696,GW150914
1126256640,3697,GW150914
1126256640,3698,GW150914
1126256640,3699,GW150914
1126256640,3700,GW150914
1126256640,3701,GW150914
1126256640,3702,GW150914
1126256640,3703,GW150914
1126256640,3704,GW150914
1126256640,3705,GW150914
1126256640,3706,GW150914
1126256640,3707,GW150914
1126256640,3708,GW150914
1126256640,3709,GW150914
1126256640,3710,GW150914
1126256640,3711,GW150914
1126256640,3712,GW150914
1126256640,3713,GW150914
1126256640,3714,GW150914
1126256640,3715,GW150914
1126256640,3716,GW150914
1126256640,3717,GW150914
1126256640,3718,GW150914
1126256640,3719,GW150914
1126256640,3720,GW150914
1126256640,3721,GW150914
1126256640,3722,GW150914
1126256640,3723,GW150914
1126256640,3724,GW150914
1126256640,3725,GW150914
1126256640,3726,GW150914
1126256640,3727,GW150914
1126256640,3728,GW150914
1126256640,3729,GW150914
1126256640,3730,GW150914
1126256640,3731,GW150914
1126256640,3732,GW150914
1126256640,3733,GW150914
1126256640,3734,GW150914
1126256640,3735,GW150914
1126256640,3736,GW150914
1126256640,3737,GW150914
1126256640,3738,GW150914
1126256640,3739,GW150914
1126256640,3740,GW150914
1126256640,3741,GW150914
1126256640,3742,GW150914
1126256640,3743,GW150914
1126256640,3744,GW150914
1126256640,3745,GW150914
1126256640,3746,GW150914
1126256640,3747,GW150914
1126256640,3748,GW150914
1126256640,3749,GW150914
1126256640,3750,GW150914
1126256640,3751,GW150914
1126256640,3752,GW150914
1126256640,3753,GW150914
1126256640,3754,GW150914
1126256640,3755,GW150914
1126256640,3756,GW150914
1126256640,3757,GW150914
1126256640,3758,GW150914
1126256640,3759,GW150914
1126256640,3760,GW150914
1126256640,3761,GW150914
1126256640,3762,GW150914
1126256640,3763,GW150914
1126256640,3764,GW150914
1126256640,3765,GW150914
1126256640,3766,GW150914
1126256640,3767,GW150914
1126256640,3768,GW150914
1126256640,3769,GW150914
1126256640,3770,GW150914
1126256640,3771,GW150914
1126256640,3772,GW150914
1126256640,3773,GW150914
1126256640,3774,GW150914
1126256640,3775,GW150914
1126256640,3776,GW150914
1126256640,3777,GW150914
1126256640,3778,GW150914
1126256640,3779,GW150914
1126256640,3780,GW150914
1126256640,3781,GW150914
1126256640,3782,GW150914
1126256640,3783,GW150914
1126256640,3784,GW150914
1126256640,3785,GW150914
1126256640,3786,GW150914
1126256640,3787,GW150914
1126256640,3788,GW150914
1126256640,3789,GW150914
1126256640,3790,GW150914
1126256640,3791,GW150914
1126256640,3792,GW150914
1126256640,3793,GW150914
1126256640,3794,GW150914
1126256640,3795,GW150914
1126256640,3796,GW150914
1126256640,3797,GW150914
1126256640,3798,GW150914
1126256640,3799,GW150914
1126256640,3800,GW150914
1126256640,3801,GW150914
1126256640,3802,GW150914
1126256640,3803,GW150914
1126256640,3804,GW150914
1126256640,3805,GW150914
1126256640,3806,GW150914
1126256640,3807,GW150914
1126256640,3808,GW150914
1126256640,3809,GW150914
1126256640,3810,GW150914
1126256640,3811,GW150914
1126256640,3812,GW150914
1126256640,3813,GW150914
1126256640,3814,GW150914
1126256640,3815,GW150914
1126256640,3816,GW150914
1126256640,3817,GW150914
1126256640,3818,GW150914
1126256640,3819,GW150914
1126256640,3820,GW150914
1126256640,3821,GW150914
1126256640,3822,GW150914
1126256640,3823,GW150914
1126256640,3824,GW150914
1126256640,3825,GW150914
1126256640,3826,GW150914
1126256640,3827,GW150914
1126256640,3828,GW150914
1126256640,3829,GW150914
1126256640,3830,GW150914
1126256640,3831,GW150914
1126256640,3832,GW150914
1126256640,3833,GW150914
1126256640,3834,GW150914
1126256640,3835,GW150914
1126256640,3836,GW150914
1126256640,3837,GW150914
1126256640,3838,GW150914
1126256640,3839,GW150914
1126256640,3840,GW150914
1126256640,3841,GW150914
1126256640,3842,GW150914
1126256640,3843,GW150914
1126256640,3844,GW150914
1126256640,3845,GW150914
1126256640,3846,GW150914
1126256640,3847,GW150914
1126256640,3848,GW150914
1126256640,3849,GW150914
1126256640,3850,GW150914
1126256640,3851,GW150914
1126256640,3852,GW150914
1126256640,3853,GW150914
1126256640,3854,GW150914
1126256640,3855,GW150914
1126256640,3856,GW150914
1126256640,3857,GW150914
1126256640,3858,GW150914
1126256640,3859,GW150914
1126256640,3860,GW150914
1126256640,3861,GW150914
1126256640,3862,GW150914
1126256640,3863,GW150914
1126256640,3864,GW150914
1126256640,3865,GW150914
1126256640,3866,GW150914
1126256640,3867,GW150914
1126256640,3868,GW150914
1126256640,3869,GW150914
1126256640,3870,GW150914
1126256640,3871,GW150914
1126256640,3872,GW150914
1126256640,3873,GW150914
1126256640,3874,GW150914
1126256640,3875,GW150914
1126256640,3876,GW150914
1126256640,3877,GW150914
1126256640,3878,GW150914
1126256640,3879,GW150914
1126256640,3880,GW150914
1126256640,3881,GW150914
1126256640,3882,GW150914
1126256640,3883,GW150914
1126256640,3884,GW150914
1126256640,3885,GW150914
1126256640,3886,GW150914
1126256640,3887,GW150914
1126256640,3888,GW150914
1126256640,3889,GW150914
1126256640,3890,GW150914
1126256640,3891,GW150914
1126256640,3892,GW150914
1126256640,3893,GW150914
1126256640,3894,GW150914
1126256640,3895,GW150914
1126256640,3896,GW150914
1126256640,3897,GW150914
1126256640,3898,GW150914
1126256640,3899,GW150914
1126256640,3900,GW150914
1126256640,3901,GW150914
1126256640,3902,GW150914
1126256640,3903,GW150914
1126256640,3904,GW150914
1126256640,3905,GW150914
1126256640,3906,GW150914
1126256640,3907,GW150914
1126256640,3908,GW150914
1126256640,3909,GW150914
1126256640,3910,GW150914
1126256640,3911,GW150914
1126256640,3912,GW150914
1126256640,3913,GW150914
1126256640,3914,GW150914
1126256640,3915,GW150914
1126256640,3916,GW150914
1126256640,3917,GW150914
1126256640,3918,GW150914
1126256640,3919,GW150914
1126256640,3920,GW150914
1126256640,3921,GW150914
1126256640,3922,GW150914
1126256640,3923,GW150914
1126256640,3924,GW150914
1126256640,3925,GW150914
1126256640,3926,GW150914
1126256640,3927,GW150914
1126256640,3928,GW150914
1126256640,3929,GW150914
1126256640,3930,GW150914
1126256640,3931,GW150914
1126256640,3932,GW150914
1126256640,3933,GW150914
1126256640,3934,GW150914
1126256640,3935,GW150914
1126256640,3936,GW150914
1126256640,3937,GW150914
1126256640,3938,GW150914
1126256640,3939,GW150914
1126256640,3940,GW150914
1126256640,3941,GW150914
1126256640,3942,GW150914
1126256640,3943,GW150914
1126256640,3944,GW150914
1126256640,3945,GW150914
1126256640,3946,GW150914
1126256640,3947,GW150914
1126256640,3948,GW150914
1126256640,3949,GW150914
1126256640,3950,GW150914
1126256640,3951,GW150914
1126256640,3952,GW150914
1126256640,3953,GW150914
1126256640,3954,GW150914
1126256640,3955,GW150914
1126256640,3956,GW150914
1126256640,3957,GW150914
1126256640,3958,GW150914
1126256640,3959,GW150914
1126256640,3960,GW150914
1126256640,3961,GW150914
1126256640,3962,GW150914
1126256640,3963,GW150914
1126256640,3964,GW150914
1126256640,3965,GW150914
1126256640,3966,GW150914
1126256640,3967,GW150914
1126256640,3968,GW150914
1126256640,3969,GW150914
1126256640,3970,GW150914
1126256640,3971,GW150914
1126256640,3972,GW150914
1126256640,3973,GW150914
1126256640,3974,GW150914
1126256640,3975,GW150914
1126256640,3976,GW150914
1126256640,3977,GW150914
1126256640,3978,GW150914
1126256640,3979,GW150914
1126256640,3980,GW150914
1126256640,3981,GW150914
1126256640,3982,GW150914
1126256640,3983,GW150914
1126256640,3984,GW150914
1126256640,3985,GW150914
1126256640,3986,GW150914
1126256640,3987,GW150914
1126256640,3988,GW150914
1126256640,3989,GW150914
1126256640,3990,GW150914
1126256640,3991,GW150914
1126256640,3992,GW150914
1126256640,3993,GW150914
1126256640,3994,GW150914
1126256640,3995,GW150914
1126256640,3996,GW150914
1126256640,3997,GW150914
1126256640,3998,GW150914
1126256640,3999,GW150914
1126256640,4000,GW150914
1126256640,4001,GW150914
1126256640,4002,GW150914
1126256640,4003,GW150914
1126256640,4004,GW150914
1126256640,4005,GW150914
1126256640,4006,GW150914
1126256640,4007,GW150914
1126256640,4008,GW150914
1126256640,4009,GW150914
1126256640,4010,GW150914
1126256640,4011,GW150914
1126256640,4012,GW150914
1126256640,4013,GW150914
1126256640,4014,GW150914
1126256640,4015,GW150914
1126256640,4016,GW150914
1126256640,4017,GW150914
1126256640,4018,GW150914
1126256640,4019,GW150914
1126256640,4020,GW150914
1126256640,4021,GW150914
1126256640,4022,GW150914
1126256640,4023,GW150914
1126256640,4024,GW150914
1126256640,4025,GW150914
1126256640,4026,GW150914
1126256640,4027,GW150914
1126256640,4028,GW150914
1126256640,4029,GW150914
1126256640,4030,GW150914
1126256640,4031,GW150914
1126256640,4032,GW150914
1126256640,4033,GW150914
1126256640,4034,GW150914
1126256640,4035,GW150914
1126256640,4036,GW150914
1126256640,4037,GW150914
1126256640,4038,GW150914
1126256640,4039,GW150914
1126256640,4040,GW150914
1126256640,4041,GW150914
1126256640,4042,GW150914
1126256640,4043,GW150914
1126256640,4044,GW150914
1126256640,4045,GW150914
1126256640,4046,GW150914
1126256640,4047,GW150914
1126256640,4048,GW150914
1126256640,4049,GW150914
1126256640,4050,GW150914
1126256640,4051,GW150914
1126256640,4052,GW150914
1126256640,4053,GW150914
1126256640,4054,GW150914
1126256640,4055,GW150914
1126256640,4056,GW150914
1126256640,4057,GW150914
1126256640,4058,GW150914
1126256640,4059,GW150914
1126256640,4060,GW150914
1126256640,4061,GW150914
1126256640,4062,GW150914
1126256640,4063,GW150914
1126256640,4064,GW150914
1126256640,4065,GW150914
1126256640,4066,GW150914
1126256640,4067,GW150914
1126256640,4068,GW150914
1126256640,4069,GW150914
1126256640,4070,GW150914
1126256640,4071,GW150914
1126256640,4072,GW150914
1126256640,4073,GW150914
1126256640,4074,GW150914
1126256640,4075,GW150914
1126256640,4076,GW150914
1126256640,4077,GW150914
1126256640,4078,GW150914
1126256640,4079,GW150914
1126256640,4080,GW150914
1126256640,4081,GW150914
1126256640,4082,GW150914
1126256640,4083,GW150914
1126256640,4084,GW150914
1126256640,4085,GW150914
1126256640,4086,GW150914
1126256640,4087,GW150914
1126256640,4088,GW150914
1126256640,4089,GW150914
1126256640,4090,GW150914
1126256640,4091,GW150914
1126256640,4092,GW150914
1126256640,4093,GW150914
1126256640,4094,GW150914
1126256640,4095,GW150914
1135132672,0,GW151226
1135132672,1,GW151226
1135132672,2,GW151226
1135132672,3,GW151226
1135132672,4,GW151226
1135132672,5,GW151226
1135132672,6,GW151226
1135132672,7,GW151226
1135132672,8,GW151226
1135132672,9,GW151226
1135132672,10,GW151226
1135132672,11,GW151226
1135132672,12,GW151226
1135132672,13,GW151226
1135132672,14,GW151226
1135132672,15,GW151226
1135132672,16,GW151226
1135132672,17,GW151226
1135132672,18,GW151226
1135132672,19,GW151226
1135132672,20,GW151226
1135132672,21,GW151226
1135132672,22,GW151226
1135132672,23,GW151226
1135132672,24,GW151226
1135132672,25,GW151226
1135132672,26,GW151226
1135132672,27,GW151226
1135132672,28,GW151226
1135132672,29,GW151226
1135132672,30,GW151226
1135132672,31,GW151226
1135132672,32,GW151226
1135132672,33,GW151226
1135132672,34,GW151226
1135132672,35,GW151226
1135132672,36,GW151226
1135132672,37,GW151226
1135132672,38,GW151226
1135132672,39,GW151226
1135132672,40,GW151226
1135132672,41,GW151226
1135132672,42,GW151226
1135132672,43,GW151226
1135132672,44,GW151226
1135132672,45,GW151226
1135132672,46,GW151226
1135132672,47,GW151226
1135132672,48,GW151226
1135132672,49,GW151226
1135132672,50,GW151226
1135132672,51,GW151226
1135132672,52,GW151226
1135132672,53,GW151226
1135132672,54,GW151226
1135132672,55,GW151226
1135132672,56,GW151226
1135132672,57,GW151226
1135132672,58,GW151226
1135132672,59,GW151226
1135132672,60,GW151226
1135132672,61,GW151226
1135132672,62,GW151226
1135132672,63,GW151226
1135132672,64,GW151226
1135132672,65,GW151226
1135132672,66,GW151226
1135132672,67,GW151226
1135132672,68,GW151226
1135132672,69,GW151226
1135132672,70,GW151226
1135132672,71,GW151226
1135132672,72,GW151226
1135132672,73,GW151226
1135132672,74,GW151226
1135132672,75,GW151226
1135132672,76,GW151226
1135132672,77,GW151226
1135132672,78,GW151226
1135132672,79,GW151226
1135132672,80,GW151226
1135132672,81,GW151226
1135132672,82,GW151226
1135132672,83,GW151226
1135132672,84,GW151226
1135132672,85,GW151226
1135132672,86,GW151226
1135132672,87,GW151226
1135132672,88,GW151226
1135132672,89,GW151226
1135132672,90,GW151226
1135132672,91,GW151226
1135132672,92,GW151226
1135132672,93,GW151226
1135132672,94,GW151226
1135132672,95,GW151226
1135132672,96,GW151226
1135132672,97,GW151226
1135132672,98,GW151226
1135132672,99,GW151226
1135132672,100,GW151226
1135132672,101,GW151226
1135132672,102,GW151226
1135132672,103,GW151226
1135132672,104,GW151226
1135132672,105,GW151226
1135132672,106,GW151226
1135132672,107,GW151226
1135132672,108,GW151226
1135132672,109,GW151226
1135132672,110,GW151226
1135132672,111,GW151226
1135132672,112,GW151226
1135132672,113,GW151226
1135132672,114,GW151226
1135132672,115,GW151226
1135132672,116,GW151226
1135132672,117,GW151226
1135132672,118,GW151226
1135132672,119,GW151226
1135132672,120,GW151226
1135132672,121,GW151226
1135132672,122,GW151226
1135132672,123,GW151226
1135132672,124,GW151226
1135132672,125,GW151226
1135132672,126,GW151226
1135132672,127,GW151226
1135132672,128,GW151226
1135132672,129,GW151226
1135132672,130,GW151226
1135132672,131,GW151226
1135132672,132,GW151226
1135132672,133,GW151226
1135132672,134,GW151226
1135132672,135,GW151226
1135132672,136,GW151226
1135132672,137,GW151226
1135132672,138,GW151226
1135132672,139,GW151226
1135132672,140,GW151226
1135132672,141,GW151226
1135132672,142,GW151226
1135132672,143,GW151226
1135132672,144,GW151226
1135132672,145,GW151226
1135132672,146,GW151226
1135132672,147,GW151226
1135132672,148,GW151226
1135132672,149,GW151226
1135132672,150,GW151226
1135132672,151,GW151226
1135132672,152,GW151226
1135132672,153,GW151226
1135132672,154,GW151226
1135132672,155,GW151226
1135132672,156,GW151226
1135132672,157,GW151226
1135132672,158,GW151226
1135132672,159,GW151226
1135132672,160,GW151226
1135132672,161,GW151226
1135132672,162,GW151226
1135132672,163,GW151226
1135132672,164,GW151226
1135132672,165,GW151226
1135132672,166,GW151226
1135132672,167,GW151226
1135132672,168,GW151226
1135132672,169,GW151226
1135132672,170,GW151226
1135132672,171,GW151226
1135132672,172,GW151226
1135132672,173,GW151226
1135132672,174,GW151226
1135132672,175,GW151226
1135132672,176,GW151226
1135132672,177,GW151226
1135132672,178,GW151226
1135132672,179,GW151226
1135132672,180,GW151226
1135132672,181,GW151226
1135132672,182,GW151226
1135132672,183,GW151226
1135132672,184,GW151226
1135132672,185,GW151226
1135132672,186,GW151226
1135132672,187,GW151226
1135132672,188,GW151226
1135132672,189,GW151226
1135132672,190,GW151226
1135132672,191,GW151226
1135132672,192,GW151226
1135132672,193,GW151226
1135132672,194,GW151226
1135132672,195,GW151226
1135132672,196,GW151226
1135132672,197,GW151226
1135132672,198,GW151226
1135132672,199,GW151226
1135132672,200,GW151226
1135132672,201,GW151226
1135132672,202,GW151226
1135132672,203,GW151226
1135132672,204,GW151226
1135132672,205,GW151226
1135132672,206,GW151226
1135132672,207,GW151226
1135132672,208,GW151226
1135132672,209,GW151226
1135132672,210,GW151226
1135132672,211,GW151226
1135132672,212,GW151226
1135132672,213,GW151226
1135132672,214,GW151226
1135132672,215,GW151226
1135132672,216,GW151226
1135132672,217,GW151226
1135132672,218,GW151226
1135132672,219,GW151226
1135132672,220,GW151226
1135132672,221,GW151226
1135132672,222,GW151226
1135132672,223,GW151226
1135132672,224,GW151226
1135132672,225,GW151226
1135132672,226,GW151226
1135132672,227,GW151226
1135132672,228,GW151226
1135132672,229,GW151226
1135132672,230,GW151226
1135132672,231,GW151226
1135132672,232,GW151226
1135132672,233,GW151226
1135132672,234,GW151226
1135132672,235,GW151226
1135132672,236,GW151226
1135132672,237,GW151226
1135132672,238,GW151226
1135132672,239,GW151226
1135132672,240,GW151226
1135132672,241,GW151226
1135132672,242,GW151226
1135132672,243,GW151226
1135132672,244,GW151226
1135132672,245,GW151226
1135132672,246,GW151226
1135132672,247,GW151226
1135132672,248,GW151226
1135132672,249,GW151226
1135132672,250,GW151226
1135132672,251,GW151226
1135132672,252,GW151226
1135132672,253,GW151226
1135132672,254,GW151226
1135132672,255,GW151226
1135132672,256,GW151226
1135132672,257,GW151226
1135132672,258,GW151226
1135132672,259,GW151226
1135132672,260,GW151226
1135132672,261,GW151226
1135132672,262,GW151226
1135132672,263,GW151226
1135132672,264,GW151226
1135132672,265,GW151226
1135132672,266,GW151226
1135132672,267,GW151226
1135132672,268,GW151226
1135132672,269,GW151226
1135132672,270,GW151226
1135132672,271,GW151226
1135132672,272,GW151226
1135132672,273,GW151226
1135132672,274,GW151226
1135132672,275,GW151226
1135132672,276,GW151226
1135132672,277,GW151226
1135132672,278,GW151226
1135132672,279,GW151226
1135132672,280,GW151226
1135132672,281,GW151226
1135132672,282,GW151226
1135132672,283,GW151226
1135132672,284,GW151226
1135132672,285,GW151226
1135132672,286,GW151226
1135132672,287,GW151226
1135132672,288,GW151226
1135132672,289,GW151226
1135132672,290,GW151226
1135132672,291,GW151226
1135132672,292,GW151226
1135132672,293,GW151226
1135132672,294,GW151226
1135132672,295,GW151226
1135132672,296,GW151226
1135132672,297,GW151226
1135132672,298,GW151226
1135132672,299,GW151226
1135132672,300,GW151226
1135132672,301,GW151226
1135132672,302,GW151226
1135132672,303,GW151226
1135132672,304,GW151226
1135132672,305,GW151226
1135132672,306,GW151226
1135132672,307,GW151226
1135132672,308,GW151226
1135132672,309,GW151226
1135132672,310,GW151226
1135132672,311,GW151226
1135132672,312,GW151226
1135132672,313,GW151226
1135132672,314,GW151226
1135132672,315,GW151226
1135132672,316,GW151226
1135132672,317,GW151226
1135132672,318,GW151226
1135132672,319,GW151226
1135132672,320,GW151226
1135132672,321,GW151226
1135132672,322,GW151226
1135132672,323,GW151226
1135132672,324,GW151226
1135132672,325,GW151226
1135132672,326,GW151226
1135132672,327,GW151226
1135132672,328,GW151226
1135132672,329,GW151226
1135132672,330,GW151226
1135132672,331,GW151226
1135132672,332,GW151226
1135132672,333,GW151226
1135132672,334,GW151226
1135132672,335,GW151226
1135132672,336,GW151226
1135132672,337,GW151226
1135132672,338,GW151226
1135132672,339,GW151226
1135132672,340,GW151226
1135132672,341,GW151226
1135132672,342,GW151226
1135132672,343,GW151226
1135132672,344,GW151226
1135132672,345,GW151226
1135132672,346,GW151226
1135132672,347,GW151226
1135132672,348,GW151226
1135132672,349,GW151226
1135132672,350,GW151226
1135132672,351,GW151226
1135132672,352,GW151226
1135132672,353,GW151226
1135132672,354,GW151226
1135132672,355,GW151226
1135132672,356,GW151226
1135132672,357,GW151226
1135132672,358,GW151226
1135132672,359,GW151226
1135132672,360,GW151226
1135132672,361,GW151226
1135132672,362,GW151226
1135132672,363,GW151226
1135132672,364,GW151226
1135132672,365,GW151226
1135132672,366,GW151226
1135132672,367,GW151226
1135132672,368,GW151226
1135132672,369,GW151226
1135132672,370,GW151226
1135132672,371,GW151226
1135132672,372,GW151226
1135132672,373,GW151226
1135132672,374,GW151226
1135132672,375,GW151226
1135132672,376,GW151226
1135132672,377,GW151226
1135132672,378,GW151226
1135132672,379,GW151226
1135132672,380,GW151226
1135132672,381,GW151226
1135132672,382,GW151226
1135132672,383,GW151226
1135132672,384,GW151226
1135132672,385,GW151226
1135132672,386,GW151226
1135132672,387,GW151226
1135132672,388,GW151226
1135132672,389,GW151226
1135132672,390,GW151226
1135132672,391,GW151226
1135132672,392,GW151226
1135132672,393,GW151226
1135132672,394,GW151226
1135132672,395,GW151226
1135132672,396,GW151226
1135132672,397,GW151226
1135132672,398,GW151226
1135132672,399,GW151226
1135132672,400,GW151226
1135132672,401,GW151226
1135132672,402,GW151226
1135132672,403,GW151226
1135132672,404,GW151226
1135132672,405,GW151226
1135132672,406,GW151226
1135132672,407,GW151226
1135132672,408,GW151226
1135132672,409,GW151226
1135132672,410,GW151226
1135132672,411,GW151226
1135132672,412,GW151226
1135132672,413,GW151226
1135132672,414,GW151226
1135132672,415,GW151226
1135132672,416,GW151226
1135132672,417,GW151226
1135132672,418,GW151226
1135132672,419,GW151226
1135132672,420,GW151226
1135132672,421,GW151226
1135132672,422,GW151226
1135132672,423,GW151226
1135132672,424,GW151226
1135132672,425,GW151226
1135132672,426,GW151226
1135132672,427,GW151226
1135132672,428,GW151226
1135132672,429,GW151226
1135132672,430,GW151226
1135132672,431,GW151226
1135132672,432,GW151226
1135132672,433,GW151226
1135132672,434,GW151226
1135132672,435,GW151226
1135132672,436,GW151226
1135132672,437,GW151226
1135132672,438,GW151226
1135132672,439,GW151226
1135132672,440,GW151226
1135132672,441,GW151226
1135132672,442,GW151226
1135132672,443,GW151226
1135132672,444,GW151226
1135132672,445,GW151226
1135132672,446,GW151226
1135132672,447,GW151226
1135132672,448,GW151226
1135132672,449,GW151226
1135132672,450,GW151226
1135132672,451,GW151226
1135132672,452,GW151226
1135132672,453,GW151226
1135132672,454,GW151226
1135132672,455,GW151226
1135132672,456,GW151226
1135132672,457,GW151226
1135132672,458,GW151226
1135132672,459,GW151226
1135132672,460,GW151226
1135132672,461,GW151226
1135132672,462,GW151226
1135132672,463,GW151226
1135132672,464,GW151226
1135132672,465,GW151226
1135132672,466,GW151226
1135132672,467,GW151226
1135132672,468,GW151226
1135132672,469,GW151226
1135132672,470,GW151226
1135132672,471,GW151226
1135132672,472,GW151226
1135132672,473,GW151226
1135132672,474,GW151226
1135132672,475,GW151226
1135132672,476,GW151226
1135132672,477,GW151226
1135132672,478,GW151226
1135132672,479,GW151226
1135132672,480,GW151226
1135132672,481,GW151226
1135132672,482,GW151226
1135132672,483,GW151226
1135132672,484,GW151226
1135132672,485,GW151226
1135132672,486,GW151226
1135132672,487,GW151226
1135132672,488,GW151226
1135132672,489,GW151226
1135132672,490,GW151226
1135132672,491,GW151226
1135132672,492,GW151226
1135132672,493,GW151226
1135132672,494,GW151226
1135132672,495,GW151226
1135132672,496,GW151226
1135132672,497,GW151226
1135132672,498,GW151226
1135132672,499,GW151226
1135132672,500,GW151226
1135132672,501,GW151226
1135132672,502,GW151226
1135132672,503,GW151226
1135132672,504,GW151226
1135132672,505,GW151226
1135132672,506,GW151226
1135132672,507,GW151226
1135132672,508,GW151226
1135132672,509,GW151226
1135132672,510,GW151226
1135132672,511,GW151226
1135132672,512,GW151226
1135132672,513,GW151226
1135132672,514,GW151226
1135132672,515,GW151226
1135132672,516,GW151226
1135132672,517,GW151226
1135132672,518,GW151226
1135132672,519,GW151226
1135132672,520,GW151226
1135132672,521,GW151226
1135132672,522,GW151226
1135132672,523,GW151226
1135132672,524,GW151226
1135132672,525,GW151226
1135132672,526,GW151226
1135132672,527,GW151226
1135132672,528,GW151226
1135132672,529,GW151226
1135132672,530,GW151226
1135132672,531,GW151226
1135132672,532,GW151226
1135132672,533,GW151226
1135132672,534,GW151226
1135132672,535,GW151226
1135132672,536,GW151226
1135132672,537,GW151226
1135132672,538,GW151226
1135132672,539,GW151226
1135132672,540,GW151226
1135132672,541,GW151226
1135132672,542,GW151226
1135132672,543,GW151226
1135132672,544,GW151226
1135132672,545,GW151226
1135132672,546,GW151226
1135132672,547,GW151226
1135132672,548,GW151226
1135132672,549,GW151226
1135132672,550,GW151226
1135132672,551,GW151226
1135132672,552,GW151226
1135132672,553,GW151226
1135132672,554,GW151226
1135132672,555,GW151226
1135132672,556,GW151226
1135132672,557,GW151226
1135132672,558,GW151226
1135132672,559,GW151226
1135132672,560,GW151226
1135132672,561,GW151226
1135132672,562,GW151226
1135132672,563,GW151226
1135132672,564,GW151226
1135132672,565,GW151226
1135132672,566,GW151226
1135132672,567,GW151226
1135132672,568,GW151226
1135132672,569,GW151226
1135132672,570,GW151226
1135132672,571,GW151226
1135132672,572,GW151226
1135132672,573,GW151226
1135132672,574,GW151226
1135132672,575,GW151226
1135132672,576,GW151226
1135132672,577,GW151226
1135132672,578,GW151226
1135132672,579,GW151226
1135132672,580,GW151226
1135132672,581,GW151226
1135132672,582,GW151226
1135132672,583,GW151226
1135132672,584,GW151226
1135132672,585,GW151226
1135132672,586,GW151226
1135132672,587,GW151226
1135132672,588,GW151226
1135132672,589,GW151226
1135132672,590,GW151226
1135132672,591,GW151226
1135132672,592,GW151226
1135132672,593,GW151226
1135132672,594,GW151226
1135132672,595,GW151226
1135132672,596,GW151226
1135132672,597,GW151226
1135132672,598,GW151226
1135132672,599,GW151226
1135132672,600,GW151226
1135132672,601,GW151226
1135132672,602,GW151226
1135132672,603,GW151226
1135132672,604,GW151226
1135132672,605,GW151226
1135132672,606,GW151226
1135132672,607,GW151226
1135132672,608,GW151226
1135132672,609,GW151226
1135132672,610,GW151226
1135132672,611,GW151226
1135132672,612,GW151226
1135132672,613,GW151226
1135132672,614,GW151226
1135132672,615,GW151226
1135132672,616,GW151226
1135132672,617,GW151226
1135132672,618,GW151226
1135132672,619,GW151226
1135132672,620,GW151226
1135132672,621,GW151226
1135132672,622,GW151226
1135132672,623,GW151226
1135132672,624,GW151226
1135132672,625,GW151226
1135132672,626,GW151226
1135132672,627,GW151226
1135132672,628,GW151226
1135132672,629,GW151226
1135132672,630,GW151226
1135132672,631,GW151226
1135132672,632,GW151226
1135132672,633,GW151226
1135132672,634,GW151226
1135132672,635,GW151226
1135132672,636,GW151226
1135132672,637,GW151226
1135132672,638,GW151226
1135132672,639,GW151226
1135132672,640,GW151226
1135132672,641,GW151226
1135132672,642,GW151226
1135132672,643,GW151226
1135132672,644,GW151226
1135132672,645,GW151226
1135132672,646,GW151226
1135132672,647,GW151226
1135132672,648,GW151226
1135132672,649,GW151226
1135132672,650,GW151226
1135132672,651,GW151226
1135132672,652,GW151226
1135132672,653,GW151226
1135132672,654,GW151226
1135132672,655,GW151226
1135132672,656,GW151226
1135132672,657,GW151226
1135132672,658,GW151226
1135132672,659,GW151226
1135132672,660,GW151226
1135132672,661,GW151226
1135132672,662,GW151226
1135132672,663,GW151226
1135132672,664,GW151226
1135132672,665,GW151226
1135132672,666,GW151226
1135132672,667,GW151226
1135132672,668,GW151226
1135132672,669,GW151226
1135132672,670,GW151226
1135132672,671,GW151226
1135132672,672,GW151226
1135132672,673,GW151226
1135132672,674,GW151226
1135132672,675,GW151226
1135132672,676,GW151226
1135132672,677,GW151226
1135132672,678,GW151226
1135132672,679,GW151226
1135132672,680,GW151226
1135132672,681,GW151226
1135132672,682,GW151226
1135132672,683,GW151226
1135132672,684,GW151226
1135132672,685,GW151226
1135132672,686,GW151226
1135132672,687,GW151226
1135132672,688,GW151226
1135132672,689,GW151226
1135132672,690,GW151226
1135132672,691,GW151226
1135132672,692,GW151226
1135132672,693,GW151226
1135132672,694,GW151226
1135132672,695,GW151226
1135132672,696,GW151226
1135132672,697,GW151226
1135132672,698,GW151226
1135132672,699,GW151226
1135132672,700,GW151226
1135132672,701,GW151226
1135132672,702,GW151226
1135132672,703,GW151226
1135132672,704,GW151226
1135132672,705,GW151226
1135132672,706,GW151226
1135132672,707,GW151226
1135132672,708,GW151226
1135132672,709,GW151226
1135132672,710,GW151226
1135132672,711,GW151226
1135132672,712,GW151226
1135132672,713,GW151226
1135132672,714,GW151226
1135132672,715,GW151226
1135132672,716,GW151226
1135132672,717,GW151226
1135132672,718,GW151226
1135132672,719,GW151226
1135132672,720,GW151226
1135132672,721,GW151226
1135132672,722,GW151226
1135132672,723,GW151226
1135132672,724,GW151226
1135132672,725,GW151226
1135132672,726,GW151226
1135132672,727,GW151226
1135132672,728,GW151226
1135132672,729,GW151226
1135132672,730,GW151226
1135132672,731,GW151226
1135132672,732,GW151226
1135132672,733,GW151226
1135132672,734,GW151226
1135132672,735,GW151226
1135132672,736,GW151226
1135132672,737,GW151226
1135132672,738,GW151226
1135132672,739,GW151226
1135132672,740,GW151226
1135132672,741,GW151226
1135132672,742,GW151226
1135132672,743,GW151226
1135132672,744,GW151226
1135132672,745,GW151226
1135132672,746,GW151226
1135132672,747,GW151226
1135132672,748,GW151226
1135132672,749,GW151226
1135132672,750,GW151226
1135132672,751,GW151226
1135132672,752,GW151226
1135132672,753,GW151226
1135132672,754,GW151226
1135132672,755,GW151226
1135132672,756,GW151226
1135132672,757,GW151226
1135132672,758,GW151226
1135132672,759,GW151226
1135132672,760,GW151226
1135132672,761,GW151226
1135132672,762,GW151226
1135132672,763,GW151226
1135132672,764,GW151226
1135132672,765,GW151226
1135132672,766,GW151226
1135132672,767,GW151226
1135132672,768,GW151226
1135132672,769,GW151226
1135132672,770,GW151226
1135132672,771,GW151226
1135132672,772,GW151226
1135132672,773,GW151226
1135132672,774,GW151226
1135132672,775,GW151226
1135132672,776,GW151226
1135132672,777,GW151226
1135132672,778,GW151226
1135132672,779,GW151226
1135132672,780,GW151226
1135132672,781,GW151226
1135132672,782,GW151226
1135132672,783,GW151226
1135132672,784,GW151226
1135132672,785,GW151226
1135132672,786,GW151226
1135132672,787,GW151226
1135132672,788,GW151226
1135132672,789,GW151226
1135132672,790,GW151226
1135132672,791,GW151226
1135132672,792,GW151226
1135132672,793,GW151226
1135132672,794,GW151226
1135132672,795,GW151226
1135132672,796,GW151226
1135132672,797,GW151226
1135132672,798,GW151226
1135132672,799,GW151226
1135132672,800,GW151226
1135132672,801,GW151226
1135132672,802,GW151226
1135132672,803,GW151226
1135132672,804,GW151226
1135132672,805,GW151226
1135132672,806,GW151226
1135132672,807,GW151226
1135132672,808,GW151226
1135132672,809,GW151226
1135132672,810,GW151226
1135132672,811,GW151226
1135132672,812,GW151226
1135132672,813,GW151226
1135132672,814,GW151226
1135132672,815,GW151226
1135132672,816,GW151226
1135132672,817,GW151226
1135132672,818,GW151226
1135132672,819,GW151226
1135132672,820,GW151226
1135132672,821,GW151226
1135132672,822,GW151226
1135132672,823,GW151226
1135132672,824,GW151226
1135132672,825,GW151226
1135132672,826,GW151226
1135132672,827,GW151226
1135132672,828,GW151226
1135132672,829,GW151226
1135132672,830,GW151226
1135132672,831,GW151226
1135132672,832,GW151226
1135132672,833,GW151226
1135132672,834,GW151226
1135132672,835,GW151226
1135132672,836,GW151226
1135132672,837,GW151226
1135132672,838,GW151226
1135132672,839,GW151226
1135132672,840,GW151226
1135132672,841,GW151226
1135132672,842,GW151226
1135132672,843,GW151226
1135132672,844,GW151226
1135132672,845,GW151226
1135132672,846,GW151226
1135132672,847,GW151226
1135132672,848,GW151226
1135132672,849,GW151226
1135132672,850,GW151226
1135132672,851,GW151226
1135132672,852,GW151226
1135132672,853,GW151226
1135132672,854,GW151226
1135132672,855,GW151226
1135132672,856,GW151226
1135132672,857,GW151226
1135132672,858,GW151226
1135132672,859,GW151226
1135132672,860,GW151226
1135132672,861,GW151226
1135132672,862,GW151226
1135132672,863,GW151226
1135132672,864,GW151226
1135132672,865,GW151226
1135132672,866,GW151226
1135132672,867,GW151226
1135132672,868,GW151226
1135132672,869,GW151226
1135132672,870,GW151226
1135132672,871,GW151226
1135132672,872,GW151226
1135132672,873,GW151226
1135132672,874,GW151226
1135132672,875,GW151226
1135132672,876,GW151226
1135132672,877,GW151226
1135132672,878,GW151226
1135132672,879,GW151226
1135132672,880,GW151226
1135132672,881,GW151226
1135132672,882,GW151226
1135132672,883,GW151226
1135132672,884,GW151226
1135132672,885,GW151226
1135132672,886,GW151226
1135132672,887,GW151226
1135132672,888,GW151226
1135132672,889,GW151226
1135132672,890,GW151226
1135132672,891,GW151226
1135132672,892,GW151226
1135132672,893,GW151226
1135132672,894,GW151226
1135132672,895,GW151226
1135132672,896,GW151226
1135132672,897,GW151226
1135132672,898,GW151226
1135132672,899,GW151226
1135132672,900,GW151226
1135132672,901,GW151226
1135132672,902,GW151226
1135132672,903,GW151226
1135132672,904,GW151226
1135132672,905,GW151226
1135132672,906,GW151226
1135132672,907,GW151226
1135132672,908,GW151226
1135132672,909,GW151226
1135132672,910,GW151226
1135132672,911,GW151226
1135132672,912,GW151226
1135132672,913,GW151226
1135132672,914,GW151226
1135132672,915,GW151226
1135132672,916,GW151226
1135132672,917,GW151226
1135132672,918,GW151226
1135132672,919,GW151226
1135132672,920,GW151226
1135132672,921,GW151226
1135132672,922,GW151226
1135132672,923,GW151226
1135132672,924,GW151226
1135132672,925,GW151226
1135132672,926,GW151226
1135132672,927,GW151226
1135132672,928,GW151226
1135132672,929,GW151226
1135132672,930,GW151226
1135132672,931,GW151226
1135132672,932,GW151226
1135132672,933,GW151226
1135132672,934,GW151226
1135132672,935,GW151226
1135132672,936,GW151226
1135132672,937,GW151226
1135132672,938,GW151226
1135132672,939,GW151226
1135132672,940,GW151226
1135132672,941,GW151226
1135132672,942,GW151226
1135132672,943,GW151226
1135132672,944,GW151226
1135132672,945,GW151226
1135132672,946,GW151226
1135132672,947,GW151226
1135132672,948,GW151226
1135132672,949,GW151226
1135132672,950,GW151226
1135132672,951,GW151226
1135132672,952,GW151226
1135132672,953,GW151226
1135132672,954,GW151226
1135132672,955,GW151226
1135132672,956,GW151226
1135132672,957,GW151226
1135132672,958,GW151226
1135132672,959,GW151226
1135132672,960,GW151226
1135132672,961,GW151226
1135132672,962,GW151226
1135132672,963,GW151226
1135132672,964,GW151226
1135132672,965,GW151226
1135132672,966,GW151226
1135132672,967,GW151226
1135132672,968,GW151226
1135132672,969,GW151226
1135132672,970,GW151226
1135132672,971,GW151226
1135132672,972,GW151226
1135132672,973,GW151226
1135132672,974,GW151226
1135132672,975,GW151226
1135132672,976,GW151226
1135132672,977,GW151226
1135132672,978,GW151226
1135132672,979,GW151226
1135132672,980,GW151226
1135132672,981,GW151226
1135132672,982,GW151226
1135132672,983,GW151226
1135132672,984,GW151226
1135132672,985,GW151226
1135132672,986,GW151226
1135132672,987,GW151226
1135132672,988,GW151226
1135132672,989,GW151226
1135132672,990,GW151226
1135132672,991,GW151226
1135132672,992,GW151226
1135132672,993,GW151226
1135132672,994,GW151226
1135132672,995,GW151226
1135132672,996,GW151226
1135132672,997,GW151226
1135132672,998,GW151226
1135132672,999,GW151226
1135132672,1000,GW151226
1135132672,1001,GW151226
1135132672,1002,GW151226
1135132672,1003,GW151226
1135132672,1004,GW151226
1135132672,1005,GW151226
1135132672,1006,GW151226
1135132672,1007,GW151226
1135132672,1008,GW151226
1135132672,1009,GW151226
1135132672,1010,GW151226
1135132672,1011,GW151226
1135132672,1012,GW151226
1135132672,1013,GW151226
1135132672,1014,GW151226
1135132672,1015,GW151226
1135132672,1016,GW151226
1135132672,1017,GW151226
1135132672,1018,GW151226
1135132672,1019,GW151226
1135132672,1020,GW151226
1135132672,1021,GW151226
1135132672,1022,GW151226
1135132672,1023,GW151226
1135132672,1024,GW151226
1135132672,1025,GW151226
1135132672,1026,GW151226
1135132672,1027,GW151226
1135132672,1028,GW151226
1135132672,1029,GW151226
1135132672,1030,GW151226
1135132672,1031,GW151226
1135132672,1032,GW151226
1135132672,1033,GW151226
1135132672,1034,GW151226
1135132672,1035,GW151226
1135132672,1036,GW151226
1135132672,1037,GW151226
1135132672,1038,GW151226
1135132672,1039,GW151226
1135132672,1040,GW151226
1135132672,1041,GW151226
1135132672,1042,GW151226
1135132672,1043,GW151226
1135132672,1044,GW151226
1135132672,1045,GW151226
1135132672,1046,GW151226
1135132672,1047,GW151226
1135132672,1048,GW151226
1135132672,1049,GW151226
1135132672,1050,GW151226
1135132672,1051,GW151226
1135132672,1052,GW151226
1135132672,1053,GW151226
1135132672,1054,GW151226
1135132672,1055,GW151226
1135132672,1056,GW151226
1135132672,1057,GW151226
1135132672,1058,GW151226
1135132672,1059,GW151226
1135132672,1060,GW151226
1135132672,1061,GW151226
1135132672,1062,GW151226
1135132672,1063,GW151226
1135132672,1064,GW151226
1135132672,1065,GW151226
1135132672,1066,GW151226
1135132672,1067,GW151226
1135132672,1068,GW151226
1135132672,1069,GW151226
1135132672,1070,GW151226
1135132672,1071,GW151226
1135132672,1072,GW151226
1135132672,1073,GW151226
1135132672,1074,GW151226
1135132672,1075,GW151226
1135132672,1076,GW151226
1135132672,1077,GW151226
1135132672,1078,GW151226
1135132672,1079,GW151226
1135132672,1080,GW151226
1135132672,1081,GW151226
1135132672,1082,GW151226
1135132672,1083,GW151226
1135132672,1084,GW151226
1135132672,1085,GW151226
1135132672,1086,GW151226
1135132672,1087,GW151226
1135132672,1088,GW151226
1135132672,1089,GW151226
1135132672,1090,GW151226
1135132672,1091,GW151226
1135132672,1092,GW151226
1135132672,1093,GW151226
1135132672,1094,GW151226
1135132672,1095,GW151226
1135132672,1096,GW151226
1135132672,1097,GW151226
1135132672,1098,GW151226
1135132672,1099,GW151226
1135132672,1100,GW151226
1135132672,1101,GW151226
1135132672,1102,GW151226
1135132672,1103,GW151226
1135132672,1104,GW151226
1135132672,1105,GW151226
1135132672,1106,GW151226
1135132672,1107,GW151226
1135132672,1108,GW151226
1135132672,1109,GW151226
1135132672,1110,GW151226
1135132672,1111,GW151226
1135132672,1112,GW151226
1135132672,1113,GW151226
1135132672,1114,GW151226
1135132672,1115,GW151226
1135132672,1116,GW151226
1135132672,1117,GW151226
1135132672,1118,GW151226
1135132672,1119,GW151226
1135132672,1120,GW151226
1135132672,1121,GW151226
1135132672,1122,GW151226
1135132672,1123,GW151226
1135132672,1124,GW151226
1135132672,1125,GW151226
1135132672,1126,GW151226
1135132672,1127,GW151226
1135132672,1128,GW151226
1135132672,1129,GW151226
1135132672,1130,GW151226
1135132672,1131,GW151226
1135132672,1132,GW151226
1135132672,1133,GW151226
1135132672,1134,GW151226
1135132672,1135,GW151226
1135132672,1136,GW151226
1135132672,1137,GW151226
1135132672,1138,GW151226
1135132672,1139,GW151226
1135132672,1140,GW151226
1135132672,1141,GW151226
1135132672,1142,GW151226
1135132672,1143,GW151226
1135132672,1144,GW151226
1135132672,1145,GW151226
1135132672,1146,GW151226
1135132672,1147,GW151226
1135132672,1148,GW151226
1135132672,1149,GW151226
1135132672,1150,GW151226
1135132672,1151,GW151226
1135132672,1152,GW151226
1135132672,1153,GW151226
1135132672,1154,GW151226
1135132672,1155,GW151226
1135132672,1156,GW151226
1135132672,1157,GW151226
1135132672,1158,GW151226
1135132672,1159,GW151226
1135132672,1160,GW151226
1135132672,1161,GW151226
1135132672,1162,GW151226
1135132672,1163,GW151226
1135132672,1164,GW151226
1135132672,1165,GW151226
1135132672,1166,GW151226
1135132672,1167,GW151226
1135132672,1168,GW151226
1135132672,1169,GW151226
1135132672,1170,GW151226
1135132672,1171,GW151226
1135132672,1172,GW151226
1135132672,1173,GW151226
1135132672,1174,GW151226
1135132672,1175,GW151226
1135132672,1176,GW151226
1135132672,1177,GW151226
1135132672,1178,GW151226
1135132672,1179,GW151226
1135132672,1180,GW151226
1135132672,1181,GW151226
1135132672,1182,GW151226
1135132672,1183,GW151226
1135132672,1184,GW151226
1135132672,1185,GW151226
1135132672,1186,GW151226
1135132672,1187,GW151226
1135132672,1188,GW151226
1135132672,1189,GW151226
1135132672,1190,GW151226
1135132672,1191,GW151226
1135132672,1192,GW151226
1135132672,1193,GW151226
1135132672,1194,GW151226
1135132672,1195,GW151226
1135132672,1196,GW151226
1135132672,1197,GW151226
1135132672,1198,GW151226
1135132672,1199,GW151226
1135132672,1200,GW151226
1135132672,1201,GW151226
1135132672,1202,GW151226
1135132672,1203,GW151226
1135132672,1204,GW151226
1135132672,1205,GW151226
1135132672,1206,GW151226
1135132672,1207,GW151226
1135132672,1208,GW151226
1135132672,1209,GW151226
1135132672,1210,GW151226
1135132672,1211,GW151226
1135132672,1212,GW151226
1135132672,1213,GW151226
1135132672,1214,GW151226
1135132672,1215,GW151226
1135132672,1216,GW151226
1135132672,1217,GW151226
1135132672,1218,GW151226
1135132672,1219,GW151226
1135132672,1220,GW151226
1135132672,1221,GW151226
1135132672,1222,GW151226
1135132672,1223,GW151226
1135132672,1224,GW151226
1135132672,1225,GW151226
1135132672,1226,GW151226
1135132672,1227,GW151226
1135132672,1228,GW151226
1135132672,1229,GW151226
1135132672,1230,GW151226
1135132672,1231,GW151226
1135132672,1232,GW151226
1135132672,1233,GW151226
1135132672,1234,GW151226
1135132672,1235,GW151226
1135132672,1236,GW151226
1135132672,1237,GW151226
1135132672,1238,GW151226
1135132672,1239,GW151226
1135132672,1240,GW151226
1135132672,1241,GW151226
1135132672,1242,GW151226
1135132672,1243,GW151226
1135132672,1244,GW151226
1135132672,1245,GW151226
1135132672,1246,GW151226
1135132672,1247,GW151226
1135132672,1248,GW151226
1135132672,1249,GW151226
1135132672,1250,GW151226
1135132672,1251,GW151226
1135132672,1252,GW151226
1135132672,1253,GW151226
1135132672,1254,GW151226
1135132672,1255,GW151226
1135132672,1256,GW151226
1135132672,1257,GW151226
1135132672,1258,GW151226
1135132672,1259,GW151226
1135132672,1260,GW151226
1135132672,1261,GW151226
1135132672,1262,GW151226
1135132672,1263,GW151226
1135132672,1264,GW151226
1135132672,1265,GW151226
1135132672,1266,GW151226
1135132672,1267,GW151226
1135132672,1268,GW151226
1135132672,1269,GW151226
1135132672,1270,GW151226
1135132672,1271,GW151226
1135132672,1272,GW151226
1135132672,1273,GW151226
1135132672,1274,GW151226
1135132672,1275,GW151226
1135132672,1276,GW151226
1135132672,1277,GW151226
1135132672,1278,GW151226
1135132672,1279,GW151226
1135132672,1280,GW151226
1135132672,1281,GW151226
1135132672,1282,GW151226
1135132672,1283,GW151226
1135132672,1284,GW151226
1135132672,1285,GW151226
1135132672,1286,GW151226
1135132672,1287,GW151226
1135132672,1288,GW151226
1135132672,1289,GW151226
1135132672,1290,GW151226
1135132672,1291,GW151226
1135132672,1292,GW151226
1135132672,1293,GW151226
1135132672,1294,GW151226
1135132672,1295,GW151226
1135132672,1296,GW151226
1135132672,1297,GW151226
1135132672,1298,GW151226
1135132672,1299,GW151226
1135132672,1300,GW151226
1135132672,1301,GW151226
1135132672,1302,GW151226
1135132672,1303,GW151226
1135132672,1304,GW151226
1135132672,1305,GW151226
1135132672,1306,GW151226
1135132672,1307,GW151226
1135132672,1308,GW151226
1135132672,1309,GW151226
1135132672,1310,GW151226
1135132672,1311,GW151226
1135132672,1312,GW151226
1135132672,1313,GW151226
1135132672,1314,GW151226
1135132672,1315,GW151226
1135132672,1316,GW151226
1135132672,1317,GW151226
1135132672,1318,GW151226
1135132672,1319,GW151226
1135132672,1320,GW151226
1135132672,1321,GW151226
1135132672,1322,GW151226
1135132672,1323,GW151226
1135132672,1324,GW151226
1135132672,1325,GW151226
1135132672,1326,GW151226
1135132672,1327,GW151226
1135132672,1328,GW151226
1135132672,1329,GW151226
1135132672,1330,GW151226
1135132672,1331,GW151226
1135132672,1332,GW151226
1135132672,1333,GW151226
1135132672,1334,GW151226
1135132672,1335,GW151226
1135132672,1336,GW151226
1135132672,1337,GW151226
1135132672,1338,GW151226
1135132672,1339,GW151226
1135132672,1340,GW151226
1135132672,1341,GW151226
1135132672,1342,GW151226
1135132672,1343,GW151226
1135132672,1344,GW151226
1135132672,1345,GW151226
1135132672,1346,GW151226
1135132672,1347,GW151226
1135132672,1348,GW151226
1135132672,1349,GW151226
1135132672,1350,GW151226
1135132672,1351,GW151226
1135132672,1352,GW151226
1135132672,1353,GW151226
1135132672,1354,GW151226
1135132672,1355,GW151226
1135132672,1356,GW151226
1135132672,1357,GW151226
1135132672,1358,GW151226
1135132672,1359,GW151226
1135132672,1360,GW151226
1135132672,1361,GW151226
1135132672,1362,GW151226
1135132672,1363,GW151226
1135132672,1364,GW151226
1135132672,1365,GW151226
1135132672,1366,GW151226
1135132672,1367,GW151226
1135132672,1368,GW151226
1135132672,1369,GW151226
1135132672,1370,GW151226
1135132672,1371,GW151226
1135132672,1372,GW151226
1135132672,1373,GW151226
1135132672,1374,GW151226
1135132672,1375,GW151226
1135132672,1376,GW151226
1135132672,1377,GW151226
1135132672,1378,GW151226
1135132672,1379,GW151226
1135132672,1380,GW151226
1135132672,1381,GW151226
1135132672,1382,GW151226
1135132672,1383,GW151226
1135132672,1384,GW151226
1135132672,1385,GW151226
1135132672,1386,GW151226
1135132672,1387,GW151226
1135132672,1388,GW151226
1135132672,1389,GW151226
1135132672,1390,GW151226
1135132672,1391,GW151226
1135132672,1392,GW151226
1135132672,1393,GW151226
1135132672,1394,GW151226
1135132672,1395,GW151226
1135132672,1396,GW151226
1135132672,1397,GW151226
1135132672,1398,GW151226
1135132672,1399,GW151226
1135132672,1400,GW151226
1135132672,1401,GW151226
1135132672,1402,GW151226
1135132672,1403,GW151226
1135132672,1404,GW151226
1135132672,1405,GW151226
1135132672,1406,GW151226
1135132672,1407,GW151226
1135132672,1408,GW151226
1135132672,1409,GW151226
1135132672,1410,GW151226
1135132672,1411,GW151226
1135132672,1412,GW151226
1135132672,1413,GW151226
1135132672,1414,GW151226
1135132672,1415,GW151226
1135132672,1416,GW151226
1135132672,1417,GW151226
1135132672,1418,GW151226
1135132672,1419,GW151226
1135132672,1420,GW151226
1135132672,1421,GW151226
1135132672,1422,GW151226
1135132672,1423,GW151226
1135132672,1424,GW151226
1135132672,1425,GW151226
1135132672,1426,GW151226
1135132672,1427,GW151226
1135132672,1428,GW151226
1135132672,1429,GW151226
1135132672,1430,GW151226
1135132672,1431,GW151226
1135132672,1432,GW151226
1135132672,1433,GW151226
1135132672,1434,GW151226
1135132672,1435,GW151226
1135132672,1436,GW151226
1135132672,1437,GW151226
1135132672,1438,GW151226
1135132672,1439,GW151226
1135132672,1440,GW151226
1135132672,1441,GW151226
1135132672,1442,GW151226
1135132672,1443,GW151226
1135132672,1444,GW151226
1135132672,1445,GW151226
1135132672,1446,GW151226
1135132672,1447,GW151226
1135132672,1448,GW151226
1135132672,1449,GW151226
1135132672,1450,GW151226
1135132672,1451,GW151226
1135132672,1452,GW151226
1135132672,1453,GW151226
1135132672,1454,GW151226
1135132672,1455,GW151226
1135132672,1456,GW151226
1135132672,1457,GW151226
1135132672,1458,GW151226
1135132672,1459,GW151226
1135132672,1460,GW151226
1135132672,1461,GW151226
1135132672,1462,GW151226
1135132672,1463,GW151226
1135132672,1464,GW151226
1135132672,1465,GW151226
1135132672,1466,GW151226
1135132672,1467,GW151226
1135132672,1468,GW151226
1135132672,1469,GW151226
1135132672,1470,GW151226
1135132672,1471,GW151226
1135132672,1472,GW151226
1135132672,1473,GW151226
1135132672,1474,GW151226
1135132672,1475,GW151226
1135132672,1476,GW151226
1135132672,1477,GW151226
1135132672,1478,GW151226
1135132672,1479,GW151226
1135132672,1480,GW151226
1135132672,1481,GW151226
1135132672,1482,GW151226
1135132672,1483,GW151226
1135132672,1484,GW151226
1135132672,1485,GW151226
1135132672,1486,GW151226
1135132672,1487,GW151226
1135132672,1488,GW151226
1135132672,1489,GW151226
1135132672,1490,GW151226
1135132672,1491,GW151226
1135132672,1492,GW151226
1135132672,1493,GW151226
1135132672,1494,GW151226
1135132672,1495,GW151226
1135132672,1496,GW151226
1135132672,1497,GW151226
1135132672,1498,GW151226
1135132672,1499,GW151226
1135132672,1500,GW151226
1135132672,1501,GW151226
1135132672,1502,GW151226
1135132672,1503,GW151226
1135132672,1504,GW151226
1135132672,1505,GW151226
1135132672,1506,GW151226
1135132672,1507,GW151226
1135132672,1508,GW151226
1135132672,1509,GW151226
1135132672,1510,GW151226
1135132672,1511,GW151226
1135132672,1512,GW151226
1135132672,1513,GW151226
1135132672,1514,GW151226
1135132672,1515,GW151226
1135132672,1516,GW151226
1135132672,1517,GW151226
1135132672,1518,GW151226
1135132672,1519,GW151226
1135132672,1520,GW151226
1135132672,1521,GW151226
1135132672,1522,GW151226
1135132672,1523,GW151226
1135132672,1524,GW151226
1135132672,1525,GW151226
1135132672,1526,GW151226
1135132672,1527,GW151226
1135132672,1528,GW151226
1135132672,1529,GW151226
1135132672,1530,GW151226
1135132672,1531,GW151226
1135132672,1532,GW151226
1135132672,1533,GW151226
1135132672,1534,GW151226
1135132672,1535,GW151226
1135132672,1536,GW151226
1135132672,1537,GW151226
1135132672,1538,GW151226
1135132672,1539,GW151226
1135132672,1540,GW151226
1135132672,1541,GW151226
1135132672,1542,GW151226
1135132672,1543,GW151226
1135132672,1544,GW151226
1135132672,1545,GW151226
1135132672,1546,GW151226
1135132672,1547,GW151226
1135132672,1548,GW151226
1135132672,1549,GW151226
1135132672,1550,GW151226
1135132672,1551,GW151226
1135132672,1552,GW151226
1135132672,1553,GW151226
1135132672,1554,GW151226
1135132672,1555,GW151226
1135132672,1556,GW151226
1135132672,1557,GW151226
1135132672,1558,GW151226
1135132672,1559,GW151226
1135132672,1560,GW151226
1135132672,1561,GW151226
1135132672,1562,GW151226
1135132672,1563,GW151226
1135132672,1564,GW151226
1135132672,1565,GW151226
1135132672,1566,GW151226
1135132672,1567,GW151226
1135132672,1568,GW151226
1135132672,1569,GW151226
1135132672,1570,GW151226
1135132672,1571,GW151226
1135132672,1572,GW151226
1135132672,1573,GW151226
1135132672,1574,GW151226
1135132672,1575,GW151226
1135132672,1576,GW151226
1135132672,1577,GW151226
1135132672,1578,GW151226
1135132672,1579,GW151226
1135132672,1580,GW151226
1135132672,1581,GW151226
1135132672,1582,GW151226
1135132672,1583,GW151226
1135132672,1584,GW151226
1135132672,1585,GW151226
1135132672,1586,GW151226
1135132672,1587,GW151226
1135132672,1588,GW151226
1135132672,1589,GW151226
1135132672,1590,GW151226
1135132672,1591,GW151226
1135132672,1592,GW151226
1135132672,1593,GW151226
1135132672,1594,GW151226
1135132672,1595,GW151226
1135132672,1596,GW151226
1135132672,1597,GW151226
1135132672,1598,GW151226
1135132672,1599,GW151226
1135132672,1600,GW151226
1135132672,1601,GW151226
1135132672,1602,GW151226
1135132672,1603,GW151226
1135132672,1604,GW151226
1135132672,1605,GW151226
1135132672,1606,GW151226
1135132672,1607,GW151226
1135132672,1608,GW151226
1135132672,1609,GW151226
1135132672,1610,GW151226
1135132672,1611,GW151226
1135132672,1612,GW151226
1135132672,1613,GW151226
1135132672,1614,GW151226
1135132672,1615,GW151226
1135132672,1616,GW151226
1135132672,1617,GW151226
1135132672,1618,GW151226
1135132672,1619,GW151226
1135132672,1620,GW151226
1135132672,1621,GW151226
1135132672,1622,GW151226
1135132672,1623,GW151226
1135132672,1624,GW151226
1135132672,1625,GW151226
1135132672,1626,GW151226
1135132672,1627,GW151226
1135132672,1628,GW151226
1135132672,1629,GW151226
1135132672,1630,GW151226
1135132672,1631,GW151226
1135132672,1632,GW151226
1135132672,1633,GW151226
1135132672,1634,GW151226
1135132672,1635,GW151226
1135132672,1636,GW151226
1135132672,1637,GW151226
1135132672,1638,GW151226
1135132672,1639,GW151226
1135132672,1640,GW151226
1135132672,1641,GW151226
1135132672,1642,GW151226
1135132672,1643,GW151226
1135132672,1644,GW151226
1135132672,1645,GW151226
1135132672,1646,GW151226
1135132672,1647,GW151226
1135132672,1648,GW151226
1135132672,1649,GW151226
1135132672,1650,GW151226
1135132672,1651,GW151226
1135132672,1652,GW151226
1135132672,1653,GW151226
1135132672,1654,GW151226
1135132672,1655,GW151226
1135132672,1656,GW151226
1135132672,1657,GW151226
1135132672,1658,GW151226
1135132672,1659,GW151226
1135132672,1660,GW151226
1135132672,1661,GW151226
1135132672,1662,GW151226
1135132672,1663,GW151226
1135132672,1664,GW151226
1135132672,1665,GW151226
1135132672,1666,GW151226
1135132672,1667,GW151226
1135132672,1668,GW151226
1135132672,1669,GW151226
1135132672,1670,GW151226
1135132672,1671,GW151226
1135132672,1672,GW151226
1135132672,1673,GW151226
1135132672,1674,GW151226
1135132672,1675,GW151226
1135132672,1676,GW151226
1135132672,1677,GW151226
1135132672,1678,GW151226
1135132672,1679,GW151226
1135132672,1680,GW151226
1135132672,1681,GW151226
1135132672,1682,GW151226
1135132672,1683,GW151226
1135132672,1684,GW151226
1135132672,1685,GW151226
1135132672,1686,GW151226
1135132672,1687,GW151226
1135132672,1688,GW151226
1135132672,1689,GW151226
1135132672,1690,GW151226
1135132672,1691,GW151226
1135132672,1692,GW151226
1135132672,1693,GW151226
1135132672,1694,GW151226
1135132672,1695,GW151226
1135132672,1696,GW151226
1135132672,1697,GW151226
1135132672,1698,GW151226
1135132672,1699,GW151226
1135132672,1700,GW151226
1135132672,1701,GW151226
1135132672,1702,GW151226
1135132672,1703,GW151226
1135132672,1704,GW151226
1135132672,1705,GW151226
1135132672,1706,GW151226
1135132672,1707,GW151226
1135132672,1708,GW151226
1135132672,1709,GW151226
1135132672,1710,GW151226
1135132672,1711,GW151226
1135132672,1712,GW151226
1135132672,1713,GW151226
1135132672,1714,GW151226
1135132672,1715,GW151226
1135132672,1716,GW151226
1135132672,1717,GW151226
1135132672,1718,GW151226
1135132672,1719,GW151226
1135132672,1720,GW151226
1135132672,1721,GW151226
1135132672,1722,GW151226
1135132672,1723,GW151226
1135132672,1724,GW151226
1135132672,1725,GW151226
1135132672,1726,GW151226
1135132672,1727,GW151226
1135132672,1728,GW151226
1135132672,1729,GW151226
1135132672,1730,GW151226
1135132672,1731,GW151226
1135132672,1732,GW151226
1135132672,1733,GW151226
1135132672,1734,GW151226
1135132672,1735,GW151226
1135132672,1736,GW151226
1135132672,1737,GW151226
1135132672,1738,GW151226
1135132672,1739,GW151226
1135132672,1740,GW151226
1135132672,1741,GW151226
1135132672,1742,GW151226
1135132672,1743,GW151226
1135132672,1744,GW151226
1135132672,1745,GW151226
1135132672,1746,GW151226
1135132672,1747,GW151226
1135132672,1748,GW151226
1135132672,1749,GW151226
1135132672,1750,GW151226
1135132672,1751,GW151226
1135132672,1752,GW151226
1135132672,1753,GW151226
1135132672,1754,GW151226
1135132672,1755,GW151226
1135132672,1756,GW151226
1135132672,1757,GW151226
1135132672,1758,GW151226
1135132672,1759,GW151226
1135132672,1760,GW151226
1135132672,1761,GW151226
1135132672,1762,GW151226
1135132672,1763,GW151226
1135132672,1764,GW151226
1135132672,1765,GW151226
1135132672,1766,GW151226
1135132672,1767,GW151226
1135132672,1768,GW151226
1135132672,1769,GW151226
1135132672,1770,GW151226
1135132672,1771,GW151226
1135132672,1772,GW151226
1135132672,1773,GW151226
1135132672,1774,GW151226
1135132672,1775,GW151226
1135132672,1776,GW151226
1135132672,1777,GW151226
1135132672,1778,GW151226
1135132672,1779,GW151226
1135132672,1780,GW151226
1135132672,1781,GW151226
1135132672,1782,GW151226
1135132672,1783,GW151226
1135132672,1784,GW151226
1135132672,1785,GW151226
1135132672,1786,GW151226
1135132672,1787,GW151226
1135132672,1788,GW151226
1135132672,1789,GW151226
1135132672,1790,GW151226
1135132672,1791,GW151226
1135132672,1792,GW151226
1135132672,1793,GW151226
1135132672,1794,GW151226
1135132672,1795,GW151226
1135132672,1796,GW151226
1135132672,1797,GW151226
1135132672,1798,GW151226
1135132672,1799,GW151226
1135132672,1800,GW151226
1135132672,1801,GW151226
1135132672,1802,GW151226
1135132672,1803,GW151226
1135132672,1804,GW151226
1135132672,1805,GW151226
1135132672,1806,GW151226
1135132672,1807,GW151226
1135132672,1808,GW151226
1135132672,1809,GW151226
1135132672,1810,GW151226
1135132672,1811,GW151226
1135132672,1812,GW151226
1135132672,1813,GW151226
1135132672,1814,GW151226
1135132672,1815,GW151226
1135132672,1816,GW151226
1135132672,1817,GW151226
1135132672,1818,GW151226
1135132672,1819,GW151226
1135132672,1820,GW151226
1135132672,1821,GW151226
1135132672,1822,GW151226
1135132672,1823,GW151226
1135132672,1824,GW151226
1135132672,1825,GW151226
1135132672,1826,GW151226
1135132672,1827,GW151226
1135132672,1828,GW151226
1135132672,1829,GW151226
1135132672,1830,GW151226
1135132672,1831,GW151226
1135132672,1832,GW151226
1135132672,1833,GW151226
1135132672,1834,GW151226
1135132672,1835,GW151226
1135132672,1836,GW151226
1135132672,1837,GW151226
1135132672,1838,GW151226
1135132672,1839,GW151226
1135132672,1840,GW151226
1135132672,1841,GW151226
1135132672,1842,GW151226
1135132672,1843,GW151226
1135132672,1844,GW151226
1135132672,1845,GW151226
1135132672,1846,GW151226
1135132672,1847,GW151226
1135132672,1848,GW151226
1135132672,1849,GW151226
1135132672,1850,GW151226
1135132672,1851,GW151226
1135132672,1852,GW151226
1135132672,1853,GW151226
1135132672,1854,GW151226
1135132672,1855,GW151226
1135132672,1856,GW151226
1135132672,1857,GW151226
1135132672,1858,GW151226
1135132672,1859,GW151226
1135132672,1860,GW151226
1135132672,1861,GW151226
1135132672,1862,GW151226
1135132672,1863,GW151226
1135132672,1864,GW151226
1135132672,1865,GW151226
1135132672,1866,GW151226
1135132672,1867,GW151226
1135132672,1868,GW151226
1135132672,1869,GW151226
1135132672,1870,GW151226
1135132672,1871,GW151226
1135132672,1872,GW151226
1135132672,1873,GW151226
1135132672,1874,GW151226
1135132672,1875,GW151226
1135132672,1876,GW151226
1135132672,1877,GW151226
1135132672,1878,GW151226
1135132672,1879,GW151226
1135132672,1880,GW151226
1135132672,1881,GW151226
1135132672,1882,GW151226
1135132672,1883,GW151226
1135132672,1884,GW151226
1135132672,1885,GW151226
1135132672,1886,GW151226
1135132672,1887,GW151226
1135132672,1888,GW151226
1135132672,1889,GW151226
1135132672,1890,GW151226
1135132672,1891,GW151226
1135132672,1892,GW151226
1135132672,1893,GW151226
1135132672,1894,GW151226
1135132672,1895,GW151226
1135132672,1896,GW151226
1135132672,1897,GW151226
1135132672,1898,GW151226
1135132672,1899,GW151226
1135132672,1900,GW151226
1135132672,1901,GW151226
1135132672,1902,GW151226
1135132672,1903,GW151226
1135132672,1904,GW151226
1135132672,1905,GW151226
1135132672,1906,GW151226
1135132672,1907,GW151226
1135132672,1908,GW151226
1135132672,1909,GW151226
1135132672,1910,GW151226
1135132672,1911,GW151226
1135132672,1912,GW151226
1135132672,1913,GW151226
1135132672,1914,GW151226
1135132672,1915,GW151226
1135132672,1916,GW151226
1135132672,1917,GW151226
1135132672,1918,GW151226
1135132672,1919,GW151226
1135132672,1920,GW151226
1135132672,1921,GW151226
1135132672,1922,GW151226
1135132672,1923,GW151226
1135132672,1924,GW151226
1135132672,1925,GW151226
1135132672,1926,GW151226
1135132672,1927,GW151226
1135132672,1928,GW151226
1135132672,1929,GW151226
1135132672,1930,GW151226
1135132672,1931,GW151226
1135132672,1932,GW151226
1135132672,1933,GW151226
1135132672,1934,GW151226
1135132672,1935,GW151226
1135132672,1936,GW151226
1135132672,1937,GW151226
1135132672,1938,GW151226
1135132672,1939,GW151226
1135132672,1940,GW151226
1135132672,1941,GW151226
1135132672,1942,GW151226
1135132672,1943,GW151226
1135132672,1944,GW151226
1135132672,1945,GW151226
1135132672,1946,GW151226
1135132672,1947,GW151226
1135132672,1948,GW151226
1135132672,1949,GW151226
1135132672,1950,GW151226
1135132672,1951,GW151226
1135132672,1952,GW151226
1135132672,1953,GW151226
1135132672,1954,GW151226
1135132672,1955,GW151226
1135132672,1956,GW151226
1135132672,1957,GW151226
1135132672,1958,GW151226
1135132672,1959,GW151226
1135132672,1960,GW151226
1135132672,1961,GW151226
1135132672,1962,GW151226
1135132672,1963,GW151226
1135132672,1964,GW151226
1135132672,1965,GW151226
1135132672,1966,GW151226
1135132672,1967,GW151226
1135132672,1968,GW151226
1135132672,1969,GW151226
1135132672,1970,GW151226
1135132672,1971,GW151226
1135132672,1972,GW151226
1135132672,1973,GW151226
1135132672,1974,GW151226
1135132672,1975,GW151226
1135132672,1976,GW151226
1135132672,1977,GW151226
1135132672,1978,GW151226
1135132672,1979,GW151226
1135132672,1980,GW151226
1135132672,1981,GW151226
1135132672,1982,GW151226
1135132672,1983,GW151226
1135132672,1984,GW151226
1135132672,1985,GW151226
1135132672,1986,GW151226
1135132672,1987,GW151226
1135132672,1988,GW151226
1135132672,1989,GW151226
1135132672,1990,GW151226
1135132672,1991,GW151226
1135132672,1992,GW151226
1135132672,1993,GW151226
1135132672,1994,GW151226
1135132672,1995,GW151226
1135132672,1996,GW151226
1135132672,1997,GW151226
1135132672,1998,GW151226
1135132672,1999,GW151226
1135132672,2000,GW151226
1135132672,2001,GW151226
1135132672,2002,GW151226
1135132672,2003,GW151226
1135132672,2004,GW151226
1135132672,2005,GW151226
1135132672,2006,GW151226
1135132672,2007,GW151226
1135132672,2008,GW151226
1135132672,2009,GW151226
1135132672,2010,GW151226
1135132672,2011,GW151226
1135132672,2012,GW151226
1135132672,2013,GW151226
1135132672,2014,GW151226
1135132672,2015,GW151226
1135132672,2016,GW151226
1135132672,2017,GW151226
1135132672,2018,GW151226
1135132672,2019,GW151226
1135132672,2020,GW151226
1135132672,2021,GW151226
1135132672,2022,GW151226
1135132672,2023,GW151226
1135132672,2024,GW151226
1135132672,2025,GW151226
1135132672,2026,GW151226
1135132672,2027,GW151226
1135132672,2028,GW151226
1135132672,2029,GW151226
1135132672,2030,GW151226
1135132672,2031,GW151226
1135132672,2032,GW151226
1135132672,2033,GW151226
1135132672,2034,GW151226
1135132672,2035,GW151226
1135132672,2036,GW151226
1135132672,2037,GW151226
1135132672,2038,GW151226
1135132672,2039,GW151226
1135132672,2040,GW151226
1135132672,2041,GW151226
1135132672,2042,GW151226
1135132672,2043,GW151226
1135132672,2044,GW151226
1135132672,2045,GW151226
1135132672,2046,GW151226
1135132672,2047,GW151226
1135132672,2048,GW151226
1135132672,2049,GW151226
1135132672,2050,GW151226
1135132672,2051,GW151226
1135132672,2052,GW151226
1135132672,2053,GW151226
1135132672,2054,GW151226
1135132672,2055,GW151226
1135132672,2056,GW151226
1135132672,2057,GW151226
1135132672,2058,GW151226
1135132672,2059,GW151226
1135132672,2060,GW151226
1135132672,2061,GW151226
1135132672,2062,GW151226
1135132672,2063,GW151226
1135132672,2064,GW151226
1135132672,2065,GW151226
1135132672,2066,GW151226
1135132672,2067,GW151226
1135132672,2068,GW151226
1135132672,2069,GW151226
1135132672,2070,GW151226
1135132672,2071,GW151226
1135132672,2072,GW151226
1135132672,2073,GW151226
1135132672,2074,GW151226
1135132672,2075,GW151226
1135132672,2076,GW151226
1135132672,2077,GW151226
1135132672,2078,GW151226
1135132672,2079,GW151226
1135132672,2080,GW151226
1135132672,2081,GW151226
1135132672,2082,GW151226
1135132672,2083,GW151226
1135132672,2084,GW151226
1135132672,2085,GW151226
1135132672,2086,GW151226
1135132672,2087,GW151226
1135132672,2088,GW151226
1135132672,2089,GW151226
1135132672,2090,GW151226
1135132672,2091,GW151226
1135132672,2092,GW151226
1135132672,2093,GW151226
1135132672,2094,GW151226
1135132672,2095,GW151226
1135132672,2096,GW151226
1135132672,2097,GW151226
1135132672,2098,GW151226
1135132672,2099,GW151226
1135132672,2100,GW151226
1135132672,2101,GW151226
1135132672,2102,GW151226
1135132672,2103,GW151226
1135132672,2104,GW151226
1135132672,2105,GW151226
1135132672,2106,GW151226
1135132672,2107,GW151226
1135132672,2108,GW151226
1135132672,2109,GW151226
1135132672,2110,GW151226
1135132672,2111,GW151226
1135132672,2112,GW151226
1135132672,2113,GW151226
1135132672,2114,GW151226
1135132672,2115,GW151226
1135132672,2116,GW151226
1135132672,2117,GW151226
1135132672,2118,GW151226
1135132672,2119,GW151226
1135132672,2120,GW151226
1135132672,2121,GW151226
1135132672,2122,GW151226
1135132672,2123,GW151226
1135132672,2124,GW151226
1135132672,2125,GW151226
1135132672,2126,GW151226
1135132672,2127,GW151226
1135132672,2128,GW151226
1135132672,2129,GW151226
1135132672,2130,GW151226
1135132672,2131,GW151226
1135132672,2132,GW151226
1135132672,2133,GW151226
1135132672,2134,GW151226
1135132672,2135,GW151226
1135132672,2136,GW151226
1135132672,2137,GW151226
1135132672,2138,GW151226
1135132672,2139,GW151226
1135132672,2140,GW151226
1135132672,2141,GW151226
1135132672,2142,GW151226
1135132672,2143,GW151226
1135132672,2144,GW151226
1135132672,2145,GW151226
1135132672,2146,GW151226
1135132672,2147,GW151226
1135132672,2148,GW151226
1135132672,2149,GW151226
1135132672,2150,GW151226
1135132672,2151,GW151226
1135132672,2152,GW151226
1135132672,2153,GW151226
1135132672,2154,GW151226
1135132672,2155,GW151226
1135132672,2156,GW151226
1135132672,2157,GW151226
1135132672,2158,GW151226
1135132672,2159,GW151226
1135132672,2160,GW151226
1135132672,2161,GW151226
1135132672,2162,GW151226
1135132672,2163,GW151226
1135132672,2164,GW151226
1135132672,2165,GW151226
1135132672,2166,GW151226
1135132672,2167,GW151226
1135132672,2168,GW151226
1135132672,2169,GW151226
1135132672,2170,GW151226
1135132672,2171,GW151226
1135132672,2172,GW151226
1135132672,2173,GW151226
1135132672,2174,GW151226
1135132672,2175,GW151226
1135132672,2176,GW151226
1135132672,2177,GW151226
1135132672,2178,GW151226
1135132672,2179,GW151226
1135132672,2180,GW151226
1135132672,2181,GW151226
1135132672,2182,GW151226
1135132672,2183,GW151226
1135132672,2184,GW151226
1135132672,2185,GW151226
1135132672,2186,GW151226
1135132672,2187,GW151226
1135132672,2188,GW151226
1135132672,2189,GW151226
1135132672,2190,GW151226
1135132672,2191,GW151226
1135132672,2192,GW151226
1135132672,2193,GW151226
1135132672,2194,GW151226
1135132672,2195,GW151226
1135132672,2196,GW151226
1135132672,2197,GW151226
1135132672,2198,GW151226
1135132672,2199,GW151226
1135132672,2200,GW151226
1135132672,2201,GW151226
1135132672,2202,GW151226
1135132672,2203,GW151226
1135132672,2204,GW151226
1135132672,2205,GW151226
1135132672,2206,GW151226
1135132672,2207,GW151226
1135132672,2208,GW151226
1135132672,2209,GW151226
1135132672,2210,GW151226
1135132672,2211,GW151226
1135132672,2212,GW151226
1135132672,2213,GW151226
1135132672,2214,GW151226
1135132672,2215,GW151226
1135132672,2216,GW151226
1135132672,2217,GW151226
1135132672,2218,GW151226
1135132672,2219,GW151226
1135132672,2220,GW151226
1135132672,2221,GW151226
1135132672,2222,GW151226
1135132672,2223,GW151226
1135132672,2224,GW151226
1135132672,2225,GW151226
1135132672,2226,GW151226
1135132672,2227,GW151226
1135132672,2228,GW151226
1135132672,2229,GW151226
1135132672,2230,GW151226
1135132672,2231,GW151226
1135132672,2232,GW151226
1135132672,2233,GW151226
1135132672,2234,GW151226
1135132672,2235,GW151226
1135132672,2236,GW151226
1135132672,2237,GW151226
1135132672,2238,GW151226
1135132672,2239,GW151226
1135132672,2240,GW151226
1135132672,2241,GW151226
1135132672,2242,GW151226
1135132672,2243,GW151226
1135132672,2244,GW151226
1135132672,2245,GW151226
1135132672,2246,GW151226
1135132672,2247,GW151226
1135132672,2248,GW151226
1135132672,2249,GW151226
1135132672,2250,GW151226
1135132672,2251,GW151226
1135132672,2252,GW151226
1135132672,2253,GW151226
1135132672,2254,GW151226
1135132672,2255,GW151226
1135132672,2256,GW151226
1135132672,2257,GW151226
1135132672,2258,GW151226
1135132672,2259,GW151226
1135132672,2260,GW151226
1135132672,2261,GW151226
1135132672,2262,GW151226
1135132672,2263,GW151226
1135132672,2264,GW151226
1135132672,2265,GW151226
1135132672,2266,GW151226
1135132672,2267,GW151226
1135132672,2268,GW151226
1135132672,2269,GW151226
1135132672,2270,GW151226
1135132672,2271,GW151226
1135132672,2272,GW151226
1135132672,2273,GW151226
1135132672,2274,GW151226
1135132672,2275,GW151226
1135132672,2276,GW151226
1135132672,2277,GW151226
1135132672,2278,GW151226
1135132672,2279,GW151226
1135132672,2280,GW151226
1135132672,2281,GW151226
1135132672,2282,GW151226
1135132672,2283,GW151226
1135132672,2284,GW151226
1135132672,2285,GW151226
1135132672,2286,GW151226
1135132672,2287,GW151226
1135132672,2288,GW151226
1135132672,2289,GW151226
1135132672,2290,GW151226
1135132672,2291,GW151226
1135132672,2292,GW151226
1135132672,2293,GW151226
1135132672,2294,GW151226
1135132672,2295,GW151226
1135132672,2296,GW151226
1135132672,2297,GW151226
1135132672,2298,GW151226
1135132672,2299,GW151226
1135132672,2300,GW151226
1135132672,2301,GW151226
1135132672,2302,GW151226
1135132672,2303,GW151226
1135132672,2304,GW151226
1135132672,2305,GW151226
1135132672,2306,GW151226
1135132672,2307,GW151226
1135132672,2308,GW151226
1135132672,2309,GW151226
1135132672,2310,GW151226
1135132672,2311,GW151226
1135132672,2312,GW151226
1135132672,2313,GW151226
1135132672,2314,GW151226
1135132672,2315,GW151226
1135132672,2316,GW151226
1135132672,2317,GW151226
1135132672,2318,GW151226
1135132672,2319,GW151226
1135132672,2320,GW151226
1135132672,2321,GW151226
1135132672,2322,GW151226
1135132672,2323,GW151226
1135132672,2324,GW151226
1135132672,2325,GW151226
1135132672,2326,GW151226
1135132672,2327,GW151226
1135132672,2328,GW151226
1135132672,2329,GW151226
1135132672,2330,GW151226
1135132672,2331,GW151226
1135132672,2332,GW151226
1135132672,2333,GW151226
1135132672,2334,GW151226
1135132672,2335,GW151226
1135132672,2336,GW151226
1135132672,2337,GW151226
1135132672,2338,GW151226
1135132672,2339,GW151226
1135132672,2340,GW151226
1135132672,2341,GW151226
1135132672,2342,GW151226
1135132672,2343,GW151226
1135132672,2344,GW151226
1135132672,2345,GW151226
1135132672,2346,GW151226
1135132672,2347,GW151226
1135132672,2348,GW151226
1135132672,2349,GW151226
1135132672,2350,GW151226
1135132672,2351,GW151226
1135132672,2352,GW151226
1135132672,2353,GW151226
1135132672,2354,GW151226
1135132672,2355,GW151226
1135132672,2356,GW151226
1135132672,2357,GW151226
1135132672,2358,GW151226
1135132672,2359,GW151226
1135132672,2360,GW151226
1135132672,2361,GW151226
1135132672,2362,GW151226
1135132672,2363,GW151226
1135132672,2364,GW151226
1135132672,2365,GW151226
1135132672,2366,GW151226
1135132672,2367,GW151226
1135132672,2368,GW151226
1135132672,2369,GW151226
1135132672,2370,GW151226
1135132672,2371,GW151226
1135132672,2372,GW151226
1135132672,2373,GW151226
1135132672,2374,GW151226
1135132672,2375,GW151226
1135132672,2376,GW151226
1135132672,2377,GW151226
1135132672,2378,GW151226
1135132672,2379,GW151226
1135132672,2380,GW151226
1135132672,2381,GW151226
1135132672,2382,GW151226
1135132672,2383,GW151226
1135132672,2384,GW151226
1135132672,2385,GW151226
1135132672,2386,GW151226
1135132672,2387,GW151226
1135132672,2388,GW151226
1135132672,2389,GW151226
1135132672,2390,GW151226
1135132672,2391,GW151226
1135132672,2392,GW151226
1135132672,2393,GW151226
1135132672,2394,GW151226
1135132672,2395,GW151226
1135132672,2396,GW151226
1135132672,2397,GW151226
1135132672,2398,GW151226
1135132672,2399,GW151226
1135132672,2400,GW151226
1135132672,2401,GW151226
1135132672,2402,GW151226
1135132672,2403,GW151226
1135132672,2404,GW151226
1135132672,2405,GW151226
1135132672,2406,GW151226
1135132672,2407,GW151226
1135132672,2408,GW151226
1135132672,2409,GW151226
1135132672,2410,GW151226
1135132672,2411,GW151226
1135132672,2412,GW151226
1135132672,2413,GW151226
1135132672,2414,GW151226
1135132672,2415,GW151226
1135132672,2416,GW151226
1135132672,2417,GW151226
1135132672,2418,GW151226
1135132672,2419,GW151226
1135132672,2420,GW151226
1135132672,2421,GW151226
1135132672,2422,GW151226
1135132672,2423,GW151226
1135132672,2424,GW151226
1135132672,2425,GW151226
1135132672,2426,GW151226
1135132672,2427,GW151226
1135132672,2428,GW151226
1135132672,2429,GW151226
1135132672,2430,GW151226
1135132672,2431,GW151226
1135132672,2432,GW151226
1135132672,2433,GW151226
1135132672,2434,GW151226
1135132672,2435,GW151226
1135132672,2436,GW151226
1135132672,2437,GW151226
1135132672,2438,GW151226
1135132672,2439,GW151226
1135132672,2440,GW151226
1135132672,2441,GW151226
1135132672,2442,GW151226
1135132672,2443,GW151226
1135132672,2444,GW151226
1135132672,2445,GW151226
1135132672,2446,GW151226
1135132672,2447,GW151226
1135132672,2448,GW151226
1135132672,2449,GW151226
1135132672,2450,GW151226
1135132672,2451,GW151226
1135132672,2452,GW151226
1135132672,2453,GW151226
1135132672,2454,GW151226
1135132672,2455,GW151226
1135132672,2456,GW151226
1135132672,2457,GW151226
1135132672,2458,GW151226
1135132672,2459,GW151226
1135132672,2460,GW151226
1135132672,2461,GW151226
1135132672,2462,GW151226
1135132672,2463,GW151226
1135132672,2464,GW151226
1135132672,2465,GW151226
1135132672,2466,GW151226
1135132672,2467,GW151226
1135132672,2468,GW151226
1135132672,2469,GW151226
1135132672,2470,GW151226
1135132672,2471,GW151226
1135132672,2472,GW151226
1135132672,2473,GW151226
1135132672,2474,GW151226
1135132672,2475,GW151226
1135132672,2476,GW151226
1135132672,2477,GW151226
1135132672,2478,GW151226
1135132672,2479,GW151226
1135132672,2480,GW151226
1135132672,2481,GW151226
1135132672,2482,GW151226
1135132672,2483,GW151226
1135132672,2484,GW151226
1135132672,2485,GW151226
1135132672,2486,GW151226
1135132672,2487,GW151226
1135132672,2488,GW151226
1135132672,2489,GW151226
1135132672,2490,GW151226
1135132672,2491,GW151226
1135132672,2492,GW151226
1135132672,2493,GW151226
1135132672,2494,GW151226
1135132672,2495,GW151226
1135132672,2496,GW151226
1135132672,2497,GW151226
1135132672,2498,GW151226
1135132672,2499,GW151226
1135132672,2500,GW151226
1135132672,2501,GW151226
1135132672,2502,GW151226
1135132672,2503,GW151226
1135132672,2504,GW151226
1135132672,2505,GW151226
1135132672,2506,GW151226
1135132672,2507,GW151226
1135132672,2508,GW151226
1135132672,2509,GW151226
1135132672,2510,GW151226
1135132672,2511,GW151226
1135132672,2512,GW151226
1135132672,2513,GW151226
1135132672,2514,GW151226
1135132672,2515,GW151226
1135132672,2516,GW151226
1135132672,2517,GW151226
1135132672,2518,GW151226
1135132672,2519,GW151226
1135132672,2520,GW151226
1135132672,2521,GW151226
1135132672,2522,GW151226
1135132672,2523,GW151226
1135132672,2524,GW151226
1135132672,2525,GW151226
1135132672,2526,GW151226
1135132672,2527,GW151226
1135132672,2528,GW151226
1135132672,2529,GW151226
1135132672,2530,GW151226
1135132672,2531,GW151226
1135132672,2532,GW151226
1135132672,2533,GW151226
1135132672,2534,GW151226
1135132672,2535,GW151226
1135132672,2536,GW151226
1135132672,2537,GW151226
1135132672,2538,GW151226
1135132672,2539,GW151226
1135132672,2540,GW151226
1135132672,2541,GW151226
1135132672,2542,GW151226
1135132672,2543,GW151226
1135132672,2544,GW151226
1135132672,2545,GW151226
1135132672,2546,GW151226
1135132672,2547,GW151226
1135132672,2548,GW151226
1135132672,2549,GW151226
1135132672,2550,GW151226
1135132672,2551,GW151226
1135132672,2552,GW151226
1135132672,2553,GW151226
1135132672,2554,GW151226
1135132672,2555,GW151226
1135132672,2556,GW151226
1135132672,2557,GW151226
1135132672,2558,GW151226
1135132672,2559,GW151226
1135132672,2560,GW151226
1135132672,2561,GW151226
1135132672,2562,GW151226
1135132672,2563,GW151226
1135132672,2564,GW151226
1135132672,2565,GW151226
1135132672,2566,GW151226
1135132672,2567,GW151226
1135132672,2568,GW151226
1135132672,2569,GW151226
1135132672,2570,GW151226
1135132672,2571,GW151226
1135132672,2572,GW151226
1135132672,2573,GW151226
1135132672,2574,GW151226
1135132672,2575,GW151226
1135132672,2576,GW151226
1135132672,2577,GW151226
1135132672,2578,GW151226
1135132672,2579,GW151226
1135132672,2580,GW151226
1135132672,2581,GW151226
1135132672,2582,GW151226
1135132672,2583,GW151226
1135132672,2584,GW151226
1135132672,2585,GW151226
1135132672,2586,GW151226
1135132672,2587,GW151226
1135132672,2588,GW151226
1135132672,2589,GW151226
1135132672,2590,GW151226
1135132672,2591,GW151226
1135132672,2592,GW151226
1135132672,2593,GW151226
1135132672,2594,GW151226
1135132672,2595,GW151226
1135132672,2596,GW151226
1135132672,2597,GW151226
1135132672,2598,GW151226
1135132672,2599,GW151226
1135132672,2600,GW151226
1135132672,2601,GW151226
1135132672,2602,GW151226
1135132672,2603,GW151226
1135132672,2604,GW151226
1135132672,2605,GW151226
1135132672,2606,GW151226
1135132672,2607,GW151226
1135132672,2608,GW151226
1135132672,2609,GW151226
1135132672,2610,GW151226
1135132672,2611,GW151226
1135132672,2612,GW151226
1135132672,2613,GW151226
1135132672,2614,GW151226
1135132672,2615,GW151226
1135132672,2616,GW151226
1135132672,2617,GW151226
1135132672,2618,GW151226
1135132672,2619,GW151226
1135132672,2620,GW151226
1135132672,2621,GW151226
1135132672,2622,GW151226
1135132672,2623,GW151226
1135132672,2624,GW151226
1135132672,2625,GW151226
1135132672,2626,GW151226
1135132672,2627,GW151226
1135132672,2628,GW151226
1135132672,2629,GW151226
1135132672,2630,GW151226
1135132672,2631,GW151226
1135132672,2632,GW151226
1135132672,2633,GW151226
1135132672,2634,GW151226
1135132672,2635,GW151226
1135132672,2636,GW151226
1135132672,2637,GW151226
1135132672,2638,GW151226
1135132672,2639,GW151226
1135132672,2640,GW151226
1135132672,2641,GW151226
1135132672,2642,GW151226
1135132672,2643,GW151226
1135132672,2644,GW151226
1135132672,2645,GW151226
1135132672,2646,GW151226
1135132672,2647,GW151226
1135132672,2648,GW151226
1135132672,2649,GW151226
1135132672,2650,GW151226
1135132672,2651,GW151226
1135132672,2652,GW151226
1135132672,2653,GW151226
1135132672,2654,GW151226
1135132672,2655,GW151226
1135132672,2656,GW151226
1135132672,2657,GW151226
1135132672,2658,GW151226
1135132672,2659,GW151226
1135132672,2660,GW151226
1135132672,2661,GW151226
1135132672,2662,GW151226
1135132672,2663,GW151226
1135132672,2664,GW151226
1135132672,2665,GW151226
1135132672,2666,GW151226
1135132672,2667,GW151226
1135132672,2668,GW151226
1135132672,2669,GW151226
1135132672,2670,GW151226
1135132672,2671,GW151226
1135132672,2672,GW151226
1135132672,2673,GW151226
1135132672,2674,GW151226
1135132672,2675,GW151226
1135132672,2676,GW151226
1135132672,2677,GW151226
1135132672,2678,GW151226
1135132672,2679,GW151226
1135132672,2680,GW151226
1135132672,2681,GW151226
1135132672,2682,GW151226
1135132672,2683,GW151226
1135132672,2684,GW151226
1135132672,2685,GW151226
1135132672,2686,GW151226
1135132672,2687,GW151226
1135132672,2688,GW151226
1135132672,2689,GW151226
1135132672,2690,GW151226
1135132672,2691,GW151226
1135132672,2692,GW151226
1135132672,2693,GW151226
1135132672,2694,GW151226
1135132672,2695,GW151226
1135132672,2696,GW151226
1135132672,2697,GW151226
1135132672,2698,GW151226
1135132672,2699,GW151226
1135132672,2700,GW151226
1135132672,2701,GW151226
1135132672,2702,GW151226
1135132672,2703,GW151226
1135132672,2704,GW151226
1135132672,2705,GW151226
1135132672,2706,GW151226
1135132672,2707,GW151226
1135132672,2708,GW151226
1135132672,2709,GW151226
1135132672,2710,GW151226
1135132672,2711,GW151226
1135132672,2712,GW151226
1135132672,2713,GW151226
1135132672,2714,GW151226
1135132672,2715,GW151226
1135132672,2716,GW151226
1135132672,2717,GW151226
1135132672,2718,GW151226
1135132672,2719,GW151226
1135132672,2720,GW151226
1135132672,2721,GW151226
1135132672,2722,GW151226
1135132672,2723,GW151226
1135132672,2724,GW151226
1135132672,2725,GW151226
1135132672,2726,GW151226
1135132672,2727,GW151226
1135132672,2728,GW151226
1135132672,2729,GW151226
1135132672,2730,GW151226
1135132672,2731,GW151226
1135132672,2732,GW151226
1135132672,2733,GW151226
1135132672,2734,GW151226
1135132672,2735,GW151226
1135132672,2736,GW151226
1135132672,2737,GW151226
1135132672,2738,GW151226
1135132672,2739,GW151226
1135132672,2740,GW151226
1135132672,2741,GW151226
1135132672,2742,GW151226
1135132672,2743,GW151226
1135132672,2744,GW151226
1135132672,2745,GW151226
1135132672,2746,GW151226
1135132672,2747,GW151226
1135132672,2748,GW151226
1135132672,2749,GW151226
1135132672,2750,GW151226
1135132672,2751,GW151226
1135132672,2752,GW151226
1135132672,2753,GW151226
1135132672,2754,GW151226
1135132672,2755,GW151226
1135132672,2756,GW151226
1135132672,2757,GW151226
1135132672,2758,GW151226
1135132672,2759,GW151226
1135132672,2760,GW151226
1135132672,2761,GW151226
1135132672,2762,GW151226
1135132672,2763,GW151226
1135132672,2764,GW151226
1135132672,2765,GW151226
1135132672,2766,GW151226
1135132672,2767,GW151226
1135132672,2768,GW151226
1135132672,2769,GW151226
1135132672,2770,GW151226
1135132672,2771,GW151226
1135132672,2772,GW151226
1135132672,2773,GW151226
1135132672,2774,GW151226
1135132672,2775,GW151226
1135132672,2776,GW151226
1135132672,2777,GW151226
1135132672,2778,GW151226
1135132672,2779,GW151226
1135132672,2780,GW151226
1135132672,2781,GW151226
1135132672,2782,GW151226
1135132672,2783,GW151226
1135132672,2784,GW151226
1135132672,2785,GW151226
1135132672,2786,GW151226
1135132672,2787,GW151226
1135132672,2788,GW151226
1135132672,2789,GW151226
1135132672,2790,GW151226
1135132672,2791,GW151226
1135132672,2792,GW151226
1135132672,2793,GW151226
1135132672,2794,GW151226
1135132672,2795,GW151226
1135132672,2796,GW151226
1135132672,2797,GW151226
1135132672,2798,GW151226
1135132672,2799,GW151226
1135132672,2800,GW151226
1135132672,2801,GW151226
1135132672,2802,GW151226
1135132672,2803,GW151226
1135132672,2804,GW151226
1135132672,2805,GW151226
1135132672,2806,GW151226
1135132672,2807,GW151226
1135132672,2808,GW151226
1135132672,2809,GW151226
1135132672,2810,GW151226
1135132672,2811,GW151226
1135132672,2812,GW151226
1135132672,2813,GW151226
1135132672,2814,GW151226
1135132672,2815,GW151226
1135132672,2816,GW151226
1135132672,2817,GW151226
1135132672,2818,GW151226
1135132672,2819,GW151226
1135132672,2820,GW151226
1135132672,2821,GW151226
1135132672,2822,GW151226
1135132672,2823,GW151226
1135132672,2824,GW151226
1135132672,2825,GW151226
1135132672,2826,GW151226
1135132672,2827,GW151226
1135132672,2828,GW151226
1135132672,2829,GW151226
1135132672,2830,GW151226
1135132672,2831,GW151226
1135132672,2832,GW151226
1135132672,2833,GW151226
1135132672,2834,GW151226
1135132672,2835,GW151226
1135132672,2836,GW151226
1135132672,2837,GW151226
1135132672,2838,GW151226
1135132672,2839,GW151226
1135132672,2840,GW151226
1135132672,2841,GW151226
1135132672,2842,GW151226
1135132672,2843,GW151226
1135132672,2844,GW151226
1135132672,2845,GW151226
1135132672,2846,GW151226
1135132672,2847,GW151226
1135132672,2848,GW151226
1135132672,2849,GW151226
1135132672,2850,GW151226
1135132672,2851,GW151226
1135132672,2852,GW151226
1135132672,2853,GW151226
1135132672,2854,GW151226
1135132672,2855,GW151226
1135132672,2856,GW151226
1135132672,2857,GW151226
1135132672,2858,GW151226
1135132672,2859,GW151226
1135132672,2860,GW151226
1135132672,2861,GW151226
1135132672,2862,GW151226
1135132672,2863,GW151226
1135132672,2864,GW151226
1135132672,2865,GW151226
1135132672,2866,GW151226
1135132672,2867,GW151226
1135132672,2868,GW151226
1135132672,2869,GW151226
1135132672,2870,GW151226
1135132672,2871,GW151226
1135132672,2872,GW151226
1135132672,2873,GW151226
1135132672,2874,GW151226
1135132672,2875,GW151226
1135132672,2876,GW151226
1135132672,2877,GW151226
1135132672,2878,GW151226
1135132672,2879,GW151226
1135132672,2880,GW151226
1135132672,2881,GW151226
1135132672,2882,GW151226
1135132672,2883,GW151226
1135132672,2884,GW151226
1135132672,2885,GW151226
1135132672,2886,GW151226
1135132672,2887,GW151226
1135132672,2888,GW151226
1135132672,2889,GW151226
1135132672,2890,GW151226
1135132672,2891,GW151226
1135132672,2892,GW151226
1135132672,2893,GW151226
1135132672,2894,GW151226
1135132672,2895,GW151226
1135132672,2896,GW151226
1135132672,2897,GW151226
1135132672,2898,GW151226
1135132672,2899,GW151226
1135132672,2900,GW151226
1135132672,2901,GW151226
1135132672,2902,GW151226
1135132672,2903,GW151226
1135132672,2904,GW151226
1135132672,2905,GW151226
1135132672,2906,GW151226
1135132672,2907,GW151226
1135132672,2908,GW151226
1135132672,2909,GW151226
1135132672,2910,GW151226
1135132672,2911,GW151226
1135132672,2912,GW151226
1135132672,2913,GW151226
1135132672,2914,GW151226
1135132672,2915,GW151226
1135132672,2916,GW151226
1135132672,2917,GW151226
1135132672,2918,GW151226
1135132672,2919,GW151226
1135132672,2920,GW151226
1135132672,2921,GW151226
1135132672,2922,GW151226
1135132672,2923,GW151226
1135132672,2924,GW151226
1135132672,2925,GW151226
1135132672,2926,GW151226
1135132672,2927,GW151226
1135132672,2928,GW151226
1135132672,2929,GW151226
1135132672,2930,GW151226
1135132672,2931,GW151226
1135132672,2932,GW151226
1135132672,2933,GW151226
1135132672,2934,GW151226
1135132672,2935,GW151226
1135132672,2936,GW151226
1135132672,2937,GW151226
1135132672,2938,GW151226
1135132672,2939,GW151226
1135132672,2940,GW151226
1135132672,2941,GW151226
1135132672,2942,GW151226
1135132672,2943,GW151226
1135132672,2944,GW151226
1135132672,2945,GW151226
1135132672,2946,GW151226
1135132672,2947,GW151226
1135132672,2948,GW151226
1135132672,2949,GW151226
1135132672,2950,GW151226
1135132672,2951,GW151226
1135132672,2952,GW151226
1135132672,2953,GW151226
1135132672,2954,GW151226
1135132672,2955,GW151226
1135132672,2956,GW151226
1135132672,2957,GW151226
1135132672,2958,GW151226
1135132672,2959,GW151226
1135132672,2960,GW151226
1135132672,2961,GW151226
1135132672,2962,GW151226
1135132672,2963,GW151226
1135132672,2964,GW151226
1135132672,2965,GW151226
1135132672,2966,GW151226
1135132672,2967,GW151226
1135132672,2968,GW151226
1135132672,2969,GW151226
1135132672,2970,GW151226
1135132672,2971,GW151226
1135132672,2972,GW151226
1135132672,2973,GW151226
1135132672,2974,GW151226
1135132672,2975,GW151226
1135132672,2976,GW151226
1135132672,2977,GW151226
1135132672,2978,GW151226
1135132672,2979,GW151226
1135132672,2980,GW151226
1135132672,2981,GW151226
1135132672,2982,GW151226
1135132672,2983,GW151226
1135132672,2984,GW151226
1135132672,2985,GW151226
1135132672,2986,GW151226
1135132672,2987,GW151226
1135132672,2988,GW151226
1135132672,2989,GW151226
1135132672,2990,GW151226
1135132672,2991,GW151226
1135132672,2992,GW151226
1135132672,2993,GW151226
1135132672,2994,GW151226
1135132672,2995,GW151226
1135132672,2996,GW151226
1135132672,2997,GW151226
1135132672,2998,GW151226
1135132672,2999,GW151226
1135132672,3000,GW151226
1135132672,3001,GW151226
1135132672,3002,GW151226
1135132672,3003,GW151226
1135132672,3004,GW151226
1135132672,3005,GW151226
1135132672,3006,GW151226
1135132672,3007,GW151226
1135132672,3008,GW151226
1135132672,3009,GW151226
1135132672,3010,GW151226
1135132672,3011,GW151226
1135132672,3012,GW151226
1135132672,3013,GW151226
1135132672,3014,GW151226
1135132672,3015,GW151226
1135132672,3016,GW151226
1135132672,3017,GW151226
1135132672,3018,GW151226
1135132672,3019,GW151226
1135132672,3020,GW151226
1135132672,3021,GW151226
1135132672,3022,GW151226
1135132672,3023,GW151226
1135132672,3024,GW151226
1135132672,3025,GW151226
1135132672,3026,GW151226
1135132672,3027,GW151226
1135132672,3028,GW151226
1135132672,3029,GW151226
1135132672,3030,GW151226
1135132672,3031,GW151226
1135132672,3032,GW151226
1135132672,3033,GW151226
1135132672,3034,GW151226
1135132672,3035,GW151226
1135132672,3036,GW151226
1135132672,3037,GW151226
1135132672,3038,GW151226
1135132672,3039,GW151226
1135132672,3040,GW151226
1135132672,3041,GW151226
1135132672,3042,GW151226
1135132672,3043,GW151226
1135132672,3044,GW151226
1135132672,3045,GW151226
1135132672,3046,GW151226
1135132672,3047,GW151226
1135132672,3048,GW151226
1135132672,3049,GW151226
1135132672,3050,GW151226
1135132672,3051,GW151226
1135132672,3052,GW151226
1135132672,3053,GW151226
1135132672,3054,GW151226
1135132672,3055,GW151226
1135132672,3056,GW151226
1135132672,3057,GW151226
1135132672,3058,GW151226
1135132672,3059,GW151226
1135132672,3060,GW151226
1135132672,3061,GW151226
1135132672,3062,GW151226
1135132672,3063,GW151226
1135132672,3064,GW151226
1135132672,3065,GW151226
1135132672,3066,GW151226
1135132672,3067,GW151226
1135132672,3068,GW151226
1135132672,3069,GW151226
1135132672,3070,GW151226
1135132672,3071,GW151226
1135132672,3072,GW151226
1135132672,3073,GW151226
1135132672,3074,GW151226
1135132672,3075,GW151226
1135132672,3076,GW151226
1135132672,3077,GW151226
1135132672,3078,GW151226
1135132672,3079,GW151226
1135132672,3080,GW151226
1135132672,3081,GW151226
1135132672,3082,GW151226
1135132672,3083,GW151226
1135132672,3084,GW151226
1135132672,3085,GW151226
1135132672,3086,GW151226
1135132672,3087,GW151226
1135132672,3088,GW151226
1135132672,3089,GW151226
1135132672,3090,GW151226
1135132672,3091,GW151226
1135132672,3092,GW151226
1135132672,3093,GW151226
1135132672,3094,GW151226
1135132672,3095,GW151226
1135132672,3096,GW151226
1135132672,3097,GW151226
1135132672,3098,GW151226
1135132672,3099,GW151226
1135132672,3100,GW151226
1135132672,3101,GW151226
1135132672,3102,GW151226
1135132672,3103,GW151226
1135132672,3104,GW151226
1135132672,3105,GW151226
1135132672,3106,GW151226
1135132672,3107,GW151226
1135132672,3108,GW151226
1135132672,3109,GW151226
1135132672,3110,GW151226
1135132672,3111,GW151226
1135132672,3112,GW151226
1135132672,3113,GW151226
1135132672,3114,GW151226
1135132672,3115,GW151226
1135132672,3116,GW151226
1135132672,3117,GW151226
1135132672,3118,GW151226
1135132672,3119,GW151226
1135132672,3120,GW151226
1135132672,3121,GW151226
1135132672,3122,GW151226
1135132672,3123,GW151226
1135132672,3124,GW151226
1135132672,3125,GW151226
1135132672,3126,GW151226
1135132672,3127,GW151226
1135132672,3128,GW151226
1135132672,3129,GW151226
1135132672,3130,GW151226
1135132672,3131,GW151226
1135132672,3132,GW151226
1135132672,3133,GW151226
1135132672,3134,GW151226
1135132672,3135,GW151226
1135132672,3136,GW151226
1135132672,3137,GW151226
1135132672,3138,GW151226
1135132672,3139,GW151226
1135132672,3140,GW151226
1135132672,3141,GW151226
1135132672,3142,GW151226
1135132672,3143,GW151226
1135132672,3144,GW151226
1135132672,3145,GW151226
1135132672,3146,GW151226
1135132672,3147,GW151226
1135132672,3148,GW151226
1135132672,3149,GW151226
1135132672,3150,GW151226
1135132672,3151,GW151226
1135132672,3152,GW151226
1135132672,3153,GW151226
1135132672,3154,GW151226
1135132672,3155,GW151226
1135132672,3156,GW151226
1135132672,3157,GW151226
1135132672,3158,GW151226
1135132672,3159,GW151226
1135132672,3160,GW151226
1135132672,3161,GW151226
1135132672,3162,GW151226
1135132672,3163,GW151226
1135132672,3164,GW151226
1135132672,3165,GW151226
1135132672,3166,GW151226
1135132672,3167,GW151226
1135132672,3168,GW151226
1135132672,3169,GW151226
1135132672,3170,GW151226
1135132672,3171,GW151226
1135132672,3172,GW151226
1135132672,3173,GW151226
1135132672,3174,GW151226
1135132672,3175,GW151226
1135132672,3176,GW151226
1135132672,3177,GW151226
1135132672,3178,GW151226
1135132672,3179,GW151226
1135132672,3180,GW151226
1135132672,3181,GW151226
1135132672,3182,GW151226
1135132672,3183,GW151226
1135132672,3184,GW151226
1135132672,3185,GW151226
1135132672,3186,GW151226
1135132672,3187,GW151226
1135132672,3188,GW151226
1135132672,3189,GW151226
1135132672,3190,GW151226
1135132672,3191,GW151226
1135132672,3192,GW151226
1135132672,3193,GW151226
1135132672,3194,GW151226
1135132672,3195,GW151226
1135132672,3196,GW151226
1135132672,3197,GW151226
1135132672,3198,GW151226
1135132672,3199,GW151226
1135132672,3200,GW151226
1135132672,3201,GW151226
1135132672,3202,GW151226
1135132672,3203,GW151226
1135132672,3204,GW151226
1135132672,3205,GW151226
1135132672,3206,GW151226
1135132672,3207,GW151226
1135132672,3208,GW151226
1135132672,3209,GW151226
1135132672,3210,GW151226
1135132672,3211,GW151226
1135132672,3212,GW151226
1135132672,3213,GW151226
1135132672,3214,GW151226
1135132672,3215,GW151226
1135132672,3216,GW151226
1135132672,3217,GW151226
1135132672,3218,GW151226
1135132672,3219,GW151226
1135132672,3220,GW151226
1135132672,3221,GW151226
1135132672,3222,GW151226
1135132672,3223,GW151226
1135132672,3224,GW151226
1135132672,3225,GW151226
1135132672,3226,GW151226
1135132672,3227,GW151226
1135132672,3228,GW151226
1135132672,3229,GW151226
1135132672,3230,GW151226
1135132672,3231,GW151226
1135132672,3232,GW151226
1135132672,3233,GW151226
1135132672,3234,GW151226
1135132672,3235,GW151226
1135132672,3236,GW151226
1135132672,3237,GW151226
1135132672,3238,GW151226
1135132672,3239,GW151226
1135132672,3240,GW151226
1135132672,3241,GW151226
1135132672,3242,GW151226
1135132672,3243,GW151226
1135132672,3244,GW151226
1135132672,3245,GW151226
1135132672,3246,GW151226
1135132672,3247,GW151226
1135132672,3248,GW151226
1135132672,3249,GW151226
1135132672,3250,GW151226
1135132672,3251,GW151226
1135132672,3252,GW151226
1135132672,3253,GW151226
1135132672,3254,GW151226
1135132672,3255,GW151226
1135132672,3256,GW151226
1135132672,3257,GW151226
1135132672,3258,GW151226
1135132672,3259,GW151226
1135132672,3260,GW151226
1135132672,3261,GW151226
1135132672,3262,GW151226
1135132672,3263,GW151226
1135132672,3264,GW151226
1135132672,3265,GW151226
1135132672,3266,GW151226
1135132672,3267,GW151226
1135132672,3268,GW151226
1135132672,3269,GW151226
1135132672,3270,GW151226
1135132672,3271,GW151226
1135132672,3272,GW151226
1135132672,3273,GW151226
1135132672,3274,GW151226
1135132672,3275,GW151226
1135132672,3276,GW151226
1135132672,3277,GW151226
1135132672,3278,GW151226
1135132672,3279,GW151226
1135132672,3280,GW151226
1135132672,3281,GW151226
1135132672,3282,GW151226
1135132672,3283,GW151226
1135132672,3284,GW151226
1135132672,3285,GW151226
1135132672,3286,GW151226
1135132672,3287,GW151226
1135132672,3288,GW151226
1135132672,3289,GW151226
1135132672,3290,GW151226
1135132672,3291,GW151226
1135132672,3292,GW151226
1135132672,3293,GW151226
1135132672,3294,GW151226
1135132672,3295,GW151226
1135132672,3296,GW151226
1135132672,3297,GW151226
1135132672,3298,GW151226
1135132672,3299,GW151226
1135132672,3300,GW151226
1135132672,3301,GW151226
1135132672,3302,GW151226
1135132672,3303,GW151226
1135132672,3304,GW151226
1135132672,3305,GW151226
1135132672,3306,GW151226
1135132672,3307,GW151226
1135132672,3308,GW151226
1135132672,3309,GW151226
1135132672,3310,GW151226
1135132672,3311,GW151226
1135132672,3312,GW151226
1135132672,3313,GW151226
1135132672,3314,GW151226
1135132672,3315,GW151226
1135132672,3316,GW151226
1135132672,3317,GW151226
1135132672,3318,GW151226
1135132672,3319,GW151226
1135132672,3320,GW151226
1135132672,3321,GW151226
1135132672,3322,GW151226
1135132672,3323,GW151226
1135132672,3324,GW151226
1135132672,3325,GW151226
1135132672,3326,GW151226
1135132672,3327,GW151226
1135132672,3328,GW151226
1135132672,3329,GW151226
1135132672,3330,GW151226
1135132672,3331,GW151226
1135132672,3332,GW151226
1135132672,3333,GW151226
1135132672,3334,GW151226
1135132672,3335,GW151226
1135132672,3336,GW151226
1135132672,3337,GW151226
1135132672,3338,GW151226
1135132672,3339,GW151226
1135132672,3340,GW151226
1135132672,3341,GW151226
1135132672,3342,GW151226
1135132672,3343,GW151226
1135132672,3344,GW151226
1135132672,3345,GW151226
1135132672,3346,GW151226
1135132672,3347,GW151226
1135132672,3348,GW151226
1135132672,3349,GW151226
1135132672,3350,GW151226
1135132672,3351,GW151226
1135132672,3352,GW151226
1135132672,3353,GW151226
1135132672,3354,GW151226
1135132672,3355,GW151226
1135132672,3356,GW151226
1135132672,3357,GW151226
1135132672,3358,GW151226
1135132672,3359,GW151226
1135132672,3360,GW151226
1135132672,3361,GW151226
1135132672,3362,GW151226
1135132672,3363,GW151226
1135132672,3364,GW151226
1135132672,3365,GW151226
1135132672,3366,GW151226
1135132672,3367,GW151226
1135132672,3368,GW151226
1135132672,3369,GW151226
1135132672,3370,GW151226
1135132672,3371,GW151226
1135132672,3372,GW151226
1135132672,3373,GW151226
1135132672,3374,GW151226
1135132672,3375,GW151226
1135132672,3376,GW151226
1135132672,3377,GW151226
1135132672,3378,GW151226
1135132672,3379,GW151226
1135132672,3380,GW151226
1135132672,3381,GW151226
1135132672,3382,GW151226
1135132672,3383,GW151226
1135132672,3384,GW151226
1135132672,3385,GW151226
1135132672,3386,GW151226
1135132672,3387,GW151226
1135132672,3388,GW151226
1135132672,3389,GW151226
1135132672,3390,GW151226
1135132672,3391,GW151226
1135132672,3392,GW151226
1135132672,3393,GW151226
1135132672,3394,GW151226
1135132672,3395,GW151226
1135132672,3396,GW151226
1135132672,3397,GW151226
1135132672,3398,GW151226
1135132672,3399,GW151226
1135132672,3400,GW151226
1135132672,3401,GW151226
1135132672,3402,GW151226
1135132672,3403,GW151226
1135132672,3404,GW151226
1135132672,3405,GW151226
1135132672,3406,GW151226
1135132672,3407,GW151226
1135132672,3408,GW151226
1135132672,3409,GW151226
1135132672,3410,GW151226
1135132672,3411,GW151226
1135132672,3412,GW151226
1135132672,3413,GW151226
1135132672,3414,GW151226
1135132672,3415,GW151226
1135132672,3416,GW151226
1135132672,3417,GW151226
1135132672,3418,GW151226
1135132672,3419,GW151226
1135132672,3420,GW151226
1135132672,3421,GW151226
1135132672,3422,GW151226
1135132672,3423,GW151226
1135132672,3424,GW151226
1135132672,3425,GW151226
1135132672,3426,GW151226
1135132672,3427,GW151226
1135132672,3428,GW151226
1135132672,3429,GW151226
1135132672,3430,GW151226
1135132672,3431,GW151226
1135132672,3432,GW151226
1135132672,3433,GW151226
1135132672,3434,GW151226
1135132672,3435,GW151226
1135132672,3436,GW151226
1135132672,3437,GW151226
1135132672,3438,GW151226
1135132672,3439,GW151226
1135132672,3440,GW151226
1135132672,3441,GW151226
1135132672,3442,GW151226
1135132672,3443,GW151226
1135132672,3444,GW151226
1135132672,3445,GW151226
1135132672,3446,GW151226
1135132672,3447,GW151226
1135132672,3448,GW151226
1135132672,3449,GW151226
1135132672,3450,GW151226
1135132672,3451,GW151226
1135132672,3452,GW151226
1135132672,3453,GW151226
1135132672,3454,GW151226
1135132672,3455,GW151226
1135132672,3456,GW151226
1135132672,3457,GW151226
1135132672,3458,GW151226
1135132672,3459,GW151226
1135132672,3460,GW151226
1135132672,3461,GW151226
1135132672,3462,GW151226
1135132672,3463,GW151226
1135132672,3464,GW151226
1135132672,3465,GW151226
1135132672,3466,GW151226
1135132672,3467,GW151226
1135132672,3468,GW151226
1135132672,3469,GW151226
1135132672,3470,GW151226
1135132672,3471,GW151226
1135132672,3472,GW151226
1135132672,3473,GW151226
1135132672,3474,GW151226
1135132672,3475,GW151226
1135132672,3476,GW151226
1135132672,3477,GW151226
1135132672,3478,GW151226
1135132672,3479,GW151226
1135132672,3480,GW151226
1135132672,3481,GW151226
1135132672,3482,GW151226
1135132672,3483,GW151226
1135132672,3484,GW151226
1135132672,3485,GW151226
1135132672,3486,GW151226
1135132672,3487,GW151226
1135132672,3488,GW151226
1135132672,3489,GW151226
1135132672,3490,GW151226
1135132672,3491,GW151226
1135132672,3492,GW151226
1135132672,3493,GW151226
1135132672,3494,GW151226
1135132672,3495,GW151226
1135132672,3496,GW151226
1135132672,3497,GW151226
1135132672,3498,GW151226
1135132672,3499,GW151226
1135132672,3500,GW151226
1135132672,3501,GW151226
1135132672,3502,GW151226
1135132672,3503,GW151226
1135132672,3504,GW151226
1135132672,3505,GW151226
1135132672,3506,GW151226
1135132672,3507,GW151226
1135132672,3508,GW151226
1135132672,3509,GW151226
1135132672,3510,GW151226
1135132672,3511,GW151226
1135132672,3512,GW151226
1135132672,3513,GW151226
1135132672,3514,GW151226
1135132672,3515,GW151226
1135132672,3516,GW151226
1135132672,3517,GW151226
1135132672,3518,GW151226
1135132672,3519,GW151226
1135132672,3520,GW151226
1135132672,3521,GW151226
1135132672,3522,GW151226
1135132672,3523,GW151226
1135132672,3524,GW151226
1135132672,3525,GW151226
1135132672,3526,GW151226
1135132672,3527,GW151226
1135132672,3528,GW151226
1135132672,3529,GW151226
1135132672,3530,GW151226
1135132672,3531,GW151226
1135132672,3532,GW151226
1135132672,3533,GW151226
1135132672,3534,GW151226
1135132672,3535,GW151226
1135132672,3536,GW151226
1135132672,3537,GW151226
1135132672,3538,GW151226
1135132672,3539,GW151226
1135132672,3540,GW151226
1135132672,3541,GW151226
1135132672,3542,GW151226
1135132672,3543,GW151226
1135132672,3544,GW151226
1135132672,3545,GW151226
1135132672,3546,GW151226
1135132672,3547,GW151226
1135132672,3548,GW151226
1135132672,3549,GW151226
1135132672,3550,GW151226
1135132672,3551,GW151226
1135132672,3552,GW151226
1135132672,3553,GW151226
1135132672,3554,GW151226
1135132672,3555,GW151226
1135132672,3556,GW151226
1135132672,3557,GW151226
1135132672,3558,GW151226
1135132672,3559,GW151226
1135132672,3560,GW151226
1135132672,3561,GW151226
1135132672,3562,GW151226
1135132672,3563,GW151226
1135132672,3564,GW151226
1135132672,3565,GW151226
1135132672,3566,GW151226
1135132672,3567,GW151226
1135132672,3568,GW151226
1135132672,3569,GW151226
1135132672,3570,GW151226
1135132672,3571,GW151226
1135132672,3572,GW151226
1135132672,3573,GW151226
1135132672,3574,GW151226
1135132672,3575,GW151226
1135132672,3576,GW151226
1135132672,3577,GW151226
1135132672,3578,GW151226
1135132672,3579,GW151226
1135132672,3580,GW151226
1135132672,3581,GW151226
1135132672,3582,GW151226
1135132672,3583,GW151226
1135132672,3584,GW151226
1135132672,3585,GW151226
1135132672,3586,GW151226
1135132672,3587,GW151226
1135132672,3588,GW151226
1135132672,3589,GW151226
1135132672,3590,GW151226
1135132672,3591,GW151226
1135132672,3592,GW151226
1135132672,3593,GW151226
1135132672,3594,GW151226
1135132672,3595,GW151226
1135132672,3596,GW151226
1135132672,3597,GW151226
1135132672,3598,GW151226
1135132672,3599,GW151226
1135132672,3600,GW151226
1135132672,3601,GW151226
1135132672,3602,GW151226
1135132672,3603,GW151226
1135132672,3604,GW151226
1135132672,3605,GW151226
1135132672,3606,GW151226
1135132672,3607,GW151226
1135132672,3608,GW151226
1135132672,3609,GW151226
1135132672,3610,GW151226
1135132672,3611,GW151226
1135132672,3612,GW151226
1135132672,3613,GW151226
1135132672,3614,GW151226
1135132672,3615,GW151226
1135132672,3616,GW151226
1135132672,3617,GW151226
1135132672,3618,GW151226
1135132672,3619,GW151226
1135132672,3620,GW151226
1135132672,3621,GW151226
1135132672,3622,GW151226
1135132672,3623,GW151226
1135132672,3624,GW151226
1135132672,3625,GW151226
1135132672,3626,GW151226
1135132672,3627,GW151226
1135132672,3628,GW151226
1135132672,3629,GW151226
1135132672,3630,GW151226
1135132672,3631,GW151226
1135132672,3632,GW151226
1135132672,3633,GW151226
1135132672,3634,GW151226
1135132672,3635,GW151226
1135132672,3636,GW151226
1135132672,3637,GW151226
1135132672,3638,GW151226
1135132672,3639,GW151226
1135132672,3640,GW151226
1135132672,3641,GW151226
1135132672,3642,GW151226
1135132672,3643,GW151226
1135132672,3644,GW151226
1135132672,3645,GW151226
1135132672,3646,GW151226
1135132672,3647,GW151226
1135132672,3648,GW151226
1135132672,3649,GW151226
1135132672,3650,GW151226
1135132672,3651,GW151226
1135132672,3652,GW151226
1135132672,3653,GW151226
1135132672,3654,GW151226
1135132672,3655,GW151226
1135132672,3656,GW151226
1135132672,3657,GW151226
1135132672,3658,GW151226
1135132672,3659,GW151226
1135132672,3660,GW151226
1135132672,3661,GW151226
1135132672,3662,GW151226
1135132672,3663,GW151226
1135132672,3664,GW151226
1135132672,3665,GW151226
1135132672,3666,GW151226
1135132672,3667,GW151226
1135132672,3668,GW151226
1135132672,3669,GW151226
1135132672,3670,GW151226
1135132672,3671,GW151226
1135132672,3672,GW151226
1135132672,3673,GW151226
1135132672,3674,GW151226
1135132672,3675,GW151226
1135132672,3676,GW151226
1135132672,3677,GW151226
1135132672,3678,GW151226
1135132672,3679,GW151226
1135132672,3680,GW151226
1135132672,3681,GW151226
1135132672,3682,GW151226
1135132672,3683,GW151226
1135132672,3684,GW151226
1135132672,3685,GW151226
1135132672,3686,GW151226
1135132672,3687,GW151226
1135132672,3688,GW151226
1135132672,3689,GW151226
1135132672,3690,GW151226
1135132672,3691,GW151226
1135132672,3692,GW151226
1135132672,3693,GW151226
1135132672,3694,GW151226
1135132672,3695,GW151226
1135132672,3696,GW151226
1135132672,3697,GW151226
1135132672,3698,GW151226
1135132672,3699,GW151226
1135132672,3700,GW151226
1135132672,3701,GW151226
1135132672,3702,GW151226
1135132672,3703,GW151226
1135132672,3704,GW151226
1135132672,3705,GW151226
1135132672,3706,GW151226
1135132672,3707,GW151226
1135132672,3708,GW151226
1135132672,3709,GW151226
1135132672,3710,GW151226
1135132672,3711,GW151226
1135132672,3712,GW151226
1135132672,3713,GW151226
1135132672,3714,GW151226
1135132672,3715,GW151226
1135132672,3716,GW151226
1135132672,3717,GW151226
1135132672,3718,GW151226
1135132672,3719,GW151226
1135132672,3720,GW151226
1135132672,3721,GW151226
1135132672,3722,GW151226
1135132672,3723,GW151226
1135132672,3724,GW151226
1135132672,3725,GW151226
1135132672,3726,GW151226
1135132672,3727,GW151226
1135132672,3728,GW151226
1135132672,3729,GW151226
1135132672,3730,GW151226
1135132672,3731,GW151226
1135132672,3732,GW151226
1135132672,3733,GW151226
1135132672,3734,GW151226
1135132672,3735,GW151226
1135132672,3736,GW151226
1135132672,3737,GW151226
1135132672,3738,GW151226
1135132672,3739,GW151226
1135132672,3740,GW151226
1135132672,3741,GW151226
1135132672,3742,GW151226
1135132672,3743,GW151226
1135132672,3744,GW151226
1135132672,3745,GW151226
1135132672,3746,GW151226
1135132672,3747,GW151226
1135132672,3748,GW151226
1135132672,3749,GW151226
1135132672,3750,GW151226
1135132672,3751,GW151226
1135132672,3752,GW151226
1135132672,3753,GW151226
1135132672,3754,GW151226
1135132672,3755,GW151226
1135132672,3756,GW151226
1135132672,3757,GW151226
1135132672,3758,GW151226
1135132672,3759,GW151226
1135132672,3760,GW151226
1135132672,3761,GW151226
1135132672,3762,GW151226
1135132672,3763,GW151226
1135132672,3764,GW151226
1135132672,3765,GW151226
1135132672,3766,GW151226
1135132672,3767,GW151226
1135132672,3768,GW151226
1135132672,3769,GW151226
1135132672,3770,GW151226
1135132672,3771,GW151226
1135132672,3772,GW151226
1135132672,3773,GW151226
1135132672,3774,GW151226
1135132672,3775,GW151226
1135132672,3776,GW151226
1135132672,3777,GW151226
1135132672,3778,GW151226
1135132672,3779,GW151226
1135132672,3780,GW151226
1135132672,3781,GW151226
1135132672,3782,GW151226
1135132672,3783,GW151226
1135132672,3784,GW151226
1135132672,3785,GW151226
1135132672,3786,GW151226
1135132672,3787,GW151226
1135132672,3788,GW151226
1135132672,3789,GW151226
1135132672,3790,GW151226
1135132672,3791,GW151226
1135132672,3792,GW151226
1135132672,3793,GW151226
1135132672,3794,GW151226
1135132672,3795,GW151226
1135132672,3796,GW151226
1135132672,3797,GW151226
1135132672,3798,GW151226
1135132672,3799,GW151226
1135132672,3800,GW151226
1135132672,3801,GW151226
1135132672,3802,GW151226
1135132672,3803,GW151226
1135132672,3804,GW151226
1135132672,3805,GW151226
1135132672,3806,GW151226
1135132672,3807,GW151226
1135132672,3808,GW151226
1135132672,3809,GW151226
1135132672,3810,GW151226
1135132672,3811,GW151226
1135132672,3812,GW151226
1135132672,3813,GW151226
1135132672,3814,GW151226
1135132672,3815,GW151226
1135132672,3816,GW151226
1135132672,3817,GW151226
1135132672,3818,GW151226
1135132672,3819,GW151226
1135132672,3820,GW151226
1135132672,3821,GW151226
1135132672,3822,GW151226
1135132672,3823,GW151226
1135132672,3824,GW151226
1135132672,3825,GW151226
1135132672,3826,GW151226
1135132672,3827,GW151226
1135132672,3828,GW151226
1135132672,3829,GW151226
1135132672,3830,GW151226
1135132672,3831,GW151226
1135132672,3832,GW151226
1135132672,3833,GW151226
1135132672,3834,GW151226
1135132672,3835,GW151226
1135132672,3836,GW151226
1135132672,3837,GW151226
1135132672,3838,GW151226
1135132672,3839,GW151226
1135132672,3840,GW151226
1135132672,3841,GW151226
1135132672,3842,GW151226
1135132672,3843,GW151226
1135132672,3844,GW151226
1135132672,3845,GW151226
1135132672,3846,GW151226
1135132672,3847,GW151226
1135132672,3848,GW151226
1135132672,3849,GW151226
1135132672,3850,GW151226
1135132672,3851,GW151226
1135132672,3852,GW151226
1135132672,3853,GW151226
1135132672,3854,GW151226
1135132672,3855,GW151226
1135132672,3856,GW151226
1135132672,3857,GW151226
1135132672,3858,GW151226
1135132672,3859,GW151226
1135132672,3860,GW151226
1135132672,3861,GW151226
1135132672,3862,GW151226
1135132672,3863,GW151226
1135132672,3864,GW151226
1135132672,3865,GW151226
1135132672,3866,GW151226
1135132672,3867,GW151226
1135132672,3868,GW151226
1135132672,3869,GW151226
1135132672,3870,GW151226
1135132672,3871,GW151226
1135132672,3872,GW151226
1135132672,3873,GW151226
1135132672,3874,GW151226
1135132672,3875,GW151226
1135132672,3876,GW151226
1135132672,3877,GW151226
1135132672,3878,GW151226
1135132672,3879,GW151226
1135132672,3880,GW151226
1135132672,3881,GW151226
1135132672,3882,GW151226
1135132672,3883,GW151226
1135132672,3884,GW151226
1135132672,3885,GW151226
1135132672,3886,GW151226
1135132672,3887,GW151226
1135132672,3888,GW151226
1135132672,3889,GW151226
1135132672,3890,GW151226
1135132672,3891,GW151226
1135132672,3892,GW151226
1135132672,3893,GW151226
1135132672,3894,GW151226
1135132672,3895,GW151226
1135132672,3896,GW151226
1135132672,3897,GW151226
1135132672,3898,GW151226
1135132672,3899,GW151226
1135132672,3900,GW151226
1135132672,3901,GW151226
1135132672,3902,GW151226
1135132672,3903,GW151226
1135132672,3904,GW151226
1135132672,3905,GW151226
1135132672,3906,GW151226
1135132672,3907,GW151226
1135132672,3908,GW151226
1135132672,3909,GW151226
1135132672,3910,GW151226
1135132672,3911,GW151226
1135132672,3912,GW151226
1135132672,3913,GW151226
1135132672,3914,GW151226
1135132672,3915,GW151226
1135132672,3916,GW151226
1135132672,3917,GW151226
1135132672,3918,GW151226
1135132672,3919,GW151226
1135132672,3920,GW151226
1135132672,3921,GW151226
1135132672,3922,GW151226
1135132672,3923,GW151226
1135132672,3924,GW151226
1135132672,3925,GW151226
1135132672,3926,GW151226
1135132672,3927,GW151226
1135132672,3928,GW151226
1135132672,3929,GW151226
1135132672,3930,GW151226
1135132672,3931,GW151226
1135132672,3932,GW151226
1135132672,3933,GW151226
1135132672,3934,GW151226
1135132672,3935,GW151226
1135132672,3936,GW151226
1135132672,3937,GW151226
1135132672,3938,GW151226
1135132672,3939,GW151226
1135132672,3940,GW151226
1135132672,3941,GW151226
1135132672,3942,GW151226
1135132672,3943,GW151226
1135132672,3944,GW151226
1135132672,3945,GW151226
1135132672,3946,GW151226
1135132672,3947,GW151226
1135132672,3948,GW151226
1135132672,3949,GW151226
1135132672,3950,GW151226
1135132672,3951,GW151226
1135132672,3952,GW151226
1135132672,3953,GW151226
1135132672,3954,GW151226
1135132672,3955,GW151226
1135132672,3956,GW151226
1135132672,3957,GW151226
1135132672,3958,GW151226
1135132672,3959,GW151226
1135132672,3960,GW151226
1135132672,3961,GW151226
1135132672,3962,GW151226
1135132672,3963,GW151226
1135132672,3964,GW151226
1135132672,3965,GW151226
1135132672,3966,GW151226
1135132672,3967,GW151226
1135132672,3968,GW151226
1135132672,3969,GW151226
1135132672,3970,GW151226
1135132672,3971,GW151226
1135132672,3972,GW151226
1135132672,3973,GW151226
1135132672,3974,GW151226
1135132672,3975,GW151226
1135132672,3976,GW151226
1135132672,3977,GW151226
1135132672,3978,GW151226
1135132672,3979,GW151226
1135132672,3980,GW151226
1135132672,3981,GW151226
1135132672,3982,GW151226
1135132672,3983,GW151226
1135132672,3984,GW151226
1135132672,3985,GW151226
1135132672,3986,GW151226
1135132672,3987,GW151226
1135132672,3988,GW151226
1135132672,3989,GW151226
1135132672,3990,GW151226
1135132672,3991,GW151226
1135132672,3992,GW151226
1135132672,3993,GW151226
1135132672,3994,GW151226
1135132672,3995,GW151226
1135132672,3996,GW151226
1135132672,3997,GW151226
1135132672,3998,GW151226
1135132672,3999,GW151226
1135132672,4000,GW151226
1135132672,4001,GW151226
1135132672,4002,GW151226
1135132672,4003,GW151226
1135132672,4004,GW151226
1135132672,4005,GW151226
1135132672,4006,GW151226
1135132672,4007,GW151226
1135132672,4008,GW151226
1135132672,4009,GW151226
1135132672,4010,GW151226
1135132672,4011,GW151226
1135132672,4012,GW151226
1135132672,4013,GW151226
1135132672,4014,GW151226
1135132672,4015,GW151226
1135132672,4016,GW151226
1135132672,4017,GW151226
1135132672,4018,GW151226
1135132672,4019,GW151226
1135132672,4020,GW151226
1135132672,4021,GW151226
1135132672,4022,GW151226
1135132672,4023,GW151226
1135132672,4024,GW151226
1135132672,4025,GW151226
1135132672,4026,GW151226
1135132672,4027,GW151226
1135132672,4028,GW151226
1135132672,4029,GW151226
1135132672,4030,GW151226
1135132672,4031,GW151226
1135132672,4032,GW151226
1135132672,4033,GW151226
1135132672,4034,GW151226
1135132672,4035,GW151226
1135132672,4036,GW151226
1135132672,4037,GW151226
1135132672,4038,GW151226
1135132672,4039,GW151226
1135132672,4040,GW151226
1135132672,4041,GW151226
1135132672,4042,GW151226
1135132672,4043,GW151226
1135132672,4044,GW151226
1135132672,4045,GW151226
1135132672,4046,GW151226
1135132672,4047,GW151226
1135132672,4048,GW151226
1135132672,4049,GW151226
1135132672,4050,GW151226
1135132672,4051,GW151226
1135132672,4052,GW151226
1135132672,4053,GW151226
1135132672,4054,GW151226
1135132672,4055,GW151226
1135132672,4056,GW151226
1135132672,4057,GW151226
1135132672,4058,GW151226
1135132672,4059,GW151226
1135132672,4060,GW151226
1135132672,4061,GW151226
1135132672,4062,GW151226
1135132672,4063,GW151226
1135132672,4064,GW151226
1135132672,4065,GW151226
1135132672,4066,GW151226
1135132672,4067,GW151226
1135132672,4068,GW151226
1135132672,4069,GW151226
1135132672,4070,GW151226
1135132672,4071,GW151226
1135132672,4072,GW151226
1135132672,4073,GW151226
1135132672,4074,GW151226
1135132672,4075,GW151226
1135132672,4076,GW151226
1135132672,4077,GW151226
1135132672,4078,GW151226
1135132672,4079,GW151226
1135132672,4080,GW151226
1135132672,4081,GW151226
1135132672,4082,GW151226
1135132672,4083,GW151226
1135132672,4084,GW151226
1135132672,4085,GW151226
1135132672,4086,GW151226
1135132672,4087,GW151226
1135132672,4088,GW151226
1135132672,4089,GW151226
1135132672,4090,GW151226
1135132672,4091,GW151226
1135132672,4092,GW151226
1135132672,4093,GW151226
1135132672,4094,GW151226
1135132672,4095,GW151226
1180921856,0,GW170608
1180921856,1,GW170608
1180921856,2,GW170608
1180921856,3,GW170608
1180921856,4,GW170608
1180921856,5,GW170608
1180921856,6,GW170608
1180921856,7,GW170608
1180921856,8,GW170608
1180921856,9,GW170608
1180921856,10,GW170608
1180921856,11,GW170608
1180921856,12,GW170608
1180921856,13,GW170608
1180921856,14,GW170608
1180921856,15,GW170608
1180921856,16,GW170608
1180921856,17,GW170608
1180921856,18,GW170608
1180921856,19,GW170608
1180921856,20,GW170608
1180921856,21,GW170608
1180921856,22,GW170608
1180921856,23,GW170608
1180921856,24,GW170608
1180921856,25,GW170608
1180921856,26,GW170608
1180921856,27,GW170608
1180921856,28,GW170608
1180921856,29,GW170608
1180921856,30,GW170608
1180921856,31,GW170608
1180921856,32,GW170608
1180921856,33,GW170608
1180921856,34,GW170608
1180921856,35,GW170608
1180921856,36,GW170608
1180921856,37,GW170608
1180921856,38,GW170608
1180921856,39,GW170608
1180921856,40,GW170608
1180921856,41,GW170608
1180921856,42,GW170608
1180921856,43,GW170608
1180921856,44,GW170608
1180921856,45,GW170608
1180921856,46,GW170608
1180921856,47,GW170608
1180921856,48,GW170608
1180921856,49,GW170608
1180921856,50,GW170608
1180921856,51,GW170608
1180921856,52,GW170608
1180921856,53,GW170608
1180921856,54,GW170608
1180921856,55,GW170608
1180921856,56,GW170608
1180921856,57,GW170608
1180921856,58,GW170608
1180921856,59,GW170608
1180921856,60,GW170608
1180921856,61,GW170608
1180921856,62,GW170608
1180921856,63,GW170608
1180921856,64,GW170608
1180921856,65,GW170608
1180921856,66,GW170608
1180921856,67,GW170608
1180921856,68,GW170608
1180921856,69,GW170608
1180921856,70,GW170608
1180921856,71,GW170608
1180921856,72,GW170608
1180921856,73,GW170608
1180921856,74,GW170608
1180921856,75,GW170608
1180921856,76,GW170608
1180921856,77,GW170608
1180921856,78,GW170608
1180921856,79,GW170608
1180921856,80,GW170608
1180921856,81,GW170608
1180921856,82,GW170608
1180921856,83,GW170608
1180921856,84,GW170608
1180921856,85,GW170608
1180921856,86,GW170608
1180921856,87,GW170608
1180921856,88,GW170608
1180921856,89,GW170608
1180921856,90,GW170608
1180921856,91,GW170608
1180921856,92,GW170608
1180921856,93,GW170608
1180921856,94,GW170608
1180921856,95,GW170608
1180921856,96,GW170608
1180921856,97,GW170608
1180921856,98,GW170608
1180921856,99,GW170608
1180921856,100,GW170608
1180921856,101,GW170608
1180921856,102,GW170608
1180921856,103,GW170608
1180921856,104,GW170608
1180921856,105,GW170608
1180921856,106,GW170608
1180921856,107,GW170608
1180921856,108,GW170608
1180921856,109,GW170608
1180921856,110,GW170608
1180921856,111,GW170608
1180921856,112,GW170608
1180921856,113,GW170608
1180921856,114,GW170608
1180921856,115,GW170608
1180921856,116,GW170608
1180921856,117,GW170608
1180921856,118,GW170608
1180921856,119,GW170608
1180921856,120,GW170608
1180921856,121,GW170608
1180921856,122,GW170608
1180921856,123,GW170608
1180921856,124,GW170608
1180921856,125,GW170608
1180921856,126,GW170608
1180921856,127,GW170608
1180921856,128,GW170608
1180921856,129,GW170608
1180921856,130,GW170608
1180921856,131,GW170608
1180921856,132,GW170608
1180921856,133,GW170608
1180921856,134,GW170608
1180921856,135,GW170608
1180921856,136,GW170608
1180921856,137,GW170608
1180921856,138,GW170608
1180921856,139,GW170608
1180921856,140,GW170608
1180921856,141,GW170608
1180921856,142,GW170608
1180921856,143,GW170608
1180921856,144,GW170608
1180921856,145,GW170608
1180921856,146,GW170608
1180921856,147,GW170608
1180921856,148,GW170608
1180921856,149,GW170608
1180921856,150,GW170608
1180921856,151,GW170608
1180921856,152,GW170608
1180921856,153,GW170608
1180921856,154,GW170608
1180921856,155,GW170608
1180921856,156,GW170608
1180921856,157,GW170608
1180921856,158,GW170608
1180921856,159,GW170608
1180921856,160,GW170608
1180921856,161,GW170608
1180921856,162,GW170608
1180921856,163,GW170608
1180921856,164,GW170608
1180921856,165,GW170608
1180921856,166,GW170608
1180921856,167,GW170608
1180921856,168,GW170608
1180921856,169,GW170608
1180921856,170,GW170608
1180921856,171,GW170608
1180921856,172,GW170608
1180921856,173,GW170608
1180921856,174,GW170608
1180921856,175,GW170608
1180921856,176,GW170608
1180921856,177,GW170608
1180921856,178,GW170608
1180921856,179,GW170608
1180921856,180,GW170608
1180921856,181,GW170608
1180921856,182,GW170608
1180921856,183,GW170608
1180921856,184,GW170608
1180921856,185,GW170608
1180921856,186,GW170608
1180921856,187,GW170608
1180921856,188,GW170608
1180921856,189,GW170608
1180921856,190,GW170608
1180921856,191,GW170608
1180921856,192,GW170608
1180921856,193,GW170608
1180921856,194,GW170608
1180921856,195,GW170608
1180921856,196,GW170608
1180921856,197,GW170608
1180921856,198,GW170608
1180921856,199,GW170608
1180921856,200,GW170608
1180921856,201,GW170608
1180921856,202,GW170608
1180921856,203,GW170608
1180921856,204,GW170608
1180921856,205,GW170608
1180921856,206,GW170608
1180921856,207,GW170608
1180921856,208,GW170608
1180921856,209,GW170608
1180921856,210,GW170608
1180921856,211,GW170608
1180921856,212,GW170608
1180921856,213,GW170608
1180921856,214,GW170608
1180921856,215,GW170608
1180921856,216,GW170608
1180921856,217,GW170608
1180921856,218,GW170608
1180921856,219,GW170608
1180921856,220,GW170608
1180921856,221,GW170608
1180921856,222,GW170608
1180921856,223,GW170608
1180921856,224,GW170608
1180921856,225,GW170608
1180921856,226,GW170608
1180921856,227,GW170608
1180921856,228,GW170608
1180921856,229,GW170608
1180921856,230,GW170608
1180921856,231,GW170608
1180921856,232,GW170608
1180921856,233,GW170608
1180921856,234,GW170608
1180921856,235,GW170608
1180921856,236,GW170608
1180921856,237,GW170608
1180921856,238,GW170608
1180921856,239,GW170608
1180921856,240,GW170608
1180921856,241,GW170608
1180921856,242,GW170608
1180921856,243,GW170608
1180921856,244,GW170608
1180921856,245,GW170608
1180921856,246,GW170608
1180921856,247,GW170608
1180921856,248,GW170608
1180921856,249,GW170608
1180921856,250,GW170608
1180921856,251,GW170608
1180921856,252,GW170608
1180921856,253,GW170608
1180921856,254,GW170608
1180921856,255,GW170608
1180921856,256,GW170608
1180921856,257,GW170608
1180921856,258,GW170608
1180921856,259,GW170608
1180921856,260,GW170608
1180921856,261,GW170608
1180921856,262,GW170608
1180921856,263,GW170608
1180921856,264,GW170608
1180921856,265,GW170608
1180921856,266,GW170608
1180921856,267,GW170608
1180921856,268,GW170608
1180921856,269,GW170608
1180921856,270,GW170608
1180921856,271,GW170608
1180921856,272,GW170608
1180921856,273,GW170608
1180921856,274,GW170608
1180921856,275,GW170608
1180921856,276,GW170608
1180921856,277,GW170608
1180921856,278,GW170608
1180921856,279,GW170608
1180921856,280,GW170608
1180921856,281,GW170608
1180921856,282,GW170608
1180921856,283,GW170608
1180921856,284,GW170608
1180921856,285,GW170608
1180921856,286,GW170608
1180921856,287,GW170608
1180921856,288,GW170608
1180921856,289,GW170608
1180921856,290,GW170608
1180921856,291,GW170608
1180921856,292,GW170608
1180921856,293,GW170608
1180921856,294,GW170608
1180921856,295,GW170608
1180921856,296,GW170608
1180921856,297,GW170608
1180921856,298,GW170608
1180921856,299,GW170608
1180921856,300,GW170608
1180921856,301,GW170608
1180921856,302,GW170608
1180921856,303,GW170608
1180921856,304,GW170608
1180921856,305,GW170608
1180921856,306,GW170608
1180921856,307,GW170608
1180921856,308,GW170608
1180921856,309,GW170608
1180921856,310,GW170608
1180921856,311,GW170608
1180921856,312,GW170608
1180921856,313,GW170608
1180921856,314,GW170608
1180921856,315,GW170608
1180921856,316,GW170608
1180921856,317,GW170608
1180921856,318,GW170608
1180921856,319,GW170608
1180921856,320,GW170608
1180921856,321,GW170608
1180921856,322,GW170608
1180921856,323,GW170608
1180921856,324,GW170608
1180921856,325,GW170608
1180921856,326,GW170608
1180921856,327,GW170608
1180921856,328,GW170608
1180921856,329,GW170608
1180921856,330,GW170608
1180921856,331,GW170608
1180921856,332,GW170608
1180921856,333,GW170608
1180921856,334,GW170608
1180921856,335,GW170608
1180921856,336,GW170608
1180921856,337,GW170608
1180921856,338,GW170608
1180921856,339,GW170608
1180921856,340,GW170608
1180921856,341,GW170608
1180921856,342,GW170608
1180921856,343,GW170608
1180921856,344,GW170608
1180921856,345,GW170608
1180921856,346,GW170608
1180921856,347,GW170608
1180921856,348,GW170608
1180921856,349,GW170608
1180921856,350,GW170608
1180921856,351,GW170608
1180921856,352,GW170608
1180921856,353,GW170608
1180921856,354,GW170608
1180921856,355,GW170608
1180921856,356,GW170608
1180921856,357,GW170608
1180921856,358,GW170608
1180921856,359,GW170608
1180921856,360,GW170608
1180921856,361,GW170608
1180921856,362,GW170608
1180921856,363,GW170608
1180921856,364,GW170608
1180921856,365,GW170608
1180921856,366,GW170608
1180921856,367,GW170608
1180921856,368,GW170608
1180921856,369,GW170608
1180921856,370,GW170608
1180921856,371,GW170608
1180921856,372,GW170608
1180921856,373,GW170608
1180921856,374,GW170608
1180921856,375,GW170608
1180921856,376,GW170608
1180921856,377,GW170608
1180921856,378,GW170608
1180921856,379,GW170608
1180921856,380,GW170608
1180921856,381,GW170608
1180921856,382,GW170608
1180921856,383,GW170608
1180921856,384,GW170608
1180921856,385,GW170608
1180921856,386,GW170608
1180921856,387,GW170608
1180921856,388,GW170608
1180921856,389,GW170608
1180921856,390,GW170608
1180921856,391,GW170608
1180921856,392,GW170608
1180921856,393,GW170608
1180921856,394,GW170608
1180921856,395,GW170608
1180921856,396,GW170608
1180921856,397,GW170608
1180921856,398,GW170608
1180921856,399,GW170608
1180921856,400,GW170608
1180921856,401,GW170608
1180921856,402,GW170608
1180921856,403,GW170608
1180921856,404,GW170608
1180921856,405,GW170608
1180921856,406,GW170608
1180921856,407,GW170608
1180921856,408,GW170608
1180921856,409,GW170608
1180921856,410,GW170608
1180921856,411,GW170608
1180921856,412,GW170608
1180921856,413,GW170608
1180921856,414,GW170608
1180921856,415,GW170608
1180921856,416,GW170608
1180921856,417,GW170608
1180921856,418,GW170608
1180921856,419,GW170608
1180921856,420,GW170608
1180921856,421,GW170608
1180921856,422,GW170608
1180921856,423,GW170608
1180921856,424,GW170608
1180921856,425,GW170608
1180921856,426,GW170608
1180921856,427,GW170608
1180921856,428,GW170608
1180921856,429,GW170608
1180921856,430,GW170608
1180921856,431,GW170608
1180921856,432,GW170608
1180921856,433,GW170608
1180921856,434,GW170608
1180921856,435,GW170608
1180921856,436,GW170608
1180921856,437,GW170608
1180921856,438,GW170608
1180921856,439,GW170608
1180921856,440,GW170608
1180921856,441,GW170608
1180921856,442,GW170608
1180921856,443,GW170608
1180921856,444,GW170608
1180921856,445,GW170608
1180921856,446,GW170608
1180921856,447,GW170608
1180921856,448,GW170608
1180921856,449,GW170608
1180921856,450,GW170608
1180921856,451,GW170608
1180921856,452,GW170608
1180921856,453,GW170608
1180921856,454,GW170608
1180921856,455,GW170608
1180921856,456,GW170608
1180921856,457,GW170608
1180921856,458,GW170608
1180921856,459,GW170608
1180921856,460,GW170608
1180921856,461,GW170608
1180921856,462,GW170608
1180921856,463,GW170608
1180921856,464,GW170608
1180921856,465,GW170608
1180921856,466,GW170608
1180921856,467,GW170608
1180921856,468,GW170608
1180921856,469,GW170608
1180921856,470,GW170608
1180921856,471,GW170608
1180921856,472,GW170608
1180921856,473,GW170608
1180921856,474,GW170608
1180921856,475,GW170608
1180921856,476,GW170608
1180921856,477,GW170608
1180921856,478,GW170608
1180921856,479,GW170608
1180921856,480,GW170608
1180921856,481,GW170608
1180921856,482,GW170608
1180921856,483,GW170608
1180921856,484,GW170608
1180921856,485,GW170608
1180921856,486,GW170608
1180921856,487,GW170608
1180921856,488,GW170608
1180921856,489,GW170608
1180921856,490,GW170608
1180921856,491,GW170608
1180921856,492,GW170608
1180921856,493,GW170608
1180921856,494,GW170608
1180921856,495,GW170608
1180921856,496,GW170608
1180921856,497,GW170608
1180921856,498,GW170608
1180921856,499,GW170608
1180921856,500,GW170608
1180921856,501,GW170608
1180921856,502,GW170608
1180921856,503,GW170608
1180921856,504,GW170608
1180921856,505,GW170608
1180921856,506,GW170608
1180921856,507,GW170608
1180921856,508,GW170608
1180921856,509,GW170608
1180921856,510,GW170608
1180921856,511,GW170608
1180921856,512,GW170608
1180921856,513,GW170608
1180921856,514,GW170608
1180921856,515,GW170608
1180921856,516,GW170608
1180921856,517,GW170608
1180921856,518,GW170608
1180921856,519,GW170608
1180921856,520,GW170608
1180921856,521,GW170608
1180921856,522,GW170608
1180921856,523,GW170608
1180921856,524,GW170608
1180921856,525,GW170608
1180921856,526,GW170608
1180921856,527,GW170608
1180921856,528,GW170608
1180921856,529,GW170608
1180921856,530,GW170608
1180921856,531,GW170608
1180921856,532,GW170608
1180921856,533,GW170608
1180921856,534,GW170608
1180921856,535,GW170608
1180921856,536,GW170608
1180921856,537,GW170608
1180921856,538,GW170608
1180921856,539,GW170608
1180921856,540,GW170608
1180921856,541,GW170608
1180921856,542,GW170608
1180921856,543,GW170608
1180921856,544,GW170608
1180921856,545,GW170608
1180921856,546,GW170608
1180921856,547,GW170608
1180921856,548,GW170608
1180921856,549,GW170608
1180921856,550,GW170608
1180921856,551,GW170608
1180921856,552,GW170608
1180921856,553,GW170608
1180921856,554,GW170608
1180921856,555,GW170608
1180921856,556,GW170608
1180921856,557,GW170608
1180921856,558,GW170608
1180921856,559,GW170608
1180921856,560,GW170608
1180921856,561,GW170608
1180921856,562,GW170608
1180921856,563,GW170608
1180921856,564,GW170608
1180921856,565,GW170608
1180921856,566,GW170608
1180921856,567,GW170608
1180921856,568,GW170608
1180921856,569,GW170608
1180921856,570,GW170608
1180921856,571,GW170608
1180921856,572,GW170608
1180921856,573,GW170608
1180921856,574,GW170608
1180921856,575,GW170608
1180921856,576,GW170608
1180921856,577,GW170608
1180921856,578,GW170608
1180921856,579,GW170608
1180921856,580,GW170608
1180921856,581,GW170608
1180921856,582,GW170608
1180921856,583,GW170608
1180921856,584,GW170608
1180921856,585,GW170608
1180921856,586,GW170608
1180921856,587,GW170608
1180921856,588,GW170608
1180921856,589,GW170608
1180921856,590,GW170608
1180921856,591,GW170608
1180921856,592,GW170608
1180921856,593,GW170608
1180921856,594,GW170608
1180921856,595,GW170608
1180921856,596,GW170608
1180921856,597,GW170608
1180921856,598,GW170608
1180921856,599,GW170608
1180921856,600,GW170608
1180921856,601,GW170608
1180921856,602,GW170608
1180921856,603,GW170608
1180921856,604,GW170608
1180921856,605,GW170608
1180921856,606,GW170608
1180921856,607,GW170608
1180921856,608,GW170608
1180921856,609,GW170608
1180921856,610,GW170608
1180921856,611,GW170608
1180921856,612,GW170608
1180921856,613,GW170608
1180921856,614,GW170608
1180921856,615,GW170608
1180921856,616,GW170608
1180921856,617,GW170608
1180921856,618,GW170608
1180921856,619,GW170608
1180921856,620,GW170608
1180921856,621,GW170608
1180921856,622,GW170608
1180921856,623,GW170608
1180921856,624,GW170608
1180921856,625,GW170608
1180921856,626,GW170608
1180921856,627,GW170608
1180921856,628,GW170608
1180921856,629,GW170608
1180921856,630,GW170608
1180921856,631,GW170608
1180921856,632,GW170608
1180921856,633,GW170608
1180921856,634,GW170608
1180921856,635,GW170608
1180921856,636,GW170608
1180921856,637,GW170608
1180921856,638,GW170608
1180921856,639,GW170608
1180921856,640,GW170608
1180921856,641,GW170608
1180921856,642,GW170608
1180921856,643,GW170608
1180921856,644,GW170608
1180921856,645,GW170608
1180921856,646,GW170608
1180921856,647,GW170608
1180921856,648,GW170608
1180921856,649,GW170608
1180921856,650,GW170608
1180921856,651,GW170608
1180921856,652,GW170608
1180921856,653,GW170608
1180921856,654,GW170608
1180921856,655,GW170608
1180921856,656,GW170608
1180921856,657,GW170608
1180921856,658,GW170608
1180921856,659,GW170608
1180921856,660,GW170608
1180921856,661,GW170608
1180921856,662,GW170608
1180921856,663,GW170608
1180921856,664,GW170608
1180921856,665,GW170608
1180921856,666,GW170608
1180921856,667,GW170608
1180921856,668,GW170608
1180921856,669,GW170608
1180921856,670,GW170608
1180921856,671,GW170608
1180921856,672,GW170608
1180921856,673,GW170608
1180921856,674,GW170608
1180921856,675,GW170608
1180921856,676,GW170608
1180921856,677,GW170608
1180921856,678,GW170608
1180921856,679,GW170608
1180921856,680,GW170608
1180921856,681,GW170608
1180921856,682,GW170608
1180921856,683,GW170608
1180921856,684,GW170608
1180921856,685,GW170608
1180921856,686,GW170608
1180921856,687,GW170608
1180921856,688,GW170608
1180921856,689,GW170608
1180921856,690,GW170608
1180921856,691,GW170608
1180921856,692,GW170608
1180921856,693,GW170608
1180921856,694,GW170608
1180921856,695,GW170608
1180921856,696,GW170608
1180921856,697,GW170608
1180921856,698,GW170608
1180921856,699,GW170608
1180921856,700,GW170608
1180921856,701,GW170608
1180921856,702,GW170608
1180921856,703,GW170608
1180921856,704,GW170608
1180921856,705,GW170608
1180921856,706,GW170608
1180921856,707,GW170608
1180921856,708,GW170608
1180921856,709,GW170608
1180921856,710,GW170608
1180921856,711,GW170608
1180921856,712,GW170608
1180921856,713,GW170608
1180921856,714,GW170608
1180921856,715,GW170608
1180921856,716,GW170608
1180921856,717,GW170608
1180921856,718,GW170608
1180921856,719,GW170608
1180921856,720,GW170608
1180921856,721,GW170608
1180921856,722,GW170608
1180921856,723,GW170608
1180921856,724,GW170608
1180921856,725,GW170608
1180921856,726,GW170608
1180921856,727,GW170608
1180921856,728,GW170608
1180921856,729,GW170608
1180921856,730,GW170608
1180921856,731,GW170608
1180921856,732,GW170608
1180921856,733,GW170608
1180921856,734,GW170608
1180921856,735,GW170608
1180921856,736,GW170608
1180921856,737,GW170608
1180921856,738,GW170608
1180921856,739,GW170608
1180921856,740,GW170608
1180921856,741,GW170608
1180921856,742,GW170608
1180921856,743,GW170608
1180921856,744,GW170608
1180921856,745,GW170608
1180921856,746,GW170608
1180921856,747,GW170608
1180921856,748,GW170608
1180921856,749,GW170608
1180921856,750,GW170608
1180921856,751,GW170608
1180921856,752,GW170608
1180921856,753,GW170608
1180921856,754,GW170608
1180921856,755,GW170608
1180921856,756,GW170608
1180921856,757,GW170608
1180921856,758,GW170608
1180921856,759,GW170608
1180921856,760,GW170608
1180921856,761,GW170608
1180921856,762,GW170608
1180921856,763,GW170608
1180921856,764,GW170608
1180921856,765,GW170608
1180921856,766,GW170608
1180921856,767,GW170608
1180921856,768,GW170608
1180921856,769,GW170608
1180921856,770,GW170608
1180921856,771,GW170608
1180921856,772,GW170608
1180921856,773,GW170608
1180921856,774,GW170608
1180921856,775,GW170608
1180921856,776,GW170608
1180921856,777,GW170608
1180921856,778,GW170608
1180921856,779,GW170608
1180921856,780,GW170608
1180921856,781,GW170608
1180921856,782,GW170608
1180921856,783,GW170608
1180921856,784,GW170608
1180921856,785,GW170608
1180921856,786,GW170608
1180921856,787,GW170608
1180921856,788,GW170608
1180921856,789,GW170608
1180921856,790,GW170608
1180921856,791,GW170608
1180921856,792,GW170608
1180921856,793,GW170608
1180921856,794,GW170608
1180921856,795,GW170608
1180921856,796,GW170608
1180921856,797,GW170608
1180921856,798,GW170608
1180921856,799,GW170608
1180921856,800,GW170608
1180921856,801,GW170608
1180921856,802,GW170608
1180921856,803,GW170608
1180921856,804,GW170608
1180921856,805,GW170608
1180921856,806,GW170608
1180921856,807,GW170608
1180921856,808,GW170608
1180921856,809,GW170608
1180921856,810,GW170608
1180921856,811,GW170608
1180921856,812,GW170608
1180921856,813,GW170608
1180921856,814,GW170608
1180921856,815,GW170608
1180921856,816,GW170608
1180921856,817,GW170608
1180921856,818,GW170608
1180921856,819,GW170608
1180921856,820,GW170608
1180921856,821,GW170608
1180921856,822,GW170608
1180921856,823,GW170608
1180921856,824,GW170608
1180921856,825,GW170608
1180921856,826,GW170608
1180921856,827,GW170608
1180921856,828,GW170608
1180921856,829,GW170608
1180921856,830,GW170608
1180921856,831,GW170608
1180921856,832,GW170608
1180921856,833,GW170608
1180921856,834,GW170608
1180921856,835,GW170608
1180921856,836,GW170608
1180921856,837,GW170608
1180921856,838,GW170608
1180921856,839,GW170608
1180921856,840,GW170608
1180921856,841,GW170608
1180921856,842,GW170608
1180921856,843,GW170608
1180921856,844,GW170608
1180921856,845,GW170608
1180921856,846,GW170608
1180921856,847,GW170608
1180921856,848,GW170608
1180921856,849,GW170608
1180921856,850,GW170608
1180921856,851,GW170608
1180921856,852,GW170608
1180921856,853,GW170608
1180921856,854,GW170608
1180921856,855,GW170608
1180921856,856,GW170608
1180921856,857,GW170608
1180921856,858,GW170608
1180921856,859,GW170608
1180921856,860,GW170608
1180921856,861,GW170608
1180921856,862,GW170608
1180921856,863,GW170608
1180921856,864,GW170608
1180921856,865,GW170608
1180921856,866,GW170608
1180921856,867,GW170608
1180921856,868,GW170608
1180921856,869,GW170608
1180921856,870,GW170608
1180921856,871,GW170608
1180921856,872,GW170608
1180921856,873,GW170608
1180921856,874,GW170608
1180921856,875,GW170608
1180921856,876,GW170608
1180921856,877,GW170608
1180921856,878,GW170608
1180921856,879,GW170608
1180921856,880,GW170608
1180921856,881,GW170608
1180921856,882,GW170608
1180921856,883,GW170608
1180921856,884,GW170608
1180921856,885,GW170608
1180921856,886,GW170608
1180921856,887,GW170608
1180921856,888,GW170608
1180921856,889,GW170608
1180921856,890,GW170608
1180921856,891,GW170608
1180921856,892,GW170608
1180921856,893,GW170608
1180921856,894,GW170608
1180921856,895,GW170608
1180921856,896,GW170608
1180921856,897,GW170608
1180921856,898,GW170608
1180921856,899,GW170608
1180921856,900,GW170608
1180921856,901,GW170608
1180921856,902,GW170608
1180921856,903,GW170608
1180921856,904,GW170608
1180921856,905,GW170608
1180921856,906,GW170608
1180921856,907,GW170608
1180921856,908,GW170608
1180921856,909,GW170608
1180921856,910,GW170608
1180921856,911,GW170608
1180921856,912,GW170608
1180921856,913,GW170608
1180921856,914,GW170608
1180921856,915,GW170608
1180921856,916,GW170608
1180921856,917,GW170608
1180921856,918,GW170608
1180921856,919,GW170608
1180921856,920,GW170608
1180921856,921,GW170608
1180921856,922,GW170608
1180921856,923,GW170608
1180921856,924,GW170608
1180921856,925,GW170608
1180921856,926,GW170608
1180921856,927,GW170608
1180921856,928,GW170608
1180921856,929,GW170608
1180921856,930,GW170608
1180921856,931,GW170608
1180921856,932,GW170608
1180921856,933,GW170608
1180921856,934,GW170608
1180921856,935,GW170608
1180921856,936,GW170608
1180921856,937,GW170608
1180921856,938,GW170608
1180921856,939,GW170608
1180921856,940,GW170608
1180921856,941,GW170608
1180921856,942,GW170608
1180921856,943,GW170608
1180921856,944,GW170608
1180921856,945,GW170608
1180921856,946,GW170608
1180921856,947,GW170608
1180921856,948,GW170608
1180921856,949,GW170608
1180921856,950,GW170608
1180921856,951,GW170608
1180921856,952,GW170608
1180921856,953,GW170608
1180921856,954,GW170608
1180921856,955,GW170608
1180921856,956,GW170608
1180921856,957,GW170608
1180921856,958,GW170608
1180921856,959,GW170608
1180921856,960,GW170608
1180921856,961,GW170608
1180921856,962,GW170608
1180921856,963,GW170608
1180921856,964,GW170608
1180921856,965,GW170608
1180921856,966,GW170608
1180921856,967,GW170608
1180921856,968,GW170608
1180921856,969,GW170608
1180921856,970,GW170608
1180921856,971,GW170608
1180921856,972,GW170608
1180921856,973,GW170608
1180921856,974,GW170608
1180921856,975,GW170608
1180921856,976,GW170608
1180921856,977,GW170608
1180921856,978,GW170608
1180921856,979,GW170608
1180921856,980,GW170608
1180921856,981,GW170608
1180921856,982,GW170608
1180921856,983,GW170608
1180921856,984,GW170608
1180921856,985,GW170608
1180921856,986,GW170608
1180921856,987,GW170608
1180921856,988,GW170608
1180921856,989,GW170608
1180921856,990,GW170608
1180921856,991,GW170608
1180921856,992,GW170608
1180921856,993,GW170608
1180921856,994,GW170608
1180921856,995,GW170608
1180921856,996,GW170608
1180921856,997,GW170608
1180921856,998,GW170608
1180921856,999,GW170608
1180921856,1000,GW170608
1180921856,1001,GW170608
1180921856,1002,GW170608
1180921856,1003,GW170608
1180921856,1004,GW170608
1180921856,1005,GW170608
1180921856,1006,GW170608
1180921856,1007,GW170608
1180921856,1008,GW170608
1180921856,1009,GW170608
1180921856,1010,GW170608
1180921856,1011,GW170608
1180921856,1012,GW170608
1180921856,1013,GW170608
1180921856,1014,GW170608
1180921856,1015,GW170608
1180921856,1016,GW170608
1180921856,1017,GW170608
1180921856,1018,GW170608
1180921856,1019,GW170608
1180921856,1020,GW170608
1180921856,1021,GW170608
1180921856,1022,GW170608
1180921856,1023,GW170608
1180921856,1024,GW170608
1180921856,1025,GW170608
1180921856,1026,GW170608
1180921856,1027,GW170608
1180921856,1028,GW170608
1180921856,1029,GW170608
1180921856,1030,GW170608
1180921856,1031,GW170608
1180921856,1032,GW170608
1180921856,1033,GW170608
1180921856,1034,GW170608
1180921856,1035,GW170608
1180921856,1036,GW170608
1180921856,1037,GW170608
1180921856,1038,GW170608
1180921856,1039,GW170608
1180921856,1040,GW170608
1180921856,1041,GW170608
1180921856,1042,GW170608
1180921856,1043,GW170608
1180921856,1044,GW170608
1180921856,1045,GW170608
1180921856,1046,GW170608
1180921856,1047,GW170608
1180921856,1048,GW170608
1180921856,1049,GW170608
1180921856,1050,GW170608
1180921856,1051,GW170608
1180921856,1052,GW170608
1180921856,1053,GW170608
1180921856,1054,GW170608
1180921856,1055,GW170608
1180921856,1056,GW170608
1180921856,1057,GW170608
1180921856,1058,GW170608
1180921856,1059,GW170608
1180921856,1060,GW170608
1180921856,1061,GW170608
1180921856,1062,GW170608
1180921856,1063,GW170608
1180921856,1064,GW170608
1180921856,1065,GW170608
1180921856,1066,GW170608
1180921856,1067,GW170608
1180921856,1068,GW170608
1180921856,1069,GW170608
1180921856,1070,GW170608
1180921856,1071,GW170608
1180921856,1072,GW170608
1180921856,1073,GW170608
1180921856,1074,GW170608
1180921856,1075,GW170608
1180921856,1076,GW170608
1180921856,1077,GW170608
1180921856,1078,GW170608
1180921856,1079,GW170608
1180921856,1080,GW170608
1180921856,1081,GW170608
1180921856,1082,GW170608
1180921856,1083,GW170608
1180921856,1084,GW170608
1180921856,1085,GW170608
1180921856,1086,GW170608
1180921856,1087,GW170608
1180921856,1088,GW170608
1180921856,1089,GW170608
1180921856,1090,GW170608
1180921856,1091,GW170608
1180921856,1092,GW170608
1180921856,1093,GW170608
1180921856,1094,GW170608
1180921856,1095,GW170608
1180921856,1096,GW170608
1180921856,1097,GW170608
1180921856,1098,GW170608
1180921856,1099,GW170608
1180921856,1100,GW170608
1180921856,1101,GW170608
1180921856,1102,GW170608
1180921856,1103,GW170608
1180921856,1104,GW170608
1180921856,1105,GW170608
1180921856,1106,GW170608
1180921856,1107,GW170608
1180921856,1108,GW170608
1180921856,1109,GW170608
1180921856,1110,GW170608
1180921856,1111,GW170608
1180921856,1112,GW170608
1180921856,1113,GW170608
1180921856,1114,GW170608
1180921856,1115,GW170608
1180921856,1116,GW170608
1180921856,1117,GW170608
1180921856,1118,GW170608
1180921856,1119,GW170608
1180921856,1120,GW170608
1180921856,1121,GW170608
1180921856,1122,GW170608
1180921856,1123,GW170608
1180921856,1124,GW170608
1180921856,1125,GW170608
1180921856,1126,GW170608
1180921856,1127,GW170608
1180921856,1128,GW170608
1180921856,1129,GW170608
1180921856,1130,GW170608
1180921856,1131,GW170608
1180921856,1132,GW170608
1180921856,1133,GW170608
1180921856,1134,GW170608
1180921856,1135,GW170608
1180921856,1136,GW170608
1180921856,1137,GW170608
1180921856,1138,GW170608
1180921856,1139,GW170608
1180921856,1140,GW170608
1180921856,1141,GW170608
1180921856,1142,GW170608
1180921856,1143,GW170608
1180921856,1144,GW170608
1180921856,1145,GW170608
1180921856,1146,GW170608
1180921856,1147,GW170608
1180921856,1148,GW170608
1180921856,1149,GW170608
1180921856,1150,GW170608
1180921856,1151,GW170608
1180921856,1152,GW170608
1180921856,1153,GW170608
1180921856,1154,GW170608
1180921856,1155,GW170608
1180921856,1156,GW170608
1180921856,1157,GW170608
1180921856,1158,GW170608
1180921856,1159,GW170608
1180921856,1160,GW170608
1180921856,1161,GW170608
1180921856,1162,GW170608
1180921856,1163,GW170608
1180921856,1164,GW170608
1180921856,1165,GW170608
1180921856,1166,GW170608
1180921856,1167,GW170608
1180921856,1168,GW170608
1180921856,1169,GW170608
1180921856,1170,GW170608
1180921856,1171,GW170608
1180921856,1172,GW170608
1180921856,1173,GW170608
1180921856,1174,GW170608
1180921856,1175,GW170608
1180921856,1176,GW170608
1180921856,1177,GW170608
1180921856,1178,GW170608
1180921856,1179,GW170608
1180921856,1180,GW170608
1180921856,1181,GW170608
1180921856,1182,GW170608
1180921856,1183,GW170608
1180921856,1184,GW170608
1180921856,1185,GW170608
1180921856,1186,GW170608
1180921856,1187,GW170608
1180921856,1188,GW170608
1180921856,1189,GW170608
1180921856,1190,GW170608
1180921856,1191,GW170608
1180921856,1192,GW170608
1180921856,1193,GW170608
1180921856,1194,GW170608
1180921856,1195,GW170608
1180921856,1196,GW170608
1180921856,1197,GW170608
1180921856,1198,GW170608
1180921856,1199,GW170608
1180921856,1200,GW170608
1180921856,1201,GW170608
1180921856,1202,GW170608
1180921856,1203,GW170608
1180921856,1204,GW170608
1180921856,1205,GW170608
1180921856,1206,GW170608
1180921856,1207,GW170608
1180921856,1208,GW170608
1180921856,1209,GW170608
1180921856,1210,GW170608
1180921856,1211,GW170608
1180921856,1212,GW170608
1180921856,1213,GW170608
1180921856,1214,GW170608
1180921856,1215,GW170608
1180921856,1216,GW170608
1180921856,1217,GW170608
1180921856,1218,GW170608
1180921856,1219,GW170608
1180921856,1220,GW170608
1180921856,1221,GW170608
1180921856,1222,GW170608
1180921856,1223,GW170608
1180921856,1224,GW170608
1180921856,1225,GW170608
1180921856,1226,GW170608
1180921856,1227,GW170608
1180921856,1228,GW170608
1180921856,1229,GW170608
1180921856,1230,GW170608
1180921856,1231,GW170608
1180921856,1232,GW170608
1180921856,1233,GW170608
1180921856,1234,GW170608
1180921856,1235,GW170608
1180921856,1236,GW170608
1180921856,1237,GW170608
1180921856,1238,GW170608
1180921856,1239,GW170608
1180921856,1240,GW170608
1180921856,1241,GW170608
1180921856,1242,GW170608
1180921856,1243,GW170608
1180921856,1244,GW170608
1180921856,1245,GW170608
1180921856,1246,GW170608
1180921856,1247,GW170608
1180921856,1248,GW170608
1180921856,1249,GW170608
1180921856,1250,GW170608
1180921856,1251,GW170608
1180921856,1252,GW170608
1180921856,1253,GW170608
1180921856,1254,GW170608
1180921856,1255,GW170608
1180921856,1256,GW170608
1180921856,1257,GW170608
1180921856,1258,GW170608
1180921856,1259,GW170608
1180921856,1260,GW170608
1180921856,1261,GW170608
1180921856,1262,GW170608
1180921856,1263,GW170608
1180921856,1264,GW170608
1180921856,1265,GW170608
1180921856,1266,GW170608
1180921856,1267,GW170608
1180921856,1268,GW170608
1180921856,1269,GW170608
1180921856,1270,GW170608
1180921856,1271,GW170608
1180921856,1272,GW170608
1180921856,1273,GW170608
1180921856,1274,GW170608
1180921856,1275,GW170608
1180921856,1276,GW170608
1180921856,1277,GW170608
1180921856,1278,GW170608
1180921856,1279,GW170608
1180921856,1280,GW170608
1180921856,1281,GW170608
1180921856,1282,GW170608
1180921856,1283,GW170608
1180921856,1284,GW170608
1180921856,1285,GW170608
1180921856,1286,GW170608
1180921856,1287,GW170608
1180921856,1288,GW170608
1180921856,1289,GW170608
1180921856,1290,GW170608
1180921856,1291,GW170608
1180921856,1292,GW170608
1180921856,1293,GW170608
1180921856,1294,GW170608
1180921856,1295,GW170608
1180921856,1296,GW170608
1180921856,1297,GW170608
1180921856,1298,GW170608
1180921856,1299,GW170608
1180921856,1300,GW170608
1180921856,1301,GW170608
1180921856,1302,GW170608
1180921856,1303,GW170608
1180921856,1304,GW170608
1180921856,1305,GW170608
1180921856,1306,GW170608
1180921856,1307,GW170608
1180921856,1308,GW170608
1180921856,1309,GW170608
1180921856,1310,GW170608
1180921856,1311,GW170608
1180921856,1312,GW170608
1180921856,1313,GW170608
1180921856,1314,GW170608
1180921856,1315,GW170608
1180921856,1316,GW170608
1180921856,1317,GW170608
1180921856,1318,GW170608
1180921856,1319,GW170608
1180921856,1320,GW170608
1180921856,1321,GW170608
1180921856,1322,GW170608
1180921856,1323,GW170608
1180921856,1324,GW170608
1180921856,1325,GW170608
1180921856,1326,GW170608
1180921856,1327,GW170608
1180921856,1328,GW170608
1180921856,1329,GW170608
1180921856,1330,GW170608
1180921856,1331,GW170608
1180921856,1332,GW170608
1180921856,1333,GW170608
1180921856,1334,GW170608
1180921856,1335,GW170608
1180921856,1336,GW170608
1180921856,1337,GW170608
1180921856,1338,GW170608
1180921856,1339,GW170608
1180921856,1340,GW170608
1180921856,1341,GW170608
1180921856,1342,GW170608
1180921856,1343,GW170608
1180921856,1344,GW170608
1180921856,1345,GW170608
1180921856,1346,GW170608
1180921856,1347,GW170608
1180921856,1348,GW170608
1180921856,1349,GW170608
1180921856,1350,GW170608
1180921856,1351,GW170608
1180921856,1352,GW170608
1180921856,1353,GW170608
1180921856,1354,GW170608
1180921856,1355,GW170608
1180921856,1356,GW170608
1180921856,1357,GW170608
1180921856,1358,GW170608
1180921856,1359,GW170608
1180921856,1360,GW170608
1180921856,1361,GW170608
1180921856,1362,GW170608
1180921856,1363,GW170608
1180921856,1364,GW170608
1180921856,1365,GW170608
1180921856,1366,GW170608
1180921856,1367,GW170608
1180921856,1368,GW170608
1180921856,1369,GW170608
1180921856,1370,GW170608
1180921856,1371,GW170608
1180921856,1372,GW170608
1180921856,1373,GW170608
1180921856,1374,GW170608
1180921856,1375,GW170608
1180921856,1376,GW170608
1180921856,1377,GW170608
1180921856,1378,GW170608
1180921856,1379,GW170608
1180921856,1380,GW170608
1180921856,1381,GW170608
1180921856,1382,GW170608
1180921856,1383,GW170608
1180921856,1384,GW170608
1180921856,1385,GW170608
1180921856,1386,GW170608
1180921856,1387,GW170608
1180921856,1388,GW170608
1180921856,1389,GW170608
1180921856,1390,GW170608
1180921856,1391,GW170608
1180921856,1392,GW170608
1180921856,1393,GW170608
1180921856,1394,GW170608
1180921856,1395,GW170608
1180921856,1396,GW170608
1180921856,1397,GW170608
1180921856,1398,GW170608
1180921856,1399,GW170608
1180921856,1400,GW170608
1180921856,1401,GW170608
1180921856,1402,GW170608
1180921856,1403,GW170608
1180921856,1404,GW170608
1180921856,1405,GW170608
1180921856,1406,GW170608
1180921856,1407,GW170608
1180921856,1408,GW170608
1180921856,1409,GW170608
1180921856,1410,GW170608
1180921856,1411,GW170608
1180921856,1412,GW170608
1180921856,1413,GW170608
1180921856,1414,GW170608
1180921856,1415,GW170608
1180921856,1416,GW170608
1180921856,1417,GW170608
1180921856,1418,GW170608
1180921856,1419,GW170608
1180921856,1420,GW170608
1180921856,1421,GW170608
1180921856,1422,GW170608
1180921856,1423,GW170608
1180921856,1424,GW170608
1180921856,1425,GW170608
1180921856,1426,GW170608
1180921856,1427,GW170608
1180921856,1428,GW170608
1180921856,1429,GW170608
1180921856,1430,GW170608
1180921856,1431,GW170608
1180921856,1432,GW170608
1180921856,1433,GW170608
1180921856,1434,GW170608
1180921856,1435,GW170608
1180921856,1436,GW170608
1180921856,1437,GW170608
1180921856,1438,GW170608
1180921856,1439,GW170608
1180921856,1440,GW170608
1180921856,1441,GW170608
1180921856,1442,GW170608
1180921856,1443,GW170608
1180921856,1444,GW170608
1180921856,1445,GW170608
1180921856,1446,GW170608
1180921856,1447,GW170608
1180921856,1448,GW170608
1180921856,1449,GW170608
1180921856,1450,GW170608
1180921856,1451,GW170608
1180921856,1452,GW170608
1180921856,1453,GW170608
1180921856,1454,GW170608
1180921856,1455,GW170608
1180921856,1456,GW170608
1180921856,1457,GW170608
1180921856,1458,GW170608
1180921856,1459,GW170608
1180921856,1460,GW170608
1180921856,1461,GW170608
1180921856,1462,GW170608
1180921856,1463,GW170608
1180921856,1464,GW170608
1180921856,1465,GW170608
1180921856,1466,GW170608
1180921856,1467,GW170608
1180921856,1468,GW170608
1180921856,1469,GW170608
1180921856,1470,GW170608
1180921856,1471,GW170608
1180921856,1472,GW170608
1180921856,1473,GW170608
1180921856,1474,GW170608
1180921856,1475,GW170608
1180921856,1476,GW170608
1180921856,1477,GW170608
1180921856,1478,GW170608
1180921856,1479,GW170608
1180921856,1480,GW170608
1180921856,1481,GW170608
1180921856,1482,GW170608
1180921856,1483,GW170608
1180921856,1484,GW170608
1180921856,1485,GW170608
1180921856,1486,GW170608
1180921856,1487,GW170608
1180921856,1488,GW170608
1180921856,1489,GW170608
1180921856,1490,GW170608
1180921856,1491,GW170608
1180921856,1492,GW170608
1180921856,1493,GW170608
1180921856,1494,GW170608
1180921856,1495,GW170608
1180921856,1496,GW170608
1180921856,1497,GW170608
1180921856,1498,GW170608
1180921856,1499,GW170608
1180921856,1500,GW170608
1180921856,1501,GW170608
1180921856,1502,GW170608
1180921856,1503,GW170608
1180921856,1504,GW170608
1180921856,1505,GW170608
1180921856,1506,GW170608
1180921856,1507,GW170608
1180921856,1508,GW170608
1180921856,1509,GW170608
1180921856,1510,GW170608
1180921856,1511,GW170608
1180921856,1512,GW170608
1180921856,1513,GW170608
1180921856,1514,GW170608
1180921856,1515,GW170608
1180921856,1516,GW170608
1180921856,1517,GW170608
1180921856,1518,GW170608
1180921856,1519,GW170608
1180921856,1520,GW170608
1180921856,1521,GW170608
1180921856,1522,GW170608
1180921856,1523,GW170608
1180921856,1524,GW170608
1180921856,1525,GW170608
1180921856,1526,GW170608
1180921856,1527,GW170608
1180921856,1528,GW170608
1180921856,1529,GW170608
1180921856,1530,GW170608
1180921856,1531,GW170608
1180921856,1532,GW170608
1180921856,1533,GW170608
1180921856,1534,GW170608
1180921856,1535,GW170608
1180921856,1536,GW170608
1180921856,1537,GW170608
1180921856,1538,GW170608
1180921856,1539,GW170608
1180921856,1540,GW170608
1180921856,1541,GW170608
1180921856,1542,GW170608
1180921856,1543,GW170608
1180921856,1544,GW170608
1180921856,1545,GW170608
1180921856,1546,GW170608
1180921856,1547,GW170608
1180921856,1548,GW170608
1180921856,1549,GW170608
1180921856,1550,GW170608
1180921856,1551,GW170608
1180921856,1552,GW170608
1180921856,1553,GW170608
1180921856,1554,GW170608
1180921856,1555,GW170608
1180921856,1556,GW170608
1180921856,1557,GW170608
1180921856,1558,GW170608
1180921856,1559,GW170608
1180921856,1560,GW170608
1180921856,1561,GW170608
1180921856,1562,GW170608
1180921856,1563,GW170608
1180921856,1564,GW170608
1180921856,1565,GW170608
1180921856,1566,GW170608
1180921856,1567,GW170608
1180921856,1568,GW170608
1180921856,1569,GW170608
1180921856,1570,GW170608
1180921856,1571,GW170608
1180921856,1572,GW170608
1180921856,1573,GW170608
1180921856,1574,GW170608
1180921856,1575,GW170608
1180921856,1576,GW170608
1180921856,1577,GW170608
1180921856,1578,GW170608
1180921856,1579,GW170608
1180921856,1580,GW170608
1180921856,1581,GW170608
1180921856,1582,GW170608
1180921856,1583,GW170608
1180921856,1584,GW170608
1180921856,1585,GW170608
1180921856,1586,GW170608
1180921856,1587,GW170608
1180921856,1588,GW170608
1180921856,1589,GW170608
1180921856,1590,GW170608
1180921856,1591,GW170608
1180921856,1592,GW170608
1180921856,1593,GW170608
1180921856,1594,GW170608
1180921856,1595,GW170608
1180921856,1596,GW170608
1180921856,1597,GW170608
1180921856,1598,GW170608
1180921856,1599,GW170608
1180921856,1600,GW170608
1180921856,1601,GW170608
1180921856,1602,GW170608
1180921856,1603,GW170608
1180921856,1604,GW170608
1180921856,1605,GW170608
1180921856,1606,GW170608
1180921856,1607,GW170608
1180921856,1608,GW170608
1180921856,1609,GW170608
1180921856,1610,GW170608
1180921856,1611,GW170608
1180921856,1612,GW170608
1180921856,1613,GW170608
1180921856,1614,GW170608
1180921856,1615,GW170608
1180921856,1616,GW170608
1180921856,1617,GW170608
1180921856,1618,GW170608
1180921856,1619,GW170608
1180921856,1620,GW170608
1180921856,1621,GW170608
1180921856,1622,GW170608
1180921856,1623,GW170608
1180921856,1624,GW170608
1180921856,1625,GW170608
1180921856,1626,GW170608
1180921856,1627,GW170608
1180921856,1628,GW170608
1180921856,1629,GW170608
1180921856,1630,GW170608
1180921856,1631,GW170608
1180921856,1632,GW170608
1180921856,1633,GW170608
1180921856,1634,GW170608
1180921856,1635,GW170608
1180921856,1636,GW170608
1180921856,1637,GW170608
1180921856,1638,GW170608
1180921856,1639,GW170608
1180921856,1640,GW170608
1180921856,1641,GW170608
1180921856,1642,GW170608
1180921856,1643,GW170608
1180921856,1644,GW170608
1180921856,1645,GW170608
1180921856,1646,GW170608
1180921856,1647,GW170608
1180921856,1648,GW170608
1180921856,1649,GW170608
1180921856,1650,GW170608
1180921856,1651,GW170608
1180921856,1652,GW170608
1180921856,1653,GW170608
1180921856,1654,GW170608
1180921856,1655,GW170608
1180921856,1656,GW170608
1180921856,1657,GW170608
1180921856,1658,GW170608
1180921856,1659,GW170608
1180921856,1660,GW170608
1180921856,1661,GW170608
1180921856,1662,GW170608
1180921856,1663,GW170608
1180921856,1664,GW170608
1180921856,1665,GW170608
1180921856,1666,GW170608
1180921856,1667,GW170608
1180921856,1668,GW170608
1180921856,1669,GW170608
1180921856,1670,GW170608
1180921856,1671,GW170608
1180921856,1672,GW170608
1180921856,1673,GW170608
1180921856,1674,GW170608
1180921856,1675,GW170608
1180921856,1676,GW170608
1180921856,1677,GW170608
1180921856,1678,GW170608
1180921856,1679,GW170608
1180921856,1680,GW170608
1180921856,1681,GW170608
1180921856,1682,GW170608
1180921856,1683,GW170608
1180921856,1684,GW170608
1180921856,1685,GW170608
1180921856,1686,GW170608
1180921856,1687,GW170608
1180921856,1688,GW170608
1180921856,1689,GW170608
1180921856,1690,GW170608
1180921856,1691,GW170608
1180921856,1692,GW170608
1180921856,1693,GW170608
1180921856,1694,GW170608
1180921856,1695,GW170608
1180921856,1696,GW170608
1180921856,1697,GW170608
1180921856,1698,GW170608
1180921856,1699,GW170608
1180921856,1700,GW170608
1180921856,1701,GW170608
1180921856,1702,GW170608
1180921856,1703,GW170608
1180921856,1704,GW170608
1180921856,1705,GW170608
1180921856,1706,GW170608
1180921856,1707,GW170608
1180921856,1708,GW170608
1180921856,1709,GW170608
1180921856,1710,GW170608
1180921856,1711,GW170608
1180921856,1712,GW170608
1180921856,1713,GW170608
1180921856,1714,GW170608
1180921856,1715,GW170608
1180921856,1716,GW170608
1180921856,1717,GW170608
1180921856,1718,GW170608
1180921856,1719,GW170608
1180921856,1720,GW170608
1180921856,1721,GW170608
1180921856,1722,GW170608
1180921856,1723,GW170608
1180921856,1724,GW170608
1180921856,1725,GW170608
1180921856,1726,GW170608
1180921856,1727,GW170608
1180921856,1728,GW170608
1180921856,1729,GW170608
1180921856,1730,GW170608
1180921856,1731,GW170608
1180921856,1732,GW170608
1180921856,1733,GW170608
1180921856,1734,GW170608
1180921856,1735,GW170608
1180921856,1736,GW170608
1180921856,1737,GW170608
1180921856,1738,GW170608
1180921856,1739,GW170608
1180921856,1740,GW170608
1180921856,1741,GW170608
1180921856,1742,GW170608
1180921856,1743,GW170608
1180921856,1744,GW170608
1180921856,1745,GW170608
1180921856,1746,GW170608
1180921856,1747,GW170608
1180921856,1748,GW170608
1180921856,1749,GW170608
1180921856,1750,GW170608
1180921856,1751,GW170608
1180921856,1752,GW170608
1180921856,1753,GW170608
1180921856,1754,GW170608
1180921856,1755,GW170608
1180921856,1756,GW170608
1180921856,1757,GW170608
1180921856,1758,GW170608
1180921856,1759,GW170608
1180921856,1760,GW170608
1180921856,1761,GW170608
1180921856,1762,GW170608
1180921856,1763,GW170608
1180921856,1764,GW170608
1180921856,1765,GW170608
1180921856,1766,GW170608
1180921856,1767,GW170608
1180921856,1768,GW170608
1180921856,1769,GW170608
1180921856,1770,GW170608
1180921856,1771,GW170608
1180921856,1772,GW170608
1180921856,1773,GW170608
1180921856,1774,GW170608
1180921856,1775,GW170608
1180921856,1776,GW170608
1180921856,1777,GW170608
1180921856,1778,GW170608
1180921856,1779,GW170608
1180921856,1780,GW170608
1180921856,1781,GW170608
1180921856,1782,GW170608
1180921856,1783,GW170608
1180921856,1784,GW170608
1180921856,1785,GW170608
1180921856,1786,GW170608
1180921856,1787,GW170608
1180921856,1788,GW170608
1180921856,1789,GW170608
1180921856,1790,GW170608
1180921856,1791,GW170608
1180921856,1792,GW170608
1180921856,1793,GW170608
1180921856,1794,GW170608
1180921856,1795,GW170608
1180921856,1796,GW170608
1180921856,1797,GW170608
1180921856,1798,GW170608
1180921856,1799,GW170608
1180921856,1800,GW170608
1180921856,1801,GW170608
1180921856,1802,GW170608
1180921856,1803,GW170608
1180921856,1804,GW170608
1180921856,1805,GW170608
1180921856,1806,GW170608
1180921856,1807,GW170608
1180921856,1808,GW170608
1180921856,1809,GW170608
1180921856,1810,GW170608
1180921856,1811,GW170608
1180921856,1812,GW170608
1180921856,1813,GW170608
1180921856,1814,GW170608
1180921856,1815,GW170608
1180921856,1816,GW170608
1180921856,1817,GW170608
1180921856,1818,GW170608
1180921856,1819,GW170608
1180921856,1820,GW170608
1180921856,1821,GW170608
1180921856,1822,GW170608
1180921856,1823,GW170608
1180921856,1824,GW170608
1180921856,1825,GW170608
1180921856,1826,GW170608
1180921856,1827,GW170608
1180921856,1828,GW170608
1180921856,1829,GW170608
1180921856,1830,GW170608
1180921856,1831,GW170608
1180921856,1832,GW170608
1180921856,1833,GW170608
1180921856,1834,GW170608
1180921856,1835,GW170608
1180921856,1836,GW170608
1180921856,1837,GW170608
1180921856,1838,GW170608
1180921856,1839,GW170608
1180921856,1840,GW170608
1180921856,1841,GW170608
1180921856,1842,GW170608
1180921856,1843,GW170608
1180921856,1844,GW170608
1180921856,1845,GW170608
1180921856,1846,GW170608
1180921856,1847,GW170608
1180921856,1848,GW170608
1180921856,1849,GW170608
1180921856,1850,GW170608
1180921856,1851,GW170608
1180921856,1852,GW170608
1180921856,1853,GW170608
1180921856,1854,GW170608
1180921856,1855,GW170608
1180921856,1856,GW170608
1180921856,1857,GW170608
1180921856,1858,GW170608
1180921856,1859,GW170608
1180921856,1860,GW170608
1180921856,1861,GW170608
1180921856,1862,GW170608
1180921856,1863,GW170608
1180921856,1864,GW170608
1180921856,1865,GW170608
1180921856,1866,GW170608
1180921856,1867,GW170608
1180921856,1868,GW170608
1180921856,1869,GW170608
1180921856,1870,GW170608
1180921856,1871,GW170608
1180921856,1872,GW170608
1180921856,1873,GW170608
1180921856,1874,GW170608
1180921856,1875,GW170608
1180921856,1876,GW170608
1180921856,1877,GW170608
1180921856,1878,GW170608
1180921856,1879,GW170608
1180921856,1880,GW170608
1180921856,1881,GW170608
1180921856,1882,GW170608
1180921856,1883,GW170608
1180921856,1884,GW170608
1180921856,1885,GW170608
1180921856,1886,GW170608
1180921856,1887,GW170608
1180921856,1888,GW170608
1180921856,1889,GW170608
1180921856,1890,GW170608
1180921856,1891,GW170608
1180921856,1892,GW170608
1180921856,1893,GW170608
1180921856,1894,GW170608
1180921856,1895,GW170608
1180921856,1896,GW170608
1180921856,1897,GW170608
1180921856,1898,GW170608
1180921856,1899,GW170608
1180921856,1900,GW170608
1180921856,1901,GW170608
1180921856,1902,GW170608
1180921856,1903,GW170608
1180921856,1904,GW170608
1180921856,1905,GW170608
1180921856,1906,GW170608
1180921856,1907,GW170608
1180921856,1908,GW170608
1180921856,1909,GW170608
1180921856,1910,GW170608
1180921856,1911,GW170608
1180921856,1912,GW170608
1180921856,1913,GW170608
1180921856,1914,GW170608
1180921856,1915,GW170608
1180921856,1916,GW170608
1180921856,1917,GW170608
1180921856,1918,GW170608
1180921856,1919,GW170608
1180921856,1920,GW170608
1180921856,1921,GW170608
1180921856,1922,GW170608
1180921856,1923,GW170608
1180921856,1924,GW170608
1180921856,1925,GW170608
1180921856,1926,GW170608
1180921856,1927,GW170608
1180921856,1928,GW170608
1180921856,1929,GW170608
1180921856,1930,GW170608
1180921856,1931,GW170608
1180921856,1932,GW170608
1180921856,1933,GW170608
1180921856,1934,GW170608
1180921856,1935,GW170608
1180921856,1936,GW170608
1180921856,1937,GW170608
1180921856,1938,GW170608
1180921856,1939,GW170608
1180921856,1940,GW170608
1180921856,1941,GW170608
1180921856,1942,GW170608
1180921856,1943,GW170608
1180921856,1944,GW170608
1180921856,1945,GW170608
1180921856,1946,GW170608
1180921856,1947,GW170608
1180921856,1948,GW170608
1180921856,1949,GW170608
1180921856,1950,GW170608
1180921856,1951,GW170608
1180921856,1952,GW170608
1180921856,1953,GW170608
1180921856,1954,GW170608
1180921856,1955,GW170608
1180921856,1956,GW170608
1180921856,1957,GW170608
1180921856,1958,GW170608
1180921856,1959,GW170608
1180921856,1960,GW170608
1180921856,1961,GW170608
1180921856,1962,GW170608
1180921856,1963,GW170608
1180921856,1964,GW170608
1180921856,1965,GW170608
1180921856,1966,GW170608
1180921856,1967,GW170608
1180921856,1968,GW170608
1180921856,1969,GW170608
1180921856,1970,GW170608
1180921856,1971,GW170608
1180921856,1972,GW170608
1180921856,1973,GW170608
1180921856,1974,GW170608
1180921856,1975,GW170608
1180921856,1976,GW170608
1180921856,1977,GW170608
1180921856,1978,GW170608
1180921856,1979,GW170608
1180921856,1980,GW170608
1180921856,1981,GW170608
1180921856,1982,GW170608
1180921856,1983,GW170608
1180921856,1984,GW170608
1180921856,1985,GW170608
1180921856,1986,GW170608
1180921856,1987,GW170608
1180921856,1988,GW170608
1180921856,1989,GW170608
1180921856,1990,GW170608
1180921856,1991,GW170608
1180921856,1992,GW170608
1180921856,1993,GW170608
1180921856,1994,GW170608
1180921856,1995,GW170608
1180921856,1996,GW170608
1180921856,1997,GW170608
1180921856,1998,GW170608
1180921856,1999,GW170608
1180921856,2000,GW170608
1180921856,2001,GW170608
1180921856,2002,GW170608
1180921856,2003,GW170608
1180921856,2004,GW170608
1180921856,2005,GW170608
1180921856,2006,GW170608
1180921856,2007,GW170608
1180921856,2008,GW170608
1180921856,2009,GW170608
1180921856,2010,GW170608
1180921856,2011,GW170608
1180921856,2012,GW170608
1180921856,2013,GW170608
1180921856,2014,GW170608
1180921856,2015,GW170608
1180921856,2016,GW170608
1180921856,2017,GW170608
1180921856,2018,GW170608
1180921856,2019,GW170608
1180921856,2020,GW170608
1180921856,2021,GW170608
1180921856,2022,GW170608
1180921856,2023,GW170608
1180921856,2024,GW170608
1180921856,2025,GW170608
1180921856,2026,GW170608
1180921856,2027,GW170608
1180921856,2028,GW170608
1180921856,2029,GW170608
1180921856,2030,GW170608
1180921856,2031,GW170608
1180921856,2032,GW170608
1180921856,2033,GW170608
1180921856,2034,GW170608
1180921856,2035,GW170608
1180921856,2036,GW170608
1180921856,2037,GW170608
1180921856,2038,GW170608
1180921856,2039,GW170608
1180921856,2040,GW170608
1180921856,2041,GW170608
1180921856,2042,GW170608
1180921856,2043,GW170608
1180921856,2044,GW170608
1180921856,2045,GW170608
1180921856,2046,GW170608
1180921856,2047,GW170608
1180921856,2048,GW170608
1180921856,2049,GW170608
1180921856,2050,GW170608
1180921856,2051,GW170608
1180921856,2052,GW170608
1180921856,2053,GW170608
1180921856,2054,GW170608
1180921856,2055,GW170608
1180921856,2056,GW170608
1180921856,2057,GW170608
1180921856,2058,GW170608
1180921856,2059,GW170608
1180921856,2060,GW170608
1180921856,2061,GW170608
1180921856,2062,GW170608
1180921856,2063,GW170608
1180921856,2064,GW170608
1180921856,2065,GW170608
1180921856,2066,GW170608
1180921856,2067,GW170608
1180921856,2068,GW170608
1180921856,2069,GW170608
1180921856,2070,GW170608
1180921856,2071,GW170608
1180921856,2072,GW170608
1180921856,2073,GW170608
1180921856,2074,GW170608
1180921856,2075,GW170608
1180921856,2076,GW170608
1180921856,2077,GW170608
1180921856,2078,GW170608
1180921856,2079,GW170608
1180921856,2080,GW170608
1180921856,2081,GW170608
1180921856,2082,GW170608
1180921856,2083,GW170608
1180921856,2084,GW170608
1180921856,2085,GW170608
1180921856,2086,GW170608
1180921856,2087,GW170608
1180921856,2088,GW170608
1180921856,2089,GW170608
1180921856,2090,GW170608
1180921856,2091,GW170608
1180921856,2092,GW170608
1180921856,2093,GW170608
1180921856,2094,GW170608
1180921856,2095,GW170608
1180921856,2096,GW170608
1180921856,2097,GW170608
1180921856,2098,GW170608
1180921856,2099,GW170608
1180921856,2100,GW170608
1180921856,2101,GW170608
1180921856,2102,GW170608
1180921856,2103,GW170608
1180921856,2104,GW170608
1180921856,2105,GW170608
1180921856,2106,GW170608
1180921856,2107,GW170608
1180921856,2108,GW170608
1180921856,2109,GW170608
1180921856,2110,GW170608
1180921856,2111,GW170608
1180921856,2112,GW170608
1180921856,2113,GW170608
1180921856,2114,GW170608
1180921856,2115,GW170608
1180921856,2116,GW170608
1180921856,2117,GW170608
1180921856,2118,GW170608
1180921856,2119,GW170608
1180921856,2120,GW170608
1180921856,2121,GW170608
1180921856,2122,GW170608
1180921856,2123,GW170608
1180921856,2124,GW170608
1180921856,2125,GW170608
1180921856,2126,GW170608
1180921856,2127,GW170608
1180921856,2128,GW170608
1180921856,2129,GW170608
1180921856,2130,GW170608
1180921856,2131,GW170608
1180921856,2132,GW170608
1180921856,2133,GW170608
1180921856,2134,GW170608
1180921856,2135,GW170608
1180921856,2136,GW170608
1180921856,2137,GW170608
1180921856,2138,GW170608
1180921856,2139,GW170608
1180921856,2140,GW170608
1180921856,2141,GW170608
1180921856,2142,GW170608
1180921856,2143,GW170608
1180921856,2144,GW170608
1180921856,2145,GW170608
1180921856,2146,GW170608
1180921856,2147,GW170608
1180921856,2148,GW170608
1180921856,2149,GW170608
1180921856,2150,GW170608
1180921856,2151,GW170608
1180921856,2152,GW170608
1180921856,2153,GW170608
1180921856,2154,GW170608
1180921856,2155,GW170608
1180921856,2156,GW170608
1180921856,2157,GW170608
1180921856,2158,GW170608
1180921856,2159,GW170608
1180921856,2160,GW170608
1180921856,2161,GW170608
1180921856,2162,GW170608
1180921856,2163,GW170608
1180921856,2164,GW170608
1180921856,2165,GW170608
1180921856,2166,GW170608
1180921856,2167,GW170608
1180921856,2168,GW170608
1180921856,2169,GW170608
1180921856,2170,GW170608
1180921856,2171,GW170608
1180921856,2172,GW170608
1180921856,2173,GW170608
1180921856,2174,GW170608
1180921856,2175,GW170608
1180921856,2176,GW170608
1180921856,2177,GW170608
1180921856,2178,GW170608
1180921856,2179,GW170608
1180921856,2180,GW170608
1180921856,2181,GW170608
1180921856,2182,GW170608
1180921856,2183,GW170608
1180921856,2184,GW170608
1180921856,2185,GW170608
1180921856,2186,GW170608
1180921856,2187,GW170608
1180921856,2188,GW170608
1180921856,2189,GW170608
1180921856,2190,GW170608
1180921856,2191,GW170608
1180921856,2192,GW170608
1180921856,2193,GW170608
1180921856,2194,GW170608
1180921856,2195,GW170608
1180921856,2196,GW170608
1180921856,2197,GW170608
1180921856,2198,GW170608
1180921856,2199,GW170608
1180921856,2200,GW170608
1180921856,2201,GW170608
1180921856,2202,GW170608
1180921856,2203,GW170608
1180921856,2204,GW170608
1180921856,2205,GW170608
1180921856,2206,GW170608
1180921856,2207,GW170608
1180921856,2208,GW170608
1180921856,2209,GW170608
1180921856,2210,GW170608
1180921856,2211,GW170608
1180921856,2212,GW170608
1180921856,2213,GW170608
1180921856,2214,GW170608
1180921856,2215,GW170608
1180921856,2216,GW170608
1180921856,2217,GW170608
1180921856,2218,GW170608
1180921856,2219,GW170608
1180921856,2220,GW170608
1180921856,2221,GW170608
1180921856,2222,GW170608
1180921856,2223,GW170608
1180921856,2224,GW170608
1180921856,2225,GW170608
1180921856,2226,GW170608
1180921856,2227,GW170608
1180921856,2228,GW170608
1180921856,2229,GW170608
1180921856,2230,GW170608
1180921856,2231,GW170608
1180921856,2232,GW170608
1180921856,2233,GW170608
1180921856,2234,GW170608
1180921856,2235,GW170608
1180921856,2236,GW170608
1180921856,2237,GW170608
1180921856,2238,GW170608
1180921856,2239,GW170608
1180921856,2240,GW170608
1180921856,2241,GW170608
1180921856,2242,GW170608
1180921856,2243,GW170608
1180921856,2244,GW170608
1180921856,2245,GW170608
1180921856,2246,GW170608
1180921856,2247,GW170608
1180921856,2248,GW170608
1180921856,2249,GW170608
1180921856,2250,GW170608
1180921856,2251,GW170608
1180921856,2252,GW170608
1180921856,2253,GW170608
1180921856,2254,GW170608
1180921856,2255,GW170608
1180921856,2256,GW170608
1180921856,2257,GW170608
1180921856,2258,GW170608
1180921856,2259,GW170608
1180921856,2260,GW170608
1180921856,2261,GW170608
1180921856,2262,GW170608
1180921856,2263,GW170608
1180921856,2264,GW170608
1180921856,2265,GW170608
1180921856,2266,GW170608
1180921856,2267,GW170608
1180921856,2268,GW170608
1180921856,2269,GW170608
1180921856,2270,GW170608
1180921856,2271,GW170608
1180921856,2272,GW170608
1180921856,2273,GW170608
1180921856,2274,GW170608
1180921856,2275,GW170608
1180921856,2276,GW170608
1180921856,2277,GW170608
1180921856,2278,GW170608
1180921856,2279,GW170608
1180921856,2280,GW170608
1180921856,2281,GW170608
1180921856,2282,GW170608
1180921856,2283,GW170608
1180921856,2284,GW170608
1180921856,2285,GW170608
1180921856,2286,GW170608
1180921856,2287,GW170608
1180921856,2288,GW170608
1180921856,2289,GW170608
1180921856,2290,GW170608
1180921856,2291,GW170608
1180921856,2292,GW170608
1180921856,2293,GW170608
1180921856,2294,GW170608
1180921856,2295,GW170608
1180921856,2296,GW170608
1180921856,2297,GW170608
1180921856,2298,GW170608
1180921856,2299,GW170608
1180921856,2300,GW170608
1180921856,2301,GW170608
1180921856,2302,GW170608
1180921856,2303,GW170608
1180921856,2304,GW170608
1180921856,2305,GW170608
1180921856,2306,GW170608
1180921856,2307,GW170608
1180921856,2308,GW170608
1180921856,2309,GW170608
1180921856,2310,GW170608
1180921856,2311,GW170608
1180921856,2312,GW170608
1180921856,2313,GW170608
1180921856,2314,GW170608
1180921856,2315,GW170608
1180921856,2316,GW170608
1180921856,2317,GW170608
1180921856,2318,GW170608
1180921856,2319,GW170608
1180921856,2320,GW170608
1180921856,2321,GW170608
1180921856,2322,GW170608
1180921856,2323,GW170608
1180921856,2324,GW170608
1180921856,2325,GW170608
1180921856,2326,GW170608
1180921856,2327,GW170608
1180921856,2328,GW170608
1180921856,2329,GW170608
1180921856,2330,GW170608
1180921856,2331,GW170608
1180921856,2332,GW170608
1180921856,2333,GW170608
1180921856,2334,GW170608
1180921856,2335,GW170608
1180921856,2336,GW170608
1180921856,2337,GW170608
1180921856,2338,GW170608
1180921856,2339,GW170608
1180921856,2340,GW170608
1180921856,2341,GW170608
1180921856,2342,GW170608
1180921856,2343,GW170608
1180921856,2344,GW170608
1180921856,2345,GW170608
1180921856,2346,GW170608
1180921856,2347,GW170608
1180921856,2348,GW170608
1180921856,2349,GW170608
1180921856,2350,GW170608
1180921856,2351,GW170608
1180921856,2352,GW170608
1180921856,2353,GW170608
1180921856,2354,GW170608
1180921856,2355,GW170608
1180921856,2356,GW170608
1180921856,2357,GW170608
1180921856,2358,GW170608
1180921856,2359,GW170608
1180921856,2360,GW170608
1180921856,2361,GW170608
1180921856,2362,GW170608
1180921856,2363,GW170608
1180921856,2364,GW170608
1180921856,2365,GW170608
1180921856,2366,GW170608
1180921856,2367,GW170608
1180921856,2368,GW170608
1180921856,2369,GW170608
1180921856,2370,GW170608
1180921856,2371,GW170608
1180921856,2372,GW170608
1180921856,2373,GW170608
1180921856,2374,GW170608
1180921856,2375,GW170608
1180921856,2376,GW170608
1180921856,2377,GW170608
1180921856,2378,GW170608
1180921856,2379,GW170608
1180921856,2380,GW170608
1180921856,2381,GW170608
1180921856,2382,GW170608
1180921856,2383,GW170608
1180921856,2384,GW170608
1180921856,2385,GW170608
1180921856,2386,GW170608
1180921856,2387,GW170608
1180921856,2388,GW170608
1180921856,2389,GW170608
1180921856,2390,GW170608
1180921856,2391,GW170608
1180921856,2392,GW170608
1180921856,2393,GW170608
1180921856,2394,GW170608
1180921856,2395,GW170608
1180921856,2396,GW170608
1180921856,2397,GW170608
1180921856,2398,GW170608
1180921856,2399,GW170608
1180921856,2400,GW170608
1180921856,2401,GW170608
1180921856,2402,GW170608
1180921856,2403,GW170608
1180921856,2404,GW170608
1180921856,2405,GW170608
1180921856,2406,GW170608
1180921856,2407,GW170608
1180921856,2408,GW170608
1180921856,2409,GW170608
1180921856,2410,GW170608
1180921856,2411,GW170608
1180921856,2412,GW170608
1180921856,2413,GW170608
1180921856,2414,GW170608
1180921856,2415,GW170608
1180921856,2416,GW170608
1180921856,2417,GW170608
1180921856,2418,GW170608
1180921856,2419,GW170608
1180921856,2420,GW170608
1180921856,2421,GW170608
1180921856,2422,GW170608
1180921856,2423,GW170608
1180921856,2424,GW170608
1180921856,2425,GW170608
1180921856,2426,GW170608
1180921856,2427,GW170608
1180921856,2428,GW170608
1180921856,2429,GW170608
1180921856,2430,GW170608
1180921856,2431,GW170608
1180921856,2432,GW170608
1180921856,2433,GW170608
1180921856,2434,GW170608
1180921856,2435,GW170608
1180921856,2436,GW170608
1180921856,2437,GW170608
1180921856,2438,GW170608
1180921856,2439,GW170608
1180921856,2440,GW170608
1180921856,2441,GW170608
1180921856,2442,GW170608
1180921856,2443,GW170608
1180921856,2444,GW170608
1180921856,2445,GW170608
1180921856,2446,GW170608
1180921856,2447,GW170608
1180921856,2448,GW170608
1180921856,2449,GW170608
1180921856,2450,GW170608
1180921856,2451,GW170608
1180921856,2452,GW170608
1180921856,2453,GW170608
1180921856,2454,GW170608
1180921856,2455,GW170608
1180921856,2456,GW170608
1180921856,2457,GW170608
1180921856,2458,GW170608
1180921856,2459,GW170608
1180921856,2460,GW170608
1180921856,2461,GW170608
1180921856,2462,GW170608
1180921856,2463,GW170608
1180921856,2464,GW170608
1180921856,2465,GW170608
1180921856,2466,GW170608
1180921856,2467,GW170608
1180921856,2468,GW170608
1180921856,2469,GW170608
1180921856,2470,GW170608
1180921856,2471,GW170608
1180921856,2472,GW170608
1180921856,2473,GW170608
1180921856,2474,GW170608
1180921856,2475,GW170608
1180921856,2476,GW170608
1180921856,2477,GW170608
1180921856,2478,GW170608
1180921856,2479,GW170608
1180921856,2480,GW170608
1180921856,2481,GW170608
1180921856,2482,GW170608
1180921856,2483,GW170608
1180921856,2484,GW170608
1180921856,2485,GW170608
1180921856,2486,GW170608
1180921856,2487,GW170608
1180921856,2488,GW170608
1180921856,2489,GW170608
1180921856,2490,GW170608
1180921856,2491,GW170608
1180921856,2492,GW170608
1180921856,2493,GW170608
1180921856,2494,GW170608
1180921856,2495,GW170608
1180921856,2496,GW170608
1180921856,2497,GW170608
1180921856,2498,GW170608
1180921856,2499,GW170608
1180921856,2500,GW170608
1180921856,2501,GW170608
1180921856,2502,GW170608
1180921856,2503,GW170608
1180921856,2504,GW170608
1180921856,2505,GW170608
1180921856,2506,GW170608
1180921856,2507,GW170608
1180921856,2508,GW170608
1180921856,2509,GW170608
1180921856,2510,GW170608
1180921856,2511,GW170608
1180921856,2512,GW170608
1180921856,2513,GW170608
1180921856,2514,GW170608
1180921856,2515,GW170608
1180921856,2516,GW170608
1180921856,2517,GW170608
1180921856,2518,GW170608
1180921856,2519,GW170608
1180921856,2520,GW170608
1180921856,2521,GW170608
1180921856,2522,GW170608
1180921856,2523,GW170608
1180921856,2524,GW170608
1180921856,2525,GW170608
1180921856,2526,GW170608
1180921856,2527,GW170608
1180921856,2528,GW170608
1180921856,2529,GW170608
1180921856,2530,GW170608
1180921856,2531,GW170608
1180921856,2532,GW170608
1180921856,2533,GW170608
1180921856,2534,GW170608
1180921856,2535,GW170608
1180921856,2536,GW170608
1180921856,2537,GW170608
1180921856,2538,GW170608
1180921856,2539,GW170608
1180921856,2540,GW170608
1180921856,2541,GW170608
1180921856,2542,GW170608
1180921856,2543,GW170608
1180921856,2544,GW170608
1180921856,2545,GW170608
1180921856,2546,GW170608
1180921856,2547,GW170608
1180921856,2548,GW170608
1180921856,2549,GW170608
1180921856,2550,GW170608
1180921856,2551,GW170608
1180921856,2552,GW170608
1180921856,2553,GW170608
1180921856,2554,GW170608
1180921856,2555,GW170608
1180921856,2556,GW170608
1180921856,2557,GW170608
1180921856,2558,GW170608
1180921856,2559,GW170608
1180921856,2560,GW170608
1180921856,2561,GW170608
1180921856,2562,GW170608
1180921856,2563,GW170608
1180921856,2564,GW170608
1180921856,2565,GW170608
1180921856,2566,GW170608
1180921856,2567,GW170608
1180921856,2568,GW170608
1180921856,2569,GW170608
1180921856,2570,GW170608
1180921856,2571,GW170608
1180921856,2572,GW170608
1180921856,2573,GW170608
1180921856,2574,GW170608
1180921856,2575,GW170608
1180921856,2576,GW170608
1180921856,2577,GW170608
1180921856,2578,GW170608
1180921856,2579,GW170608
1180921856,2580,GW170608
1180921856,2581,GW170608
1180921856,2582,GW170608
1180921856,2583,GW170608
1180921856,2584,GW170608
1180921856,2585,GW170608
1180921856,2586,GW170608
1180921856,2587,GW170608
1180921856,2588,GW170608
1180921856,2589,GW170608
1180921856,2590,GW170608
1180921856,2591,GW170608
1180921856,2592,GW170608
1180921856,2593,GW170608
1180921856,2594,GW170608
1180921856,2595,GW170608
1180921856,2596,GW170608
1180921856,2597,GW170608
1180921856,2598,GW170608
1180921856,2599,GW170608
1180921856,2600,GW170608
1180921856,2601,GW170608
1180921856,2602,GW170608
1180921856,2603,GW170608
1180921856,2604,GW170608
1180921856,2605,GW170608
1180921856,2606,GW170608
1180921856,2607,GW170608
1180921856,2608,GW170608
1180921856,2609,GW170608
1180921856,2610,GW170608
1180921856,2611,GW170608
1180921856,2612,GW170608
1180921856,2613,GW170608
1180921856,2614,GW170608
1180921856,2615,GW170608
1180921856,2616,GW170608
1180921856,2617,GW170608
1180921856,2618,GW170608
1180921856,2619,GW170608
1180921856,2620,GW170608
1180921856,2621,GW170608
1180921856,2622,GW170608
1180921856,2623,GW170608
1180921856,2624,GW170608
1180921856,2625,GW170608
1180921856,2626,GW170608
1180921856,2627,GW170608
1180921856,2628,GW170608
1180921856,2629,GW170608
1180921856,2630,GW170608
1180921856,2631,GW170608
1180921856,2632,GW170608
1180921856,2633,GW170608
1180921856,2634,GW170608
1180921856,2635,GW170608
1180921856,2636,GW170608
1180921856,2637,GW170608
1180921856,2638,GW170608
1180921856,2639,GW170608
1180921856,2640,GW170608
1180921856,2641,GW170608
1180921856,2642,GW170608
1180921856,2643,GW170608
1180921856,2644,GW170608
1180921856,2645,GW170608
1180921856,2646,GW170608
1180921856,2647,GW170608
1180921856,2648,GW170608
1180921856,2649,GW170608
1180921856,2650,GW170608
1180921856,2651,GW170608
1180921856,2652,GW170608
1180921856,2653,GW170608
1180921856,2654,GW170608
1180921856,2655,GW170608
1180921856,2656,GW170608
1180921856,2657,GW170608
1180921856,2658,GW170608
1180921856,2659,GW170608
1180921856,2660,GW170608
1180921856,2661,GW170608
1180921856,2662,GW170608
1180921856,2663,GW170608
1180921856,2664,GW170608
1180921856,2665,GW170608
1180921856,2666,GW170608
1180921856,2667,GW170608
1180921856,2668,GW170608
1180921856,2669,GW170608
1180921856,2670,GW170608
1180921856,2671,GW170608
1180921856,2672,GW170608
1180921856,2673,GW170608
1180921856,2674,GW170608
1180921856,2675,GW170608
1180921856,2676,GW170608
1180921856,2677,GW170608
1180921856,2678,GW170608
1180921856,2679,GW170608
1180921856,2680,GW170608
1180921856,2681,GW170608
1180921856,2682,GW170608
1180921856,2683,GW170608
1180921856,2684,GW170608
1180921856,2685,GW170608
1180921856,2686,GW170608
1180921856,2687,GW170608
1180921856,2688,GW170608
1180921856,2689,GW170608
1180921856,2690,GW170608
1180921856,2691,GW170608
1180921856,2692,GW170608
1180921856,2693,GW170608
1180921856,2694,GW170608
1180921856,2695,GW170608
1180921856,2696,GW170608
1180921856,2697,GW170608
1180921856,2698,GW170608
1180921856,2699,GW170608
1180921856,2700,GW170608
1180921856,2701,GW170608
1180921856,2702,GW170608
1180921856,2703,GW170608
1180921856,2704,GW170608
1180921856,2705,GW170608
1180921856,2706,GW170608
1180921856,2707,GW170608
1180921856,2708,GW170608
1180921856,2709,GW170608
1180921856,2710,GW170608
1180921856,2711,GW170608
1180921856,2712,GW170608
1180921856,2713,GW170608
1180921856,2714,GW170608
1180921856,2715,GW170608
1180921856,2716,GW170608
1180921856,2717,GW170608
1180921856,2718,GW170608
1180921856,2719,GW170608
1180921856,2720,GW170608
1180921856,2721,GW170608
1180921856,2722,GW170608
1180921856,2723,GW170608
1180921856,2724,GW170608
1180921856,2725,GW170608
1180921856,2726,GW170608
1180921856,2727,GW170608
1180921856,2728,GW170608
1180921856,2729,GW170608
1180921856,2730,GW170608
1180921856,2731,GW170608
1180921856,2732,GW170608
1180921856,2733,GW170608
1180921856,2734,GW170608
1180921856,2735,GW170608
1180921856,2736,GW170608
1180921856,2737,GW170608
1180921856,2738,GW170608
1180921856,2739,GW170608
1180921856,2740,GW170608
1180921856,2741,GW170608
1180921856,2742,GW170608
1180921856,2743,GW170608
1180921856,2744,GW170608
1180921856,2745,GW170608
1180921856,2746,GW170608
1180921856,2747,GW170608
1180921856,2748,GW170608
1180921856,2749,GW170608
1180921856,2750,GW170608
1180921856,2751,GW170608
1180921856,2752,GW170608
1180921856,2753,GW170608
1180921856,2754,GW170608
1180921856,2755,GW170608
1180921856,2756,GW170608
1180921856,2757,GW170608
1180921856,2758,GW170608
1180921856,2759,GW170608
1180921856,2760,GW170608
1180921856,2761,GW170608
1180921856,2762,GW170608
1180921856,2763,GW170608
1180921856,2764,GW170608
1180921856,2765,GW170608
1180921856,2766,GW170608
1180921856,2767,GW170608
1180921856,2768,GW170608
1180921856,2769,GW170608
1180921856,2770,GW170608
1180921856,2771,GW170608
1180921856,2772,GW170608
1180921856,2773,GW170608
1180921856,2774,GW170608
1180921856,2775,GW170608
1180921856,2776,GW170608
1180921856,2777,GW170608
1180921856,2778,GW170608
1180921856,2779,GW170608
1180921856,2780,GW170608
1180921856,2781,GW170608
1180921856,2782,GW170608
1180921856,2783,GW170608
1180921856,2784,GW170608
1180921856,2785,GW170608
1180921856,2786,GW170608
1180921856,2787,GW170608
1180921856,2788,GW170608
1180921856,2789,GW170608
1180921856,2790,GW170608
1180921856,2791,GW170608
1180921856,2792,GW170608
1180921856,2793,GW170608
1180921856,2794,GW170608
1180921856,2795,GW170608
1180921856,2796,GW170608
1180921856,2797,GW170608
1180921856,2798,GW170608
1180921856,2799,GW170608
1180921856,2800,GW170608
1180921856,2801,GW170608
1180921856,2802,GW170608
1180921856,2803,GW170608
1180921856,2804,GW170608
1180921856,2805,GW170608
1180921856,2806,GW170608
1180921856,2807,GW170608
1180921856,2808,GW170608
1180921856,2809,GW170608
1180921856,2810,GW170608
1180921856,2811,GW170608
1180921856,2812,GW170608
1180921856,2813,GW170608
1180921856,2814,GW170608
1180921856,2815,GW170608
1180921856,2816,GW170608
1180921856,2817,GW170608
1180921856,2818,GW170608
1180921856,2819,GW170608
1180921856,2820,GW170608
1180921856,2821,GW170608
1180921856,2822,GW170608
1180921856,2823,GW170608
1180921856,2824,GW170608
1180921856,2825,GW170608
1180921856,2826,GW170608
1180921856,2827,GW170608
1180921856,2828,GW170608
1180921856,2829,GW170608
1180921856,2830,GW170608
1180921856,2831,GW170608
1180921856,2832,GW170608
1180921856,2833,GW170608
1180921856,2834,GW170608
1180921856,2835,GW170608
1180921856,2836,GW170608
1180921856,2837,GW170608
1180921856,2838,GW170608
1180921856,2839,GW170608
1180921856,2840,GW170608
1180921856,2841,GW170608
1180921856,2842,GW170608
1180921856,2843,GW170608
1180921856,2844,GW170608
1180921856,2845,GW170608
1180921856,2846,GW170608
1180921856,2847,GW170608
1180921856,2848,GW170608
1180921856,2849,GW170608
1180921856,2850,GW170608
1180921856,2851,GW170608
1180921856,2852,GW170608
1180921856,2853,GW170608
1180921856,2854,GW170608
1180921856,2855,GW170608
1180921856,2856,GW170608
1180921856,2857,GW170608
1180921856,2858,GW170608
1180921856,2859,GW170608
1180921856,2860,GW170608
1180921856,2861,GW170608
1180921856,2862,GW170608
1180921856,2863,GW170608
1180921856,2864,GW170608
1180921856,2865,GW170608
1180921856,2866,GW170608
1180921856,2867,GW170608
1180921856,2868,GW170608
1180921856,2869,GW170608
1180921856,2870,GW170608
1180921856,2871,GW170608
1180921856,2872,GW170608
1180921856,2873,GW170608
1180921856,2874,GW170608
1180921856,2875,GW170608
1180921856,2876,GW170608
1180921856,2877,GW170608
1180921856,2878,GW170608
1180921856,2879,GW170608
1180921856,2880,GW170608
1180921856,2881,GW170608
1180921856,2882,GW170608
1180921856,2883,GW170608
1180921856,2884,GW170608
1180921856,2885,GW170608
1180921856,2886,GW170608
1180921856,2887,GW170608
1180921856,2888,GW170608
1180921856,2889,GW170608
1180921856,2890,GW170608
1180921856,2891,GW170608
1180921856,2892,GW170608
1180921856,2893,GW170608
1180921856,2894,GW170608
1180921856,2895,GW170608
1180921856,2896,GW170608
1180921856,2897,GW170608
1180921856,2898,GW170608
1180921856,2899,GW170608
1180921856,2900,GW170608
1180921856,2901,GW170608
1180921856,2902,GW170608
1180921856,2903,GW170608
1180921856,2904,GW170608
1180921856,2905,GW170608
1180921856,2906,GW170608
1180921856,2907,GW170608
1180921856,2908,GW170608
1180921856,2909,GW170608
1180921856,2910,GW170608
1180921856,2911,GW170608
1180921856,2912,GW170608
1180921856,2913,GW170608
1180921856,2914,GW170608
1180921856,2915,GW170608
1180921856,2916,GW170608
1180921856,2917,GW170608
1180921856,2918,GW170608
1180921856,2919,GW170608
1180921856,2920,GW170608
1180921856,2921,GW170608
1180921856,2922,GW170608
1180921856,2923,GW170608
1180921856,2924,GW170608
1180921856,2925,GW170608
1180921856,2926,GW170608
1180921856,2927,GW170608
1180921856,2928,GW170608
1180921856,2929,GW170608
1180921856,2930,GW170608
1180921856,2931,GW170608
1180921856,2932,GW170608
1180921856,2933,GW170608
1180921856,2934,GW170608
1180921856,2935,GW170608
1180921856,2936,GW170608
1180921856,2937,GW170608
1180921856,2938,GW170608
1180921856,2939,GW170608
1180921856,2940,GW170608
1180921856,2941,GW170608
1180921856,2942,GW170608
1180921856,2943,GW170608
1180921856,2944,GW170608
1180921856,2945,GW170608
1180921856,2946,GW170608
1180921856,2947,GW170608
1180921856,2948,GW170608
1180921856,2949,GW170608
1180921856,2950,GW170608
1180921856,2951,GW170608
1180921856,2952,GW170608
1180921856,2953,GW170608
1180921856,2954,GW170608
1180921856,2955,GW170608
1180921856,2956,GW170608
1180921856,2957,GW170608
1180921856,2958,GW170608
1180921856,2959,GW170608
1180921856,2960,GW170608
1180921856,2961,GW170608
1180921856,2962,GW170608
1180921856,2963,GW170608
1180921856,2964,GW170608
1180921856,2965,GW170608
1180921856,2966,GW170608
1180921856,2967,GW170608
1180921856,2968,GW170608
1180921856,2969,GW170608
1180921856,2970,GW170608
1180921856,2971,GW170608
1180921856,2972,GW170608
1180921856,2973,GW170608
1180921856,2974,GW170608
1180921856,2975,GW170608
1180921856,2976,GW170608
1180921856,2977,GW170608
1180921856,2978,GW170608
1180921856,2979,GW170608
1180921856,2980,GW170608
1180921856,2981,GW170608
1180921856,2982,GW170608
1180921856,2983,GW170608
1180921856,2984,GW170608
1180921856,2985,GW170608
1180921856,2986,GW170608
1180921856,2987,GW170608
1180921856,2988,GW170608
1180921856,2989,GW170608
1180921856,2990,GW170608
1180921856,2991,GW170608
1180921856,2992,GW170608
1180921856,2993,GW170608
1180921856,2994,GW170608
1180921856,2995,GW170608
1180921856,2996,GW170608
1180921856,2997,GW170608
1180921856,2998,GW170608
1180921856,2999,GW170608
1180921856,3000,GW170608
1180921856,3001,GW170608
1180921856,3002,GW170608
1180921856,3003,GW170608
1180921856,3004,GW170608
1180921856,3005,GW170608
1180921856,3006,GW170608
1180921856,3007,GW170608
1180921856,3008,GW170608
1180921856,3009,GW170608
1180921856,3010,GW170608
1180921856,3011,GW170608
1180921856,3012,GW170608
1180921856,3013,GW170608
1180921856,3014,GW170608
1180921856,3015,GW170608
1180921856,3016,GW170608
1180921856,3017,GW170608
1180921856,3018,GW170608
1180921856,3019,GW170608
1180921856,3020,GW170608
1180921856,3021,GW170608
1180921856,3022,GW170608
1180921856,3023,GW170608
1180921856,3024,GW170608
1180921856,3025,GW170608
1180921856,3026,GW170608
1180921856,3027,GW170608
1180921856,3028,GW170608
1180921856,3029,GW170608
1180921856,3030,GW170608
1180921856,3031,GW170608
1180921856,3032,GW170608
1180921856,3033,GW170608
1180921856,3034,GW170608
1180921856,3035,GW170608
1180921856,3036,GW170608
1180921856,3037,GW170608
1180921856,3038,GW170608
1180921856,3039,GW170608
1180921856,3040,GW170608
1180921856,3041,GW170608
1180921856,3042,GW170608
1180921856,3043,GW170608
1180921856,3044,GW170608
1180921856,3045,GW170608
1180921856,3046,GW170608
1180921856,3047,GW170608
1180921856,3048,GW170608
1180921856,3049,GW170608
1180921856,3050,GW170608
1180921856,3051,GW170608
1180921856,3052,GW170608
1180921856,3053,GW170608
1180921856,3054,GW170608
1180921856,3055,GW170608
1180921856,3056,GW170608
1180921856,3057,GW170608
1180921856,3058,GW170608
1180921856,3059,GW170608
1180921856,3060,GW170608
1180921856,3061,GW170608
1180921856,3062,GW170608
1180921856,3063,GW170608
1180921856,3064,GW170608
1180921856,3065,GW170608
1180921856,3066,GW170608
1180921856,3067,GW170608
1180921856,3068,GW170608
1180921856,3069,GW170608
1180921856,3070,GW170608
1180921856,3071,GW170608
1180921856,3072,GW170608
1180921856,3073,GW170608
1180921856,3074,GW170608
1180921856,3075,GW170608
1180921856,3076,GW170608
1180921856,3077,GW170608
1180921856,3078,GW170608
1180921856,3079,GW170608
1180921856,3080,GW170608
1180921856,3081,GW170608
1180921856,3082,GW170608
1180921856,3083,GW170608
1180921856,3084,GW170608
1180921856,3085,GW170608
1180921856,3086,GW170608
1180921856,3087,GW170608
1180921856,3088,GW170608
1180921856,3089,GW170608
1180921856,3090,GW170608
1180921856,3091,GW170608
1180921856,3092,GW170608
1180921856,3093,GW170608
1180921856,3094,GW170608
1180921856,3095,GW170608
1180921856,3096,GW170608
1180921856,3097,GW170608
1180921856,3098,GW170608
1180921856,3099,GW170608
1180921856,3100,GW170608
1180921856,3101,GW170608
1180921856,3102,GW170608
1180921856,3103,GW170608
1180921856,3104,GW170608
1180921856,3105,GW170608
1180921856,3106,GW170608
1180921856,3107,GW170608
1180921856,3108,GW170608
1180921856,3109,GW170608
1180921856,3110,GW170608
1180921856,3111,GW170608
1180921856,3112,GW170608
1180921856,3113,GW170608
1180921856,3114,GW170608
1180921856,3115,GW170608
1180921856,3116,GW170608
1180921856,3117,GW170608
1180921856,3118,GW170608
1180921856,3119,GW170608
1180921856,3120,GW170608
1180921856,3121,GW170608
1180921856,3122,GW170608
1180921856,3123,GW170608
1180921856,3124,GW170608
1180921856,3125,GW170608
1180921856,3126,GW170608
1180921856,3127,GW170608
1180921856,3128,GW170608
1180921856,3129,GW170608
1180921856,3130,GW170608
1180921856,3131,GW170608
1180921856,3132,GW170608
1180921856,3133,GW170608
1180921856,3134,GW170608
1180921856,3135,GW170608
1180921856,3136,GW170608
1180921856,3137,GW170608
1180921856,3138,GW170608
1180921856,3139,GW170608
1180921856,3140,GW170608
1180921856,3141,GW170608
1180921856,3142,GW170608
1180921856,3143,GW170608
1180921856,3144,GW170608
1180921856,3145,GW170608
1180921856,3146,GW170608
1180921856,3147,GW170608
1180921856,3148,GW170608
1180921856,3149,GW170608
1180921856,3150,GW170608
1180921856,3151,GW170608
1180921856,3152,GW170608
1180921856,3153,GW170608
1180921856,3154,GW170608
1180921856,3155,GW170608
1180921856,3156,GW170608
1180921856,3157,GW170608
1180921856,3158,GW170608
1180921856,3159,GW170608
1180921856,3160,GW170608
1180921856,3161,GW170608
1180921856,3162,GW170608
1180921856,3163,GW170608
1180921856,3164,GW170608
1180921856,3165,GW170608
1180921856,3166,GW170608
1180921856,3167,GW170608
1180921856,3168,GW170608
1180921856,3169,GW170608
1180921856,3170,GW170608
1180921856,3171,GW170608
1180921856,3172,GW170608
1180921856,3173,GW170608
1180921856,3174,GW170608
1180921856,3175,GW170608
1180921856,3176,GW170608
1180921856,3177,GW170608
1180921856,3178,GW170608
1180921856,3179,GW170608
1180921856,3180,GW170608
1180921856,3181,GW170608
1180921856,3182,GW170608
1180921856,3183,GW170608
1180921856,3184,GW170608
1180921856,3185,GW170608
1180921856,3186,GW170608
1180921856,3187,GW170608
1180921856,3188,GW170608
1180921856,3189,GW170608
1180921856,3190,GW170608
1180921856,3191,GW170608
1180921856,3192,GW170608
1180921856,3193,GW170608
1180921856,3194,GW170608
1180921856,3195,GW170608
1180921856,3196,GW170608
1180921856,3197,GW170608
1180921856,3198,GW170608
1180921856,3199,GW170608
1180921856,3200,GW170608
1180921856,3201,GW170608
1180921856,3202,GW170608
1180921856,3203,GW170608
1180921856,3204,GW170608
1180921856,3205,GW170608
1180921856,3206,GW170608
1180921856,3207,GW170608
1180921856,3208,GW170608
1180921856,3209,GW170608
1180921856,3210,GW170608
1180921856,3211,GW170608
1180921856,3212,GW170608
1180921856,3213,GW170608
1180921856,3214,GW170608
1180921856,3215,GW170608
1180921856,3216,GW170608
1180921856,3217,GW170608
1180921856,3218,GW170608
1180921856,3219,GW170608
1180921856,3220,GW170608
1180921856,3221,GW170608
1180921856,3222,GW170608
1180921856,3223,GW170608
1180921856,3224,GW170608
1180921856,3225,GW170608
1180921856,3226,GW170608
1180921856,3227,GW170608
1180921856,3228,GW170608
1180921856,3229,GW170608
1180921856,3230,GW170608
1180921856,3231,GW170608
1180921856,3232,GW170608
1180921856,3233,GW170608
1180921856,3234,GW170608
1180921856,3235,GW170608
1180921856,3236,GW170608
1180921856,3237,GW170608
1180921856,3238,GW170608
1180921856,3239,GW170608
1180921856,3240,GW170608
1180921856,3241,GW170608
1180921856,3242,GW170608
1180921856,3243,GW170608
1180921856,3244,GW170608
1180921856,3245,GW170608
1180921856,3246,GW170608
1180921856,3247,GW170608
1180921856,3248,GW170608
1180921856,3249,GW170608
1180921856,3250,GW170608
1180921856,3251,GW170608
1180921856,3252,GW170608
1180921856,3253,GW170608
1180921856,3254,GW170608
1180921856,3255,GW170608
1180921856,3256,GW170608
1180921856,3257,GW170608
1180921856,3258,GW170608
1180921856,3259,GW170608
1180921856,3260,GW170608
1180921856,3261,GW170608
1180921856,3262,GW170608
1180921856,3263,GW170608
1180921856,3264,GW170608
1180921856,3265,GW170608
1180921856,3266,GW170608
1180921856,3267,GW170608
1180921856,3268,GW170608
1180921856,3269,GW170608
1180921856,3270,GW170608
1180921856,3271,GW170608
1180921856,3272,GW170608
1180921856,3273,GW170608
1180921856,3274,GW170608
1180921856,3275,GW170608
1180921856,3276,GW170608
1180921856,3277,GW170608
1180921856,3278,GW170608
1180921856,3279,GW170608
1180921856,3280,GW170608
1180921856,3281,GW170608
1180921856,3282,GW170608
1180921856,3283,GW170608
1180921856,3284,GW170608
1180921856,3285,GW170608
1180921856,3286,GW170608
1180921856,3287,GW170608
1180921856,3288,GW170608
1180921856,3289,GW170608
1180921856,3290,GW170608
1180921856,3291,GW170608
1180921856,3292,GW170608
1180921856,3293,GW170608
1180921856,3294,GW170608
1180921856,3295,GW170608
1180921856,3296,GW170608
1180921856,3297,GW170608
1180921856,3298,GW170608
1180921856,3299,GW170608
1180921856,3300,GW170608
1180921856,3301,GW170608
1180921856,3302,GW170608
1180921856,3303,GW170608
1180921856,3304,GW170608
1180921856,3305,GW170608
1180921856,3306,GW170608
1180921856,3307,GW170608
1180921856,3308,GW170608
1180921856,3309,GW170608
1180921856,3310,GW170608
1180921856,3311,GW170608
1180921856,3312,GW170608
1180921856,3313,GW170608
1180921856,3314,GW170608
1180921856,3315,GW170608
1180921856,3316,GW170608
1180921856,3317,GW170608
1180921856,3318,GW170608
1180921856,3319,GW170608
1180921856,3320,GW170608
1180921856,3321,GW170608
1180921856,3322,GW170608
1180921856,3323,GW170608
1180921856,3324,GW170608
1180921856,3325,GW170608
1180921856,3326,GW170608
1180921856,3327,GW170608
1180921856,3328,GW170608
1180921856,3329,GW170608
1180921856,3330,GW170608
1180921856,3331,GW170608
1180921856,3332,GW170608
1180921856,3333,GW170608
1180921856,3334,GW170608
1180921856,3335,GW170608
1180921856,3336,GW170608
1180921856,3337,GW170608
1180921856,3338,GW170608
1180921856,3339,GW170608
1180921856,3340,GW170608
1180921856,3341,GW170608
1180921856,3342,GW170608
1180921856,3343,GW170608
1180921856,3344,GW170608
1180921856,3345,GW170608
1180921856,3346,GW170608
1180921856,3347,GW170608
1180921856,3348,GW170608
1180921856,3349,GW170608
1180921856,3350,GW170608
1180921856,3351,GW170608
1180921856,3352,GW170608
1180921856,3353,GW170608
1180921856,3354,GW170608
1180921856,3355,GW170608
1180921856,3356,GW170608
1180921856,3357,GW170608
1180921856,3358,GW170608
1180921856,3359,GW170608
1180921856,3360,GW170608
1180921856,3361,GW170608
1180921856,3362,GW170608
1180921856,3363,GW170608
1180921856,3364,GW170608
1180921856,3365,GW170608
1180921856,3366,GW170608
1180921856,3367,GW170608
1180921856,3368,GW170608
1180921856,3369,GW170608
1180921856,3370,GW170608
1180921856,3371,GW170608
1180921856,3372,GW170608
1180921856,3373,GW170608
1180921856,3374,GW170608
1180921856,3375,GW170608
1180921856,3376,GW170608
1180921856,3377,GW170608
1180921856,3378,GW170608
1180921856,3379,GW170608
1180921856,3380,GW170608
1180921856,3381,GW170608
1180921856,3382,GW170608
1180921856,3383,GW170608
1180921856,3384,GW170608
1180921856,3385,GW170608
1180921856,3386,GW170608
1180921856,3387,GW170608
1180921856,3388,GW170608
1180921856,3389,GW170608
1180921856,3390,GW170608
1180921856,3391,GW170608
1180921856,3392,GW170608
1180921856,3393,GW170608
1180921856,3394,GW170608
1180921856,3395,GW170608
1180921856,3396,GW170608
1180921856,3397,GW170608
1180921856,3398,GW170608
1180921856,3399,GW170608
1180921856,3400,GW170608
1180921856,3401,GW170608
1180921856,3402,GW170608
1180921856,3403,GW170608
1180921856,3404,GW170608
1180921856,3405,GW170608
1180921856,3406,GW170608
1180921856,3407,GW170608
1180921856,3408,GW170608
1180921856,3409,GW170608
1180921856,3410,GW170608
1180921856,3411,GW170608
1180921856,3412,GW170608
1180921856,3413,GW170608
1180921856,3414,GW170608
1180921856,3415,GW170608
1180921856,3416,GW170608
1180921856,3417,GW170608
1180921856,3418,GW170608
1180921856,3419,GW170608
1180921856,3420,GW170608
1180921856,3421,GW170608
1180921856,3422,GW170608
1180921856,3423,GW170608
1180921856,3424,GW170608
1180921856,3425,GW170608
1180921856,3426,GW170608
1180921856,3427,GW170608
1180921856,3428,GW170608
1180921856,3429,GW170608
1180921856,3430,GW170608
1180921856,3431,GW170608
1180921856,3432,GW170608
1180921856,3433,GW170608
1180921856,3434,GW170608
1180921856,3435,GW170608
1180921856,3436,GW170608
1180921856,3437,GW170608
1180921856,3438,GW170608
1180921856,3439,GW170608
1180921856,3440,GW170608
1180921856,3441,GW170608
1180921856,3442,GW170608
1180921856,3443,GW170608
1180921856,3444,GW170608
1180921856,3445,GW170608
1180921856,3446,GW170608
1180921856,3447,GW170608
1180921856,3448,GW170608
1180921856,3449,GW170608
1180921856,3450,GW170608
1180921856,3451,GW170608
1180921856,3452,GW170608
1180921856,3453,GW170608
1180921856,3454,GW170608
1180921856,3455,GW170608
1180921856,3456,GW170608
1180921856,3457,GW170608
1180921856,3458,GW170608
1180921856,3459,GW170608
1180921856,3460,GW170608
1180921856,3461,GW170608
1180921856,3462,GW170608
1180921856,3463,GW170608
1180921856,3464,GW170608
1180921856,3465,GW170608
1180921856,3466,GW170608
1180921856,3467,GW170608
1180921856,3468,GW170608
1180921856,3469,GW170608
1180921856,3470,GW170608
1180921856,3471,GW170608
1180921856,3472,GW170608
1180921856,3473,GW170608
1180921856,3474,GW170608
1180921856,3475,GW170608
1180921856,3476,GW170608
1180921856,3477,GW170608
1180921856,3478,GW170608
1180921856,3479,GW170608
1180921856,3480,GW170608
1180921856,3481,GW170608
1180921856,3482,GW170608
1180921856,3483,GW170608
1180921856,3484,GW170608
1180921856,3485,GW170608
1180921856,3486,GW170608
1180921856,3487,GW170608
1180921856,3488,GW170608
1180921856,3489,GW170608
1180921856,3490,GW170608
1180921856,3491,GW170608
1180921856,3492,GW170608
1180921856,3493,GW170608
1180921856,3494,GW170608
1180921856,3495,GW170608
1180921856,3496,GW170608
1180921856,3497,GW170608
1180921856,3498,GW170608
1180921856,3499,GW170608
1180921856,3500,GW170608
1180921856,3501,GW170608
1180921856,3502,GW170608
1180921856,3503,GW170608
1180921856,3504,GW170608
1180921856,3505,GW170608
1180921856,3506,GW170608
1180921856,3507,GW170608
1180921856,3508,GW170608
1180921856,3509,GW170608
1180921856,3510,GW170608
1180921856,3511,GW170608
1180921856,3512,GW170608
1180921856,3513,GW170608
1180921856,3514,GW170608
1180921856,3515,GW170608
1180921856,3516,GW170608
1180921856,3517,GW170608
1180921856,3518,GW170608
1180921856,3519,GW170608
1180921856,3520,GW170608
1180921856,3521,GW170608
1180921856,3522,GW170608
1180921856,3523,GW170608
1180921856,3524,GW170608
1180921856,3525,GW170608
1180921856,3526,GW170608
1180921856,3527,GW170608
1180921856,3528,GW170608
1180921856,3529,GW170608
1180921856,3530,GW170608
1180921856,3531,GW170608
1180921856,3532,GW170608
1180921856,3533,GW170608
1180921856,3534,GW170608
1180921856,3535,GW170608
1180921856,3536,GW170608
1180921856,3537,GW170608
1180921856,3538,GW170608
1180921856,3539,GW170608
1180921856,3540,GW170608
1180921856,3541,GW170608
1180921856,3542,GW170608
1180921856,3543,GW170608
1180921856,3544,GW170608
1180921856,3545,GW170608
1180921856,3546,GW170608
1180921856,3547,GW170608
1180921856,3548,GW170608
1180921856,3549,GW170608
1180921856,3550,GW170608
1180921856,3551,GW170608
1180921856,3552,GW170608
1180921856,3553,GW170608
1180921856,3554,GW170608
1180921856,3555,GW170608
1180921856,3556,GW170608
1180921856,3557,GW170608
1180921856,3558,GW170608
1180921856,3559,GW170608
1180921856,3560,GW170608
1180921856,3561,GW170608
1180921856,3562,GW170608
1180921856,3563,GW170608
1180921856,3564,GW170608
1180921856,3565,GW170608
1180921856,3566,GW170608
1180921856,3567,GW170608
1180921856,3568,GW170608
1180921856,3569,GW170608
1180921856,3570,GW170608
1180921856,3571,GW170608
1180921856,3572,GW170608
1180921856,3573,GW170608
1180921856,3574,GW170608
1180921856,3575,GW170608
1180921856,3576,GW170608
1180921856,3577,GW170608
1180921856,3578,GW170608
1180921856,3579,GW170608
1180921856,3580,GW170608
1180921856,3581,GW170608
1180921856,3582,GW170608
1180921856,3583,GW170608
1180921856,3584,GW170608
1180921856,3585,GW170608
1180921856,3586,GW170608
1180921856,3587,GW170608
1180921856,3588,GW170608
1180921856,3589,GW170608
1180921856,3590,GW170608
1180921856,3591,GW170608
1180921856,3592,GW170608
1180921856,3593,GW170608
1180921856,3594,GW170608
1180921856,3595,GW170608
1180921856,3596,GW170608
1180921856,3597,GW170608
1180921856,3598,GW170608
1180921856,3599,GW170608
1180921856,3600,GW170608
1180921856,3601,GW170608
1180921856,3602,GW170608
1180921856,3603,GW170608
1180921856,3604,GW170608
1180921856,3605,GW170608
1180921856,3606,GW170608
1180921856,3607,GW170608
1180921856,3608,GW170608
1180921856,3609,GW170608
1180921856,3610,GW170608
1180921856,3611,GW170608
1180921856,3612,GW170608
1180921856,3613,GW170608
1180921856,3614,GW170608
1180921856,3615,GW170608
1180921856,3616,GW170608
1180921856,3617,GW170608
1180921856,3618,GW170608
1180921856,3619,GW170608
1180921856,3620,GW170608
1180921856,3621,GW170608
1180921856,3622,GW170608
1180921856,3623,GW170608
1180921856,3624,GW170608
1180921856,3625,GW170608
1180921856,3626,GW170608
1180921856,3627,GW170608
1180921856,3628,GW170608
1180921856,3629,GW170608
1180921856,3630,GW170608
1180921856,3631,GW170608
1180921856,3632,GW170608
1180921856,3633,GW170608
1180921856,3634,GW170608
1180921856,3635,GW170608
1180921856,3636,GW170608
1180921856,3637,GW170608
1180921856,3638,GW170608
1180921856,3639,GW170608
1180921856,3640,GW170608
1180921856,3641,GW170608
1180921856,3642,GW170608
1180921856,3643,GW170608
1180921856,3644,GW170608
1180921856,3645,GW170608
1180921856,3646,GW170608
1180921856,3647,GW170608
1180921856,3648,GW170608
1180921856,3649,GW170608
1180921856,3650,GW170608
1180921856,3651,GW170608
1180921856,3652,GW170608
1180921856,3653,GW170608
1180921856,3654,GW170608
1180921856,3655,GW170608
1180921856,3656,GW170608
1180921856,3657,GW170608
1180921856,3658,GW170608
1180921856,3659,GW170608
1180921856,3660,GW170608
1180921856,3661,GW170608
1180921856,3662,GW170608
1180921856,3663,GW170608
1180921856,3664,GW170608
1180921856,3665,GW170608
1180921856,3666,GW170608
1180921856,3667,GW170608
1180921856,3668,GW170608
1180921856,3669,GW170608
1180921856,3670,GW170608
1180921856,3671,GW170608
1180921856,3672,GW170608
1180921856,3673,GW170608
1180921856,3674,GW170608
1180921856,3675,GW170608
1180921856,3676,GW170608
1180921856,3677,GW170608
1180921856,3678,GW170608
1180921856,3679,GW170608
1180921856,3680,GW170608
1180921856,3681,GW170608
1180921856,3682,GW170608
1180921856,3683,GW170608
1180921856,3684,GW170608
1180921856,3685,GW170608
1180921856,3686,GW170608
1180921856,3687,GW170608
1180921856,3688,GW170608
1180921856,3689,GW170608
1180921856,3690,GW170608
1180921856,3691,GW170608
1180921856,3692,GW170608
1180921856,3693,GW170608
1180921856,3694,GW170608
1180921856,3695,GW170608
1180921856,3696,GW170608
1180921856,3697,GW170608
1180921856,3698,GW170608
1180921856,3699,GW170608
1180921856,3700,GW170608
1180921856,3701,GW170608
1180921856,3702,GW170608
1180921856,3703,GW170608
1180921856,3704,GW170608
1180921856,3705,GW170608
1180921856,3706,GW170608
1180921856,3707,GW170608
1180921856,3708,GW170608
1180921856,3709,GW170608
1180921856,3710,GW170608
1180921856,3711,GW170608
1180921856,3712,GW170608
1180921856,3713,GW170608
1180921856,3714,GW170608
1180921856,3715,GW170608
1180921856,3716,GW170608
1180921856,3717,GW170608
1180921856,3718,GW170608
1180921856,3719,GW170608
1180921856,3720,GW170608
1180921856,3721,GW170608
1180921856,3722,GW170608
1180921856,3723,GW170608
1180921856,3724,GW170608
1180921856,3725,GW170608
1180921856,3726,GW170608
1180921856,3727,GW170608
1180921856,3728,GW170608
1180921856,3729,GW170608
1180921856,3730,GW170608
1180921856,3731,GW170608
1180921856,3732,GW170608
1180921856,3733,GW170608
1180921856,3734,GW170608
1180921856,3735,GW170608
1180921856,3736,GW170608
1180921856,3737,GW170608
1180921856,3738,GW170608
1180921856,3739,GW170608
1180921856,3740,GW170608
1180921856,3741,GW170608
1180921856,3742,GW170608
1180921856,3743,GW170608
1180921856,3744,GW170608
1180921856,3745,GW170608
1180921856,3746,GW170608
1180921856,3747,GW170608
1180921856,3748,GW170608
1180921856,3749,GW170608
1180921856,3750,GW170608
1180921856,3751,GW170608
1180921856,3752,GW170608
1180921856,3753,GW170608
1180921856,3754,GW170608
1180921856,3755,GW170608
1180921856,3756,GW170608
1180921856,3757,GW170608
1180921856,3758,GW170608
1180921856,3759,GW170608
1180921856,3760,GW170608
1180921856,3761,GW170608
1180921856,3762,GW170608
1180921856,3763,GW170608
1180921856,3764,GW170608
1180921856,3765,GW170608
1180921856,3766,GW170608
1180921856,3767,GW170608
1180921856,3768,GW170608
1180921856,3769,GW170608
1180921856,3770,GW170608
1180921856,3771,GW170608
1180921856,3772,GW170608
1180921856,3773,GW170608
1180921856,3774,GW170608
1180921856,3775,GW170608
1180921856,3776,GW170608
1180921856,3777,GW170608
1180921856,3778,GW170608
1180921856,3779,GW170608
1180921856,3780,GW170608
1180921856,3781,GW170608
1180921856,3782,GW170608
1180921856,3783,GW170608
1180921856,3784,GW170608
1180921856,3785,GW170608
1180921856,3786,GW170608
1180921856,3787,GW170608
1180921856,3788,GW170608
1180921856,3789,GW170608
1180921856,3790,GW170608
1180921856,3791,GW170608
1180921856,3792,GW170608
1180921856,3793,GW170608
1180921856,3794,GW170608
1180921856,3795,GW170608
1180921856,3796,GW170608
1180921856,3797,GW170608
1180921856,3798,GW170608
1180921856,3799,GW170608
1180921856,3800,GW170608
1180921856,3801,GW170608
1180921856,3802,GW170608
1180921856,3803,GW170608
1180921856,3804,GW170608
1180921856,3805,GW170608
1180921856,3806,GW170608
1180921856,3807,GW170608
1180921856,3808,GW170608
1180921856,3809,GW170608
1180921856,3810,GW170608
1180921856,3811,GW170608
1180921856,3812,GW170608
1180921856,3813,GW170608
1180921856,3814,GW170608
1180921856,3815,GW170608
1180921856,3816,GW170608
1180921856,3817,GW170608
1180921856,3818,GW170608
1180921856,3819,GW170608
1180921856,3820,GW170608
1180921856,3821,GW170608
1180921856,3822,GW170608
1180921856,3823,GW170608
1180921856,3824,GW170608
1180921856,3825,GW170608
1180921856,3826,GW170608
1180921856,3827,GW170608
1180921856,3828,GW170608
1180921856,3829,GW170608
1180921856,3830,GW170608
1180921856,3831,GW170608
1180921856,3832,GW170608
1180921856,3833,GW170608
1180921856,3834,GW170608
1180921856,3835,GW170608
1180921856,3836,GW170608
1180921856,3837,GW170608
1180921856,3838,GW170608
1180921856,3839,GW170608
1180921856,3840,GW170608
1180921856,3841,GW170608
1180921856,3842,GW170608
1180921856,3843,GW170608
1180921856,3844,GW170608
1180921856,3845,GW170608
1180921856,3846,GW170608
1180921856,3847,GW170608
1180921856,3848,GW170608
1180921856,3849,GW170608
1180921856,3850,GW170608
1180921856,3851,GW170608
1180921856,3852,GW170608
1180921856,3853,GW170608
1180921856,3854,GW170608
1180921856,3855,GW170608
1180921856,3856,GW170608
1180921856,3857,GW170608
1180921856,3858,GW170608
1180921856,3859,GW170608
1180921856,3860,GW170608
1180921856,3861,GW170608
1180921856,3862,GW170608
1180921856,3863,GW170608
1180921856,3864,GW170608
1180921856,3865,GW170608
1180921856,3866,GW170608
1180921856,3867,GW170608
1180921856,3868,GW170608
1180921856,3869,GW170608
1180921856,3870,GW170608
1180921856,3871,GW170608
1180921856,3872,GW170608
1180921856,3873,GW170608
1180921856,3874,GW170608
1180921856,3875,GW170608
1180921856,3876,GW170608
1180921856,3877,GW170608
1180921856,3878,GW170608
1180921856,3879,GW170608
1180921856,3880,GW170608
1180921856,3881,GW170608
1180921856,3882,GW170608
1180921856,3883,GW170608
1180921856,3884,GW170608
1180921856,3885,GW170608
1180921856,3886,GW170608
1180921856,3887,GW170608
1180921856,3888,GW170608
1180921856,3889,GW170608
1180921856,3890,GW170608
1180921856,3891,GW170608
1180921856,3892,GW170608
1180921856,3893,GW170608
1180921856,3894,GW170608
1180921856,3895,GW170608
1180921856,3896,GW170608
1180921856,3897,GW170608
1180921856,3898,GW170608
1180921856,3899,GW170608
1180921856,3900,GW170608
1180921856,3901,GW170608
1180921856,3902,GW170608
1180921856,3903,GW170608
1180921856,3904,GW170608
1180921856,3905,GW170608
1180921856,3906,GW170608
1180921856,3907,GW170608
1180921856,3908,GW170608
1180921856,3909,GW170608
1180921856,3910,GW170608
1180921856,3911,GW170608
1180921856,3912,GW170608
1180921856,3913,GW170608
1180921856,3914,GW170608
1180921856,3915,GW170608
1180921856,3916,GW170608
1180921856,3917,GW170608
1180921856,3918,GW170608
1180921856,3919,GW170608
1180921856,3920,GW170608
1180921856,3921,GW170608
1180921856,3922,GW170608
1180921856,3923,GW170608
1180921856,3924,GW170608
1180921856,3925,GW170608
1180921856,3926,GW170608
1180921856,3927,GW170608
1180921856,3928,GW170608
1180921856,3929,GW170608
1180921856,3930,GW170608
1180921856,3931,GW170608
1180921856,3932,GW170608
1180921856,3933,GW170608
1180921856,3934,GW170608
1180921856,3935,GW170608
1180921856,3936,GW170608
1180921856,3937,GW170608
1180921856,3938,GW170608
1180921856,3939,GW170608
1180921856,3940,GW170608
1180921856,3941,GW170608
1180921856,3942,GW170608
1180921856,3943,GW170608
1180921856,3944,GW170608
1180921856,3945,GW170608
1180921856,3946,GW170608
1180921856,3947,GW170608
1180921856,3948,GW170608
1180921856,3949,GW170608
1180921856,3950,GW170608
1180921856,3951,GW170608
1180921856,3952,GW170608
1180921856,3953,GW170608
1180921856,3954,GW170608
1180921856,3955,GW170608
1180921856,3956,GW170608
1180921856,3957,GW170608
1180921856,3958,GW170608
1180921856,3959,GW170608
1180921856,3960,GW170608
1180921856,3961,GW170608
1180921856,3962,GW170608
1180921856,3963,GW170608
1180921856,3964,GW170608
1180921856,3965,GW170608
1180921856,3966,GW170608
1180921856,3967,GW170608
1180921856,3968,GW170608
1180921856,3969,GW170608
1180921856,3970,GW170608
1180921856,3971,GW170608
1180921856,3972,GW170608
1180921856,3973,GW170608
1180921856,3974,GW170608
1180921856,3975,GW170608
1180921856,3976,GW170608
1180921856,3977,GW170608
1180921856,3978,GW170608
1180921856,3979,GW170608
1180921856,3980,GW170608
1180921856,3981,GW170608
1180921856,3982,GW170608
1180921856,3983,GW170608
1180921856,3984,GW170608
1180921856,3985,GW170608
1180921856,3986,GW170608
1180921856,3987,GW170608
1180921856,3988,GW170608
1180921856,3989,GW170608
1180921856,3990,GW170608
1180921856,3991,GW170608
1180921856,3992,GW170608
1180921856,3993,GW170608
1180921856,3994,GW170608
1180921856,3995,GW170608
1180921856,3996,GW170608
1180921856,3997,GW170608
1180921856,3998,GW170608
1180921856,3999,GW170608
1180921856,4000,GW170608
1180921856,4001,GW170608
1180921856,4002,GW170608
1180921856,4003,GW170608
1180921856,4004,GW170608
1180921856,4005,GW170608
1180921856,4006,GW170608
1180921856,4007,GW170608
1180921856,4008,GW170608
1180921856,4009,GW170608
1180921856,4010,GW170608
1180921856,4011,GW170608
1180921856,4012,GW170608
1180921856,4013,GW170608
1180921856,4014,GW170608
1180921856,4015,GW170608
1180921856,4016,GW170608
1180921856,4017,GW170608
1180921856,4018,GW170608
1180921856,4019,GW170608
1180921856,4020,GW170608
1180921856,4021,GW170608
1180921856,4022,GW170608
1180921856,4023,GW170608
1180921856,4024,GW170608
1180921856,4025,GW170608
1180921856,4026,GW170608
1180921856,4027,GW170608
1180921856,4028,GW170608
1180921856,4029,GW170608
1180921856,4030,GW170608
1180921856,4031,GW170608
1180921856,4032,GW170608
1180921856,4033,GW170608
1180921856,4034,GW170608
1180921856,4035,GW170608
1180921856,4036,GW170608
1180921856,4037,GW170608
1180921856,4038,GW170608
1180921856,4039,GW170608
1180921856,4040,GW170608
1180921856,4041,GW170608
1180921856,4042,GW170608
1180921856,4043,GW170608
1180921856,4044,GW170608
1180921856,4045,GW170608
1180921856,4046,GW170608
1180921856,4047,GW170608
1180921856,4048,GW170608
1180921856,4049,GW170608
1180921856,4050,GW170608
1180921856,4051,GW170608
1180921856,4052,GW170608
1180921856,4053,GW170608
1180921856,4054,GW170608
1180921856,4055,GW170608
1180921856,4056,GW170608
1180921856,4057,GW170608
1180921856,4058,GW170608
1180921856,4059,GW170608
1180921856,4060,GW170608
1180921856,4061,GW170608
1180921856,4062,GW170608
1180921856,4063,GW170608
1180921856,4064,GW170608
1180921856,4065,GW170608
1180921856,4066,GW170608
1180921856,4067,GW170608
1180921856,4068,GW170608
1180921856,4069,GW170608
1180921856,4070,GW170608
1180921856,4071,GW170608
1180921856,4072,GW170608
1180921856,4073,GW170608
1180921856,4074,GW170608
1180921856,4075,GW170608
1180921856,4076,GW170608
1180921856,4077,GW170608
1180921856,4078,GW170608
1180921856,4079,GW170608
1180921856,4080,GW170608
1180921856,4081,GW170608
1180921856,4082,GW170608
1180921856,4083,GW170608
1180921856,4084,GW170608
1180921856,4085,GW170608
1180921856,4086,GW170608
1180921856,4087,GW170608
1180921856,4088,GW170608
1180921856,4089,GW170608
1180921856,4090,GW170608
1180921856,4091,GW170608
1180921856,4092,GW170608
1180921856,4093,GW170608
1180921856,4094,GW170608
1180921856,4095,GW170608
